item_cubso,etiqueta,apariciones
15101505,DIESEL B5 S-50,5093
72141003,SERVICIO DE MANTENIMIENTO RUTINARIO DE CAMINOS,4073
80101505,SERVICIO DE SEGUIMIENTO Y MONITOREO DE ACTIVIDADES DE CAMPO,3142
30111601,CEMENTO PORTLAND PUZOLANICO TIPO IP X 42.50 kg,2812
92101501,SERVICIO DE SEGURIDAD Y VIGILANCIA,2805
50131702,LECHE EVAPORADA ENTERA X 400 g  APROX.,2264
80131502,SERVICIO DE ALQUILER DE INMUEBLE,1922
72141001,CONSTRUCCION DE CALLES CON PAVIMENTO,1367
72121403,SERVICIO DE MANTENIMIENTO DE INFRAESTRUCTURA DE CENTROS DE SALUD,1315
72141505,SERVICIO DE DESCOLMATACION DE RIOS DRENES Y QUEBRADAS,937
72121406,CONSTRUCCION DE CENTROS EDUCATIVOS,855
91111603,SERVICIO DE CONCESIONARIO (A) DE ALIMENTOS,833
81101510,SUPERVISION DE OBRA DE CONSTRUCCION DE CALLES Y SIMILARES,822
25101507,CAMIONETA PICK UP CABINA DOBLE 4 X 4,765
72141107,CONSTRUCCION DE PUENTE CARROZABLE,761
72153102,CONSTRUCCION DE LOSA DEPORTIVA,739
82101603,SERVICIO DE PUBLICIDAD EN PAGINA WEB,703
82121504,SERVICIO DE IMPRESIONES EN PAPEL,636
81101515,ELABORACION DE EXPEDIENTE TECNICO DE OBRA PARA AMPLIACION DE SISTEMA DE AGUA POTABLE Y ALCANTARILLADO,615
81101505,SUPERVISION DE OBRA DE CONSTRUCCION DE PUENTES,573
78101805,SERVICIO DE ALQUILER DE CAMION VOLQUETE,567
81101508,ELABORACION DE EXPEDIENTE TECNICO DE OBRA PARA AMPLIACION DE CENTROS EDUCATIVOS,557
72141701,SERVICIO DE ALQUILER DE EXCAVADORA HIDRAULICA SOBRE ORUGA,549
72141106,CONSTRUCCION DE CAMINO VECINAL,538
50192109,"HOJUELA DE AVENA, QUINUA Y KIWICHA PRECOCIDA ENRIQUECIDA CON VITAMINAS Y MINERALES",522
53102799,UNIFORME PARA EL PERSONAL ADMINISTRATIVO,488
80101604,CONSULTORIA PARA ELABORACION DE PERFIL DE PROYECTO DE INVERSION PUBLICA,466
15101506,GASOHOL REGULAR,457
92101805,SERVICIO DE PATROCINIO LEGAL EN PROCESOS JUDICIALES,450
72141128,CONSTRUCCION DE PARQUES Y PLAZAS,437
72121101,CONSTRUCCION DE LOCAL COMUNAL,419
50221108,ARROZ PILADO SUPERIOR,409
30121803,CESPED SINTETICO X 4 m DE ANCHO,408
72141121,AMPLIACION DE SISTEMA DE AGUA POTABLE Y DE SISTEMA DE ALCANTARILLADO,406
72121103,SERVICIO DE MANTENIMIENTO DE INFRAESTRUCTURA DE OFICINAS,403
72121102,SERVICIO DE FABRICACION DE TECHO DE ESTRUCTURA METALICA,394
78111808,SERVICIO DE ALQUILER DE CAMIONETA,389
72121203,CONSTRUCCION DE CANALES DE RIEGO,373
30102403,BARRA PARA CONSTRUCCION DE 1/2 in GRADO 60,355
76111501,SERVICIO DE LIMPIEZA DE AREAS ADMINISTRATIVAS U OFICINAS.,328
77101805,SERVICIO DE EVALUACION EN TEMAS AMBIENTALES,309
83111603,SERVICIO DE TELEFONIA MOVILES (CELULAR),309
78101802,SERVICIO DE TRANSPORTE DE CARGA TERRESTRE NACIONAL,301
50192703,VALE DE CONSUMO DE ALIMENTOS,299
72152707,CONSTRUCCION DE MUROS DE CONTENCION,293
50221101,HOJUELA DE CEREAL Y/O LEGUMINOSAS ENRIQUECIDO,287
80101511,"CONSULTORIA DE ELABORACION DE DISEÑO, VALIDACION Y EVALUACION DE INSTRUMENTOS DE MONITOREO PARA DESARROLLO DE CAPACIDADES",283
91111601,SERVICIO DE LIMPIEZA Y FUMIGACIÓN DE LOCAL,282
50151513,ACEITE VEGETAL COMESTIBLE,279
78102203,SERVICIO DE MENSAJERIA A NIVEL NACIONAL,260
84131605,SEGURO COMPLEMENTARIO DE TRABAJO DE RIESGO - SCTR,259
72152605,CONSTRUCCION DE COBERTURA CON PLANCHA METALICA PARA CAMPO DEPORTIVO,250
72154013,CONSTRUCCION DE CERCO PERIMETRICO,247
11111701,ARENA GRUESA,241
78111802,SERVICIO DE TRANSPORTE TERRESTRE DE PERSONAS,238
83121703,SERVICIO DE INTERNET IP,235
30111503,HORMIGON,226
85121504,SERVICIO DE ATENCION AMBULATORIA INTEGRAL (CON FARMACIA Y LABORATORIO) DEL PACIENTE CON ENFERMEDAD RENAL CRONICA ESTADIO 5 EN HEMODIALISIS,226
82101602,SERVICIO DE PUBLICIDAD TELEVISIVA,223
82101801,SERVICIO DE PUBLICIDAD EN MEDIOS DE COMUNICACION,221
22101509,RETROEXCAVADORA DE 0.3 m3 Y 1.1 m3,219
72153103,CONSTRUCCION DE COMPLEJOS RECREACIONALES,215
86121701,SERVICIO DE ENSEÑANZA UNIVERSITARIA,195
25101914,CAMION COMPACTADOR DE BASURA DE 5 m3,194
95101901,TERRENO RURAL,193
85101503,SERVICIO DE ATENCIONES MEDICAS ESPECIALIZADAS,180
25101601,CAMION VOLQUETE DE 15 m3,179
84131601,SEGURO DE VIDA LEY,179
82121599,SERVICIO DE IMPRESIONES EN GENERAL,176
81141807,SUPERVISION DE OBRA DE MEJORAMIENTO Y AMPLIACION DEL SISTEMA DE AGUA POTABLE Y ALCANTARILLADO,175
50221102,MEZCLA FORTIFICADA DE HARINA DE CEREALES Y LEGUMINOSAS,170
41115804,HEMOGRAMA AUTOMATIZADO DIFERENCIAL 5 ESTIRPES y 25 PARAMETROS PARA USO DE LABORATORIO CLINICO,166
82101601,SERVICIO DE PUBLICIDAD RADIOFONICA,164
95101505,TERRENO URBANO,161
50161509,AZUCAR RUBIA DOMESTICA,160
86141501,SERVICIO DE ACOMPAÑAMIENTO Y SOPORTE TECNICO PEDAGOGICO,159
30111505,CONCRETO PREMEZCLADO FC 210 kg/cm2 CON CEMENTO TIPO IP Y PIEDRA DE 3/4 in,158
85161502,SERVICIO DE MANTENIMIENTO CORRECTIVO DE EQUIPOS BIOMEDICOS,158
76122003,"SERVICIO DE DISPOSICION FINAL DE RESIDUOS SOLIDOS  HOSPITALARIOS (RECOJO, TRANSPORTE, TRATAMIENTO)",149
77111602,SERVICIO DE RECOLECCION Y TRANSPORTE DE RESIDUOS SOLIDOS,148
78141501,SERVICIO DE TRANSPORTE DE TEXTOS ESCOLARES Y MATERIAL EDUCATIVO,148
81101701,SUPERVISION DE OBRA DE CONSTRUCCION DE REDES DE DISTRIBUCION ELECTRICA AEREA DE MEDIA TENSION Y BAJA TENSION,148
84131512,SEGURO DE BIENES PATRIMONIALES,148
72141103,PAVIMENTACION DE CALLES Y SIMILARES,147
84111507,SERVICIO DE INVENTARIO DE BIENES PATRIMONIALES,147
55121802,TARJETA ELECTRONICA PARA CONSUMO DE ALIMENTOS,144
25131705,VEHICULO AEREO NO TRIPULADO-DRONE,142
73152101,SERVICIO DE MANTENIMIENTO CORRECTIVO PARA LA PLANTA DE OXIGENO,141
83101508,SERVICIO DE ABASTECIMIENTO DE AGUA POTABLE EN CAMIONES CISTERNA,141
22101526,EXCAVADORA HIDRAULICA SOBRE ORUGA DE 1.0 m3,134
82101701,SERVICIO DE PUBLICIDAD EN PANELES,133
15111510,GAS LICUADO DE PETROLEO EN BALON DE 45 kg,128
72152602,CONSTRUCCION DE SISTEMAS DE DRENAJE PLUVIAL,126
40171517,TUBERIA PVC SAP DIAMETRO DE 3/4 in X 5 m CLASE 10 CON ROSCA,124
72121408,CONSTRUCCION DE ESTADIOS DEPORTIVOS,124
72141120,CONSTRUCCION DE SISTEMA DE ALCANTARILLADO,123
72151302,SERVICIO DE PINTADO DE EXTERIORES DE EDIFICACIONES,122
30121601,ASFALTO LIQUIDO CUT-BACK GRADO MC-30,121
41115806,"CARTUCHO PARA ANALIZADOR DE GASES ARTERIALES, ELECTROLITOS Y METABOLITOS",121
80111509,SERVICIO DE SUPERVISION DE DESCOLMATACION DE RIOS DRENES Y QUEBRADAS,121
22101502,MOTONIVELADORA CON HOJA DE 4.3 m,120
84121806,SERVICIO DE TRANSPORTE DE VALORES,117
12141904,OXIGENO,114
30121702,GEOMEMBRANA DE HDPE DE 1.5 mm,113
80141607,SERVICIO DE PRODUCCION Y REALIZACION DE EVENTOS,113
85101707,SERVICIO DE EVALUACION MEDICA OCUPACIONAL,113
78102101,SERVICIO DE TRANSPORTE TERRESTRE DE COMBUSTIBLE,109
30111801,MATERIAL GRANULAR PARA AFIRMADO TIPO A-1,108
25191522,REPUESTOS DE SISTEMA DE ESTRUCTURAS DE AERONAVE,107
25101901,TRACTOR AGRICOLA DE 150 HP,104
90111501,SERVICIO DE ALOJAMIENTO,104
30131507,ADOQUIN DE CONCRETO VEHICULAR LIGERO DE 20 cm x 10 cm x 8 cm,103
80101601,SERVICIO DE CONSULTORIA P/ELABORACION DE ESTUDIO PRE INVERSION NIVEL DE PERFIL Y FACTIBILIDAD,101
84131503,SEGURO DE VEHICULO,100
90121701,SERVICIO DE OPERADOR TURISTICO,100
85121801,SERVICIO DE HEMODIALISIS AMBULATORIA,99
76122001,"SERVICIO DE DISPOSICION FINAL DE RESIDUOS SOLIDOS (RECOJO, TRANSPORTE, TRATAMIENTO)",98
80111501,SERVICIO DE INTERMEDIACION LABORAL,98
84121701,SERVICIO DE ASISTENCIA TECNICA Y ASESORAMIENTO EN FORMULACION DE PROYECTOS INVERSION PUBLICA,97
72151502,CONSTRUCCION DE REDES DE DISTRIBUCION ELECTRICA DE MEDIA TENSION Y BAJA TENSION,95
80121609,CONSULTORIA LEGAL EN TEMAS ADMINISTRATIVOS,95
76101602,SERVICIO DE ELIMINACION DE DESMONTE,94
72141503,SERVICIO DE PERFORACION Y VOLADURA DE ROCAS FIJA,93
80101509,CONSULTORIA PARA ELABORACION DE ESTUDIO DE BRECHAS DE SERVICIOS BASICOS SECTOR EDUCACION,93
25101801,MOTOCICLETA DE 150 cm3,91
47101538,BIODIGESTOR DE POLIETILENO DE 600 l,91
72141508,SERVICIO DE VOLADURA DE ROCAS,91
84131603,SEGURO DE ACCIDENTES PERSONALES,91
50131701,LECHE ENTERA SIN LACTOSA X 410 g APROX,89
51191602,"SODIO CLORURO 0,9 % (900 mg/100 mL) INY 1 L",89
76111505,SERVICIO DE LAVADO Y PLANCHADO DE ROPA HOSPITALARIA,89
82101802,SERVICIO DE PRODUCCION DE EVENTOS DE PROMOCION,88
80171802,SERVICIO DE AGENCIA DE RELACIONES PUBLICAS,87
21102006,PICADORA DE FORRAJE,86
50424501,LENTEJA CALIDAD SUPERIOR,86
72121407,AMPLIACION DE INFRAESTRUCTURA DE CEMENTERIO,86
81151604,SERVICIO DE LEVANTAMIENTO CATASTRAL,86
11111611,PIEDRA LAJA,85
93131608,SERVICIO DE ENTREGA DOMICILIARIA DE VALE POR CONSUMO DE ALIMENTOS,85
25101610,CAMION CISTERNA DE 5000 gal,84
81112102,SERVICIO DE CORREO ELECTRONICO Y HERRAMIENTAS DE COLABORACION EN LA NUBE,84
55101519,SUSCRIPCION DE BASE DE DATOS EN LA NUBE,83
72154010,SERVICIO DE MANTENIMIENTO PREVENTIVO DE ASCENSORES Y SIMILARES,83
11161604,"TELA CASIMIR DE COLOR 1.48 m ANCHO, 70% LANA Y 30% POLYESTER, 200 g/m2",82
70171603,SERVICIO DE LIMPIEZA DEL CAUCE DEL RIO,82
90111503,SERVICIO DE ALOJAMIENTO Y ALIMENTACION,82
24102402,CAMION COMPACTADOR DE BASURA DE 15 m3,81
12352311,SULFATO DE ALUMINIO TIPO A,80
81111502,"SERVICIO DE DESARROLLO, IMPLEMENTACION Y MONITOREO DE SOFTWARE",80
81112006,"SERVICIO DE ALOJAMIENTO, ALMACENAMIENTO Y RESPALDO EN LA NUBE.",80
80101706,SERVICIO DE OPERACIONES LOGISTICAS,79
72121008,SERVICIO DE MANTENIMIENTO DE INFRAESTRUCTURA DE ALMACENES,78
77101505,SERVICIO DE CONTROL POR MONITOREO AMBIENTAL,78
22101528,MINICARGADOR FRONTAL DE 700 Kg,76
10101518,ALPACA HUACAYA MACHO,75
30131602,LADRILLO DE ARCILLA KING KONG DE 10 cm X 14 cm X 24 cm,75
80101513,CONSULTORIA DE ELABORACION DE DIAGNOSTICO DE IMPLEMENTACION PARA GESTION POR PROCESOS,75
82121507,SERVICIO DE IMPRESION DE CUPONERA PARA IMPUESTO PREDIAL,75
42131713,RESPIRADOR DE POLIPROPILENO DESCARTABLE TIPO N-95 SIN VALVULA CON CLIP NASAL Y 2 BANDAS,74
78181507,SERVICIO DE MANTENIMIENTO CORRECTIVO DE CAMIONETA,73
95121511,REMODELACION Y MEJORAMIENTO DE PARQUES Y OTROS,73
30151501,ESTRUCTURA DE ACERO CON COBERTURA DE METAL PARA TECHADO DE CAMPO DEPORTIVO,72
80111616,SERVICIO DE ATENCION AL CLIENTE,72
13101699,CESPED SINTETICO,71
46181502,CHALECO ANTIBALAS,71
80161801,SERVICIO DE ALQUILER DE MAQUINA FOTOCOPIADORA,71
81112002,SERVICIO DE INFORMACION FINANCIERA,71
10171603,FERTILIZANTE FOSFATO DIAMONICO,70
42201712,EQUIPO ECOGRAFO DOPPLER 4D DE COLOR CON BASE RODABLE,70
72153204,SERVICIO DE IMPERMEABILIZACION DE TECHOS,70
80141507,SERVICIO DE TOMA DE ENCUESTAS,70
83111507,SERVICIO DE ATENCION DE LLAMADAS TELEFONICAS - CALL CENTER,70
10121505,HENO DE ALFALFA PARA ALIMENTO DE ANIMALES,69
42181514,HEMOGLOBINOMETRO,69
50131612,HUEVO DE GALLINA CALIDAD PRIMERA,69
80101606,SERVICIO DE SEGUIMIENTO Y MONITOREO DE PROYECTO DE INVERSION PUBLICA,69
86141704,SUSCRIPCION EN LINEA A BIBLIOTECA VIRTUAL,68
81101605,SERVICIO DE SUPERVISION DE MANTENIMIENTO DE EQUIPOS ELECTROMECANICOS,67
83111502,SERVICIO DE TELEFONIA FIJA DIGITAL,67
84131502,SEGURO MULTIRIESGO,67
85161501,SERVICIO DE MANTENIMIENTO CORRECTIVO DE EQUIPOS DE RAYOS X,67
93141808,SERVICIO DE CONTROL Y SEGUIMIENTO MEDICO OCUPACIONAL,67
43221711,EQUIPO DE POSICIONAMIENTO - GPS DIFERENCIAL,66
50202301,AGUA DE MESA SIN GAS X 20 L APROX.,65
72152301,SERVICIO DE CARPINTERIA METALICA PARA FABRICACION DE PARTES DE EDIFICACIONES,65
72154022,SERVICIO DE MANTENIMIENTO DEL SISTEMA DE AGUA POTABLE Y ALCANTARILLADO,65
82121506,SERVICIO DE PUBLICACION DE ARTICULOS CIENTIFICOS EN REVISTA INTERNACIONAL,64
72101510,SERVICIO DE MANTENIMIENTO DE SERVICIOS HIGIENICOS,63
72121505,SERVICIO DE MANTENIMIENTO DE LA PLANTA DE TRATAMIENTO DE AGUAS RESIDUALES,63
80101507,CONSULTORIA PARA IMPLEMENTACION DE SISTEMA INFORMATICO,63
81111602,SERVICIO DE DESARROLLO DE APLICACION JAVA,62
90121502,SERVICIO DE AGENCIAMIENTO DE PASAJES AEREOS INTERNACIONALES,62
42294610,BOLSA COLECTORA DE PVC  X 450 mL CUADRUPLE CON MANITOL PARA SANGRE,61
81111511,SERVICIO DE ANALISIS Y DISEÑO DE SISTEMA INFORMATICO,60
93151603,CONSULTORIA PARA FORMULACION Y SEGUIMIENTO DE PROYECTOS DE INVERSION PUBLICA,60
21102401,COLMENA DE MADERA TIPO LANGSTROTH DE 10 CUADROS,59
22101602,RODILLO COMPACTADOR VIBRATORIO LISO SIMPLE DE 180 cm 10000 Kg,59
80161503,SERVICIO DE DIGITACION,59
12141901,CLORO LIQUIDO,58
72152405,SERVICIO DE INSTALACION Y ACONDICIONAMIENTO DE ESTAND,58
85121803,SERVICIO DE EXAMENES MEDICOS DE LABORATORIO,58
70141707,SERVICIO DE COORDINACION PROFESIONAL PARA EL MEJORAMIENTO DE LA CAPACIDAD TECNICO PRODUCTIVA AGRICOLA,57
70151504,SERVICIO DE ASISTENCIA TECNICA EN ACTIVIDAD FORESTAL,57
73161607,SERVICIO DE ACONDICIONAMIENTO DE AMBIENTES PARA EQUIPOS DE LABORATORIO,57
78101703,SERVICIO DE TRANSPORTE FLUVIAL DE CARGA,57
11111502,TIERRA DE RELLENO,56
72121105,CONSTRUCCION DE MERCADOS,56
72151501,MEJORAMIENTO DE REDES DE ALUMBRADO PUBLICO,56
82121701,SERVICIO DE FOTOCOPIADO,56
50181905,PANETON,55
51384514,NAPROXENO 500 mg TAB,55
10101601,POLLO VIVO,54
72141502,SERVICIO DE CONSULTORIA EN SANEAMIENTO FISICO LEGAL DE INMUEBLES,54
78101807,SERVICIO DE TRANSPORTE DE COMBUSTIBLES,54
93151507,SERVICIO DE ANALISIS FUNCIONAL PARA EL MEJORAMIENTO DE PROCESOS,54
10151704,CESPED AMERICANO - STENOTAPHRUM SECUNDATUM,53
22101522,TRACTOR SOBRE ORUGA CON HOJA DE 3.5 m3,53
43211501,SERVIDOR,53
72141209,"CONSTRUCCION DE MUROS DE CONTENCION, DIQUES Y ESPIGONES",53
72151602,SERVICIO DE CABLEADO ESTRUCTURADO Y CONEXION DE FIBRA OPTICA,53
10171602,FERTILIZANTE SULFATO DE POTASIO SOLIDO AL 50 %,51
12162305,ADITIVO ADHERENTE PARA ASFALTO,51
51201806,INMUNOGLOBULINA HUMANA NORMAL 5 g INY 100 mL,51
72101517,SERVICIO DE MANTENIMIENTO PREVENTIVO DE GRUPO ELECTROGENO,51
72101518,SERVICIO DE ALQUILER DE GRUPO ELECTROGENO,51
72154002,SERVICIO DE INSTALACION DE CESPED SINTETICO,51
78111804,SERVICIO DE MOVILIDAD DE PERSONAL,51
81101509,ELABORACION DE EXPEDIENTE TECNICO DE OBRA PARA PAVIMENTACION DE PISTAS DE ATERRIZAJE,51
12352302,HIPOCLORITO DE CALCIO 65%.,50
25101703,AMBULANCIA RURAL TIPO II CON EQUIPAMIENTO,50
27112014,MOTOGUADAÑA DE 2.0 HP,50
72141204,CONSTRUCCION DE MUELLES Y DEFENSAS DE CONCRETO,50
81112501,SERVICIO DE RENOVACION DE LICENCIA DE SOFTWARE ANTIVIRUS,50
85101508,SERVICIO DE TRASLADO DE PACIENTES EN AMBULANCIA,50
10151605,SEMILLA DE AVENA SATIVA L. CULTIVARES DIVERSOS CLASE NO CERTIFICADA,49
41113309,ENZIMA HEMOGLOBINA GLICOSILADA,49
41114207,ESTACION TOTAL,49
51131508,EPOETINA ALFA 2000 UI INY 1 mL,49
70111713,SERVICIO DE MANTENIMIENTO DE AREAS VERDES,49
72153605,CONSTRUCCION DE SERVICIOS HIGIENICOS,49
80131505,SERVICIO DE ALQUILER DE OFICINA MODULAR,49
81112001,SERVICIO DE INFORMACION EN LINEA DE LOS MERCADOS FINANCIEROS,49
84131607,SEGURO DE RESPONSABILIDAD CIVIL,49
42131608,UNIFORME DE FAENA PARA PERSONAL ASISTENCIAL CABALLERO,48
42271701,OXIGENO GAS MEDICINAL X 1 m3,48
53102706,UNIFORME DE SEGURIDAD DE ALGODON Y POLIESTER TAFETAN 40/2 Ne 16/1 Ne DE 230 g/m2 MANGA LARGA PARA CABALLERO,48
55101524,LIBRO LITERATURA,48
72102103,SERVICIO DE FUMIGACION Y DESINFECCION DE LOCALES,48
72154040,SERVICIO DE INSTALACION DE GEOMEMBRANA DE PVC,48
78101501,SERVICIO DE TRANSPORTE AEREO DE PACIENTES,48
83111510,SERVICIO DE RADIO TRONCALIZADO,48
84121702,CONSULTORIA PARA ELABORACION DE INSTRUMENTO METODOLOGICO DE ESTUDIOS DE PREINVERSION DE PROYECTOS DE INVERSION PUBLICA,48
86131702,CURSO TEORICO PRACTICO EN SIMULADOR DE VUELO,48
25101611,CAMION BARANDA PARA CARGA DE 4 t,47
42132205,GUANTE QUIRURGICO ESTERIL DESCARTABLE Nº 7 1/2,47
72101511,SERVICIO DE INSTALACION DE EQUIPOS DE AIRE ACONDICIONADO,47
80161504,SERVICIO DE ASISTENCIA TECNICA ADMINISTRATIVA,47
81111805,SERVICIO DE SOPORTE Y MANTENIMIENTO DE LICENCIA DE SOFTWARE DE GESTION DE BASE DE DATOS,47
82101504,SERVICIO DE PUBLICACIONES OFICIALES EN DIARIO DE CIRCULACION NACIONAL,47
82131502,SERVICIO DE PRODUCCIONES CINEMATOGRAFICAS,47
85151508,SERVICIO DE ANALISIS NUTRICIONAL DE ALIMENTOS PREPARADOS - MENU,47
15121520,ACEITE LUBRICANTE MULTIUSO,46
30229999,TERRENO RURAL,46
51101611,MEROPENEM 500 mg PLV PARA SOL INY,46
72151605,SERVICIO DE INSTALACION DE CABLEADO ESTRUCTURADO DE RED,46
10121801,ALIMENTO BALANCEADO PARA CANES ADULTOS,44
42191803,CUNA DE CALOR RADIANTE RODABLE PARA RECIEN NACIDO,44
72151508,SERVICIO DE INTERCONEXION DE LA RED DE DATOS ENTRE LOCALES,44
72152705,SERVICIO DE CONSTRUCCION DE VEREDAS,44
78999999,"SERVICIO DE TRANSPORTE, ALMACENAJE, DESPACHO Y CONTROL DE ENTREGA E INVENTARIO DE COMBUSTIBLES",44
80131504,SERVICIO DE CONSTRUCCION DE CAMPAMENTOS,44
86101807,SERVICIO DE SUPERVISIÓN DE REVISIÓN DE EXPEDIENTES,44
42161507,SOLUCION PARA DIALISIS PERITONEAL 2.5 % SOL 2 L,43
51102899,AMOXICILINA +ACIDO CLAVULANICO 500 mg + 125 mg TAB,43
51131503,SULFATO FERROSO 15 mg de Fe/5 mL JBE 180 mL,43
51131909,ALBUMINA HUMANA 20 % (20 g/100 mL) INY 50 mL,43
72111109,SERVICIO DE MANTENIMIENTO DE INFRAESTRUCTURA DE VIVIENDAS,43
81112401,SERVICIO DE ALQUILER DE IMPRESORAS,43
10121507,CEREAL VARIADO PARA ALIMENTO DE ANIMALES,42
30171504,PUERTA DE MADERA AGUANO CONTRAPLACADA BATIENTE DE 1 HOJA,42
41116106,TIRA REACTIVA PARA DETERMINACION GLUCOSA EN SANGRE,42
70171701,SERVICIO DE LIMPIEZA Y APERTURA DE CANALES DE RIEGO,42
72121411,CONSTRUCCION DE INFRAESTRUCTURA TURISTICA,42
72121504,CONSTRUCCION DE PLANTA DE TRATAMIENTO DE RESIDUOS SOLIDOS,42
72152303,SERVICIO DE INSTALACION Y ACONDICIONAMIENTO DE STAND,42
80111601,SERVICIO DE ASISTENCIA TECNICA PARA LA LIBERACION Y ADQUISICION DE INMUEBLES AFECTADOS POR DERECHO DE VIA DE PROYECTOS,42
81112303,SERVICIO DE MANTENIMIENTO PREVENTIVO DE SERVIDOR,42
40183004,TUBERIA PVC UF PN 10 DE 26.5 mm,41
41112504,MEDIDOR DIGITAL DE AGUA POTABLE DE CHORRO MULTIPLE DN 15 mm,41
41115805,"ANALIZADOR DIGITAL DE GASES, ELECTROLITOS Y METABOLITOS EN SANGRE",41
72121501,CONSTRUCCION DE LABORATORIOS,41
72141205,CONSTRUCCION DE SISTEMAS DE DRENAJE PLUVIAL,41
72151514,SERVICIO DE MANTENIMIENTO CORRECTIVO DE GRUPO ELECTROGENO,41
84131513,SERVICIO DE COBERTURA DE SEGUROS DE DAÑOS PERSONALES Y PATRIMONIALES,41
25191502,KIT DE REPUESTOS PARA EL SISTEMA DE ESTRUCTURAS PARA AVION BOEING 737,40
50111515,POLLO ENTERO SIN MENUDENCIA REFRIGERADO,40
70171802,SERVICIO DE DRENAJE DE AGUAS PLUVIALES,40
72102905,SERVICIO DE LIMPIEZA DE TERRENOS,40
72141105,CONSTRUCCION Y/O MEJORAMIENTO DE VEREDAS,40
72141213,CONSTRUCCION DE ENCAUZAMIENTO DE RIOS,40
81141504,SERVICIO DE CALIBRACION DE EQUIPO DE MEDICION Y REGISTRO DE CALIDAD DE TENSION,40
10101507,OVINO CORRIEDALE HEMBRA,39
42131607,MANDIL DE TELA NO TEJIDA DE POLIPROPILENO DESCARTABLE NO ESTERIL DE 40 g/m2 TALLA M PARA USO HOSPITALARIO,39
50424003,ARVEJA PARTIDA CALIDAD SUPERIOR,39
51384627,METAMIZOL SODICO 1 g INY 2 mL,39
72152404,SERVICIO DE CONFECCION E INSTALACION DE ESTRUCTURAS METALICAS,39
81101703,SERVICIO DE CONTRASTE DE MEDIDORES DE ENERGIA ELECTRICA,39
10171504,"COMPOST LIBRE DE EFECTOS FITOTOXICOS PARTICULAS DE 16 mm PH 5,0 A 8,5 PARA USO AGRICOLA",38
51141530,ACIDO VALPROICO 500 mg TAB LIB RET,38
51381701,PARACETAMOL 120 mg/5 mL JBE  60 mL,38
70141701,SERVICIO DE INSTALACION DE VIVERO,38
72121506,SERVICIO DE MANTENIMIENTO DE SUB ESTACION DE MEDIA TENSION,38
72141402,SERVICIO DE MANTENIMIENTO DE INFRAESTRUCTURA DE CENTROS PENITENCIARIOS,38
72154028,"SERVICIO DE SEÑALIZACION DE LA AVENIDA, PISTAS Y SIMILARES",38
41106304,EQUIPO PARA PRUEBA MOLECULAR PCR EN TIEMPO REAL,37
42222008,LINEA PARA BOMBA INFUSORA CON VOLUTROL,37
42295104,ELECTROBISTURI CON DOBLE FRECUENCIA PARA CORTE Y COAGULACION USO QUIRURGICO,37
43211603,DATA SWITCH AUTOMATICO DE 48 PUERTOS,37
53131609,PROTECTOR SOLAR FPS 50,37
72141101,REMODELACION DE PISTA DE ATERRIZAJE ASFALTADA,37
72151802,SERVICIO DE MANTENIMIENTO CORRECTIVO DE CABINAS DE MAQUINARIA PESADA,37
72154402,SERVICIO DE MANTENIMIENTO DE LAS REDES DE AGUA Y DESAGUE,37
72154501,SERVICIO DE MANTENIMIENTO CORRECTIVO DE CARGADOR FRONTAL,37
81112101,SERVICIO DE CONEXION DE INTERNET,37
81151601,SERVICIO DE LEVANTAMIENTO TOPOGRAFICO,37
85101502,SERVICIO DE EXAMENES MEDICOS,37
85151505,SERVICIO DE CONSULTORIA EN ASISTENCIA TECNICA EN PRODUCCION AGRICOLA,37
93151502,SERVICIO DE ADMINISTRACION Y ALMACENAMIENTO DE ARCHIVO,37
40151503,ELECTROBOMBA CENTRIFUGA VERTICAL TRIFASICA DE 10 HP 440 V 25 L/s,36
50421819,HABA ENTERA SECA CALIDAD PRIMERA,36
51101511,AMOXICILINA 250 mg/5 mL SUS 60 mL,36
51171501,CALCIO CARBONATO 1.25 g (EQUIV. 500 mg DE CALCIO) TAB,36
56101519,MESA FIJA DE MADERA,36
72141202,CONSTRUCCION Y MEJORAMIENTO DE CANAL DE RIEGO,36
78131804,SERVICIO DE CUSTODIA DOCUMENTAL DE ARCHIVO,36
78181509,SERVICIO DE AFINAMIENTO DE VEHICULOS,36
85101501,SERVICIO DE ASISTENCIA DE ATENCIONES EN EMERGENCIA,36
23121501,MAQUINA BORDADORA DE 20 cm X 20 cm,35
41103513,CABINA DE SEGURIDAD BIOLOGICA - CAMARA DE BIOSEGURIDAD CLASE II TIPO A2,35
41115807,ANALIZADOR DIGITAL BIOQUIMICO AUTOMATIZADO,35
42203505,CARDIO DESFIBRILADOR CON TERAPIA DE RESINCRONIZACION CARDIACA,35
42272501,MAQUINA DE ANESTESIA ELECTRONICA CON MONITOREO AVANZADO PARA USO HOSPITALARIO,35
51183505,METFORMINA 850 mg TAB,35
72153505,SERVICIO DE MANTENIMIENTO Y LIMPIEZA DE CANAL DE CONTENCION PARA OLEODUCTO,35
72154032,SERVICIO DE FABRICACION DE PUERTAS Y VENTANAS DE MADERA,35
80111502,SERVICIO DE ASESORAMIENTO PARA EL DESARROLLO DEL PACRI,35
84131514,SERVICIO DE GARANTIA EXTENDIDA,35
85101705,SERVICIO DE CONSULTORIA DE GESTION EN SERVICIOS DE SALUD,35
10131601,JAULA DE ACERO INOXIDABLE DE 0.7 m X 10 m X 10 m APROX. PARA PECES,34
25101505,FURGONETA DE 1000 Kg,34
25172504,LLANTAS 205/75 R14,34
31201713,SELLADOR ELASTOMERICO DE JUNTAS A BASE DE POLIURETANO,34
43233205,SOFTWARE (INC. LICENCIA) ANTIVIRUS CORPORATIVO,34
46181531,CHALECO DE DRIL CON CINTA REFLECTIVA,34
51121710,LOSARTAN 50 mg TAB,34
51171707,BISMUTO SUBSALICILATO 87.33 mg/5 mL SUS 150 mL,34
70171710,SERVICIO DE INSTALACION DE SISTEMA DE RIEGO TECNIFICADO PARA CULTIVOS,34
73121601,SERVICIO DE CORTE DE ESTRUCTURAS METALICAS,34
83101808,SERVICIO DE MEDICION Y EVALUACION DE LA CALIDAD DE ENERGIA EN EL SISTEMA ELECTRICO,34
93141701,SERVICIO DE ORGANIZACION DE EVENTOS CULTURALES,34
10171601,FERTILIZANTE UREA AL 46%,33
41116120,EQUIPO DE AFERESIS AUTOMATIZADO CON ANTICOAGULANTE Y SOLUCION DE SODIO POR FLUJO CONTINUO PARA OBTENCION DE PLAQUETAS,33
42132203,GUANTE PARA EXAMEN DESCARTABLE TALLA  M,33
42152205,UNIDAD DENTAL,33
46191505,SISTEMA DE DETECCION CONTRA INCENDIOS,33
48101525,TOSTADORA INDUSTRIAL DE GRANOS DE CACAO,33
72152801,SERVICIO DE INSTALACION DE POZO TUBULAR PARA AGUA,33
77101701,SERVICIO DE ASESORIA EN ACTIVIDADES AGROPECUARIAS,33
78181508,SERVICIO DE MANTENIMIENTO CORRECTIVO DE CAMION,33
81111801,SERVICIO DE SOPORTE Y MANTENIMIENTO DE LA PLATAFORMA DE SEGURIDAD PARA RED - FIREWALL,33
93141612,SERVICIO ESPECIALIZADO EN MEDICINA FAMILIAR,33
10171605,FERTILIZANTE FOLIAR NITROGENO FOSFORO POTASIO NPK 20-20-20,32
11131602,PAJILLA DE SEMEN DE TORO RAZA BROWN SWISS,32
11162111,MALLA DE ALAMBRE GALVANIZADO RECUBRIMIENTO ALEACION 90% ZINC + 10% ALUMINIO DE 160 gr/m2 DE 1.20 m X 100 m USO EN GANADERIA,32
40151510,MOTOBOMBA AUTOCEBANTE DE 13 HP 3600 RPM 12 V 28 L/s,32
43222501,EQUIPO FIREWALL DE SEGURIDAD PARA RED,32
43232304,SOFTWARE (INC. LICENCIA) DE ANALISIS DE DATOS,32
51142106,IBUPROFENO 100 mg/5 mL SUS 60 mL,32
53102710,UNIFORME DE INVIERNO PARA DAMA,32
70142002,SERVICIO DE INSTALACION DE SECADORA SOLAR DE CAFE,32
70171803,SERVICIO DE MANTENIMIENTO DE TUBERIAS DE TRANSPORTE DE HIDROCARBUROS,32
71161301,SERVICIO DE INSPECCION DE TUBERIA DE HIDROCARBUROS,32
78102201,SERVICIO DE COURIER NIVEL LOCAL Y NACIONAL,32
81161801,SERVICIO DE ALQUILER DE COMPUTADORA DE ESCRITORIO,32
85121701,SERVICIO DE EVALUACION PSICOLOGICA,32
24131508,REFRIGERADORA CONSERVADORA DE REACTIVOS DE 319 L,31
30111504,AFIRMADO GRUESO,31
30121710,MATERIAL DE BASE GRANULAR,31
31151705,ALAMBRE NEGRO RECOCIDO Nº 16,31
42151905,FLUOR GEL ACIDULADO 1.23%,31
46181509,TRAJE DE PROTECCION TIPO MAMELUCO EN TELA NO TEJIDA DE POLIETILENO DE ALTA DENSIDAD,31
50121538,CONSERVA DE ENTERO DE SARDINA PERUANA O ANCHOVETA EN SALSA DE TOMATE CALIDAD A ENVASE DE LATA X 425 g,31
51101509,TETRACICLINA CLORHIDRATO 1 g/100 g (1 %) UNG OFT 6 g,31
51171605,LACTULOSA 3.3 g/5 mL SOL 180 mL,31
70122002,SERVICIO DE ASISTENCIA EN SANIDAD ANIMAL,31
72141122,SERVICIO DE MANTENIMIENTO DE REDES ELECTRICAS POR EMERGENCIA,31
81161501,SUSCRIPCION ANUAL A BASE DE DATOS BIBLIOGRÁFICA,31
10101516,BOVINO BROWN SWISS VAQUILLA,30
42161601,SISTEMA DE LINEA ARTERIAL Y VENOSA DE PVC CON CAMARA DE GOTEO PARA HEMODIALISIS ADULTO,30
42161608,SOLUCION PARA HEMODIALISIS ACIDA SOL 4 L,30
42191802,INCUBADORA DE TRANSPORTE,30
43222612,SWITCH DE RED PERIMETRAL PARA RACK DE 19 in DE 48 PUERTOS 10/100/1000,30
51131607,"ENOXAPARINA SODICA 60 mg INY 0,6 mL",30
55101510,LIBRO CUENTOS SELECTOS,30
72121201,SERVICIO DE ACONDICIONAMIENTO DE AMBIENTES PARA CRIANZA DE ANIMALES,30
72141208,CONSTRUCCION DE SISTEMA DE RIEGO,30
72151507,SERVICIO DE MANTENIMIENTO DE SISTEMAS DE PUESTA A TIERRA,30
73141715,SERVICIO DE CONFECCION DE VESTUARIO,30
80171801,SERVICIO DE MONITOREO DE MEDIOS DE COMUNICACION,30
82111804,SERVICIO DE TRADUCCION E INTERPRETACION SIMULTANEA,30
10151999,PLANTA GRASS KIKUYO - PENNISETUM CLANDESTINUM,29
20121909,ESTACION TOTAL,29
42312102,BOLSA DE COLOSTOMIA ADULTO,29
51101550,CEFALEXINA 500 mg TAB,29
51112009,SUNITINIB 25 mg TAB,29
51171974,IMIGLUCERASA 400 UI INY,29
70111601,SERVICIO DE INJERTADO DE PLANTON DE CACAO - THEOBROMA CACAO,29
72141129,CONSTRUCCION DE PARQUES Y OTROS,29
72151301,SERVICIO DE PINTADO DE AMBIENTES,29
72152709,SERVICIO DE VACIADO DE CONCRETO,29
80121703,SERVICIO DE REGISTRO DE PROPIEDAD DE INMUEBLE,29
10151703,SEMILLA DE ALFALFA MEDICAGO SATIVA DORMANCIA 3-4 CLASE NO CERTIFICADA,28
25101940,VEHICULO UTV 4 X 4,28
41102916,MICROTOMO ELECTRONICO AUTOMATICO TIPO GIRATORIO 5 VELOCIDADES DE 57.5 cm X 40.5 cm X 32.5 cm,28
42296701,RESINA FOTOCURABLE KIT (AC. GRABADOR + COMPONENTE) 5 JERINGAS/4 g,28
43222615,SISTEMA DE ALMACENAMIENTO DE DISCOS EXTERNOS,28
51101551,CEFTRIAXONA 1 g INY,28
51191603,SOLUCIONES PARA NUTRICION PARENTERAL INY 500 mL,28
55101530,NTP 231.001:1967 TELAS,28
70101701,SERVICIO DE ASISTENCIA TECNICA A AGENTES DE ACTIVIDAD PESQUERA ARTESANAL Y ACUICOLA,28
70111703,SERVICIO DE LIMPIEZA Y ELIMINACION DE MALEZA DE AREAS VERDES,28
72121104,SERVICIO DE ACONDICIONAMIENTO DE COMEDOR,28
72141002,SERVICIO DE INSTALACION DE REDUCTORES DE VELOCIDAD - ROMPEMUELLES,28
72151207,SERVICIO DE MANTENIMIENTO CORRECTIVO DE VENTILADORES,28
72152502,SERVICIO DE COLOCACION DE MEZCLA ASFALTICA EN CALIENTE,28
72154069,SERVICIO DE FABRICACION E INSTALACION DE BARANDA DE SEGURIDAD DE FIERRO,28
72154109,SERVICIO DE INSTALACION DE SISTEMA DE BOMBA DE AGUA ALTERNAS,28
76101503,SERVICIO DE DESINFECCION DE AMBIENTES,28
80111701,SERVICIO DE SELECCION DE PERSONAL,28
81112208,SERVICIO DE RENOVACION DE LICENCIA DE SOLUCION DE SEGURIDAD PERIMETRAL,28
84121703,CONSULTORIA PARA REVISION DE ESTUDIOS DE PREINVERSION DE PROYECTOS DE INVERSION PUBLICA,28
86101804,CURSO EN TEMAS DE AUTOEMPLEO PARA EMPRENDEDORES,28
21102001,DESPULPADORA DE CAFE,27
30151507,ESTRUCTURA DE TECHO DE COBERTIZO DOS AGUAS CON VIGAS DE MADERA CLASE C DE 6.64 m X 13.20 m DESARMADO SIN ACCESORIOS SIN COBERTURA,27
41113025,ESPECTROFOTOMETRO,27
43232510,SERVICIO DE MONITOREO DE SISTEMA DE INFORMACION GEOGRAFICA,27
50192902,FIDEOS LARGOS DIVERSOS,27
51102402,"HIPROMELOSA (HIDROXIPROPILMETILCELULOSA) 0,3% SOL OFT 15 mL",27
51111522,CEFTRIAXONA CON DILUYENTE 1 g INY,27
72141104,SERVICIO DE MANTENIMIENTO O CONSERVACION VIAL,27
72141115,INSTALACIONES ELECTRICAS DE MEDIA TENSION,27
72154027,SERVICIO DE INSTALACION DE POSTES DE ELECTRIFICACION RURAL,27
77121704,SERVICIO DE ANALISIS DE METALES EN MUESTRAS DE AGUA,27
78101803,SERVICIO DE TRANSPORTE TERRESTRE DE MATERIALES DE CONSTRUCCION Y HERRAMIENTAS,27
80101508,CONSULTORIA DE INTELIGENCIA EMPRESARIAL,27
81112103,SERVICIO DE ELABORACION DE SOFTWARE LOCAL Y WEB,27
82101503,SERVICIO DE PUBLICIDAD EN REVISTAS,27
46181604,BOTA DE CUERO CON PUNTA REFORZADA PARA CABALLERO,26
51142942,SEVOFLURANO SOL PARA INHALACION 250 mL,26
51191605,AGUA PARA INYECCION INY 1 L EN FRASCO,26
53102701,UNIFORME DE DRIL TIPO COMANDO PARA CABALLERO,26
72151001,SERVICIO DE MANTENIMIENTO CORRECTIVO DE CALDEROS,26
72151702,SERVICIO DE INSTALACION DE SISTEMA DE VIDEOVIGILANCIA,26
80101504,SERVICIO ESPECIALIZADO EN PLANEAMIENTO,26
81111814,SERVICIO DE CONTROL SATELITAL DE VEHICULOS POR GPS,26
82121702,SERVICIO DE FOTOCOPIADO A COLOR,26
84131602,SEGURO MEDICO FAMILIAR,26
85101601,SERVICIO DE ATENCIONES ESPECIALIZADAS EN ENFERMERIA,26
85121603,SERVICIO DE ATENCION MEDICA ESPECIALIZADA - INTENSIVISTA NEONATOLOGIA Y PEDIATRIA,26
10101603,PAVO,25
11111503,TIERRA NEGRA,25
21101503,MOTOCULTOR A GASOLINA DE 40 cm 7 HP,25
31162503,PUNTAL DE ENCOFRADO TELESCOPICO DE FIERRO GALVANIZADO DE 48 mm X 2.20 m A 4.00 m,25
41111709,MICROSCOPIO BINOCULAR,25
41116105,TRIGLICERIDOS ENZIMATICO,25
42141501,ALGODON HIDROFILO X 500 g,25
51121805,GEMFIBROZILO 600 mg TAB,25
51121818,ATORVASTATINA 20 mg TAB,25
51141517,GABAPENTINA 300 mg TAB,25
51141907,SULPIRIDA 200 mg TAB,25
51142514,CARBIDOPA + LEVODOPA 25 mg + 250 mg TAB,25
51181813,ESTRIOL 0.1 % CRM VAGINAL 15 g,25
51372003,BUPRENORFINA 35 mcg/H (20 mg COMO SAL) PARCHE,25
55101531,NTP ISO 6708:1998 TUBERIAS,25
70151501,SERVICIO DE APOYO TECNICO EN FORESTACION,25
72999999,SERVICIO DE CONSTRUCCION DE HITOS DE CONCRETO,25
78121601,SERVICIO DE CARGA Y DESCARGA DE BIENES INCAUTADOS,25
81111811,SERVICIO DE SOPORTE TECNICO PARA PLATAFORMA VIRTUAL MULTISERVICIO,25
84131501,SEGURO MULTIRIESGO,25
86101704,SERVICIO DE SUPERVISION DE PROCESOS LOGISTICOS,25
15121501,ACEITE DE MOTOR SAE 15W 40,24
25101504,CAMIONETA 4 X 4,24
25181717,SEMIREMOLQUE CAMA BAJA DE TRES EJES PARA 50 ton,24
30131704,PORCELANATO PARA PISO EXTERIOR DE 60 cm X 60 cm TRANSITO ALTO,24
30151610,CUMBRERA PARA CALAMINA GALVANIZADA DE 0.50 m X 1.80 m,24
42181904,MONITOR MULTIPARAMETRO DE  FUNCIONES VITALES DE 8 PARAMETROS,24
42272205,VENTILADOR VOLUMETRICO MECANICO ADULTO/PEDIATRICO,24
50111521,PAVO ENTERO CONGELADO,24
70171502,SERVICIO DE CONSULTORIA ELABORACION DE ESTUDIO DE APROVECHAMIENTO HIDRICO Y DISEÑO HIDRAULICO,24
72101516,SERVICIO DE RECARGA Y MANTENIMIENTO DE EXTINTORES,24
72154007,INSTALACION DE REDES DE DESAGUE,24
73181908,SERVICIO DE SOLDADURA POR TERMOFUSION EN TUBERIAS,24
78102102,SERVICIO DE TRANSPORTE DE AGUA POTABLE,24
78181505,SERVICIO DE INSPECCION DE AERONAVES,24
81111504,SERVICIO DE ELABORACION DE CONTENIDOS PARA PLATAFORMA WEB,24
81112105,SERVICIO DE WEB HOSTING,24
81141804,SERVICIO DE MANTENIMIENTO DEL DATA CENTER,24
81162103,SUSCRIPCION A SISTEMA DE GESTION DE APRENDIZAJE - PLATAFORMA EDUCATIVA VIRTUAL,24
82101507,SERVICIO DE PARTICIPACION EN FERIA INTERNACIONAL,24
83101506,SERVICIO PARA ELABORACION DE ANALISIS DE CALIDAD DEL AGUA,24
10152001,HIJUELO DE PLATANO - MUSA SAPIENTUM,23
22101525,EXCAVADORA HIDRAULICA SOBRE RUEDAS DE 0.5 m3,23
30111903,MALLA DE ALAMBRE CUADRADA SOLDADA DE ACERO GALVANIZADO DE 1/4 in X 1/4 in X 3/64 in X 1.00 m,23
31211803,DISOLVENTE PARA PINTURA TRAFICO,23
41101705,PULVERIZADOR ELECTRICO,23
41111808,EQUIPO DE RAYOS X DIGITAL ESTACIONARIO PARA RADIOGRAFIA,23
47101505,SISTEMA DE CLORACION MECANICO POR GOTEO DE CARGA CONSTANTE CON TANQUE DE POLIETILENO 3 CAPAS DE 600 L CON PROTECCION TIPO CASETA METALICA PARA ANALISIS DE AGUA,23
50181901,PAN FRANCES,23
51101572,AZITROMICINA 500 mg TAB,23
51101912,HIDROXICLOROQUINA SULFATO 400 mg (Equiv. 310 mg hidroxicloroquina) TAB,23
51102206,NITROFURANTOINA 100 mg TAB,23
51173229,AGALSIDASA BETA 35 mg INY,23
52121508,FRAZADA,23
72151901,SERVICIO DE CONSTRUCCION DE BLOQUES DE CONCRETO PARA CIMENTACION DE ESTRUCTURAS METALICAS,23
78111704,SERVICIO DE ALQUILER DE EMPUJADORES FLUVIAL,23
78131603,SERVICIO DE ALQUILER DE MAQUINARIA Y EQUIPOS PARA ACCIONES DE COMISO,23
80121503,SERVICIO DE ASESORIA LEGAL EN PROCESOS JUDICIALES,23
80121704,CONSULTORIA LEGAL EN TEMAS DE EJECUCION CONTRACTUAL,23
81111902,SERVICIO DE SOPORTE PARA PLATAFORMA DE RESPALDO Y RECUPERACION DE DATOS,23
84131504,SEGURO DE TRANSPORTE DE CARGA,23
85101604,SERVICIO DE AUDITORIA MEDICA,23
85121808,SERVICIO DE RADIOTERAPIA,23
86121702,ESPECIALIZACION EN ADMINISTRACION Y GESTION PUBLICA,23
93142104,SERVICIO DE ELABORACION DE PLAN DE DESARROLLO CONCERTADO,23
11151701,TELA CASIMIR X 1.50 m DE ANCHO,22
12142105,AIRE COMPRIMIDO,22
12191602,AGUA  POTABLE,22
23121507,MAQUINA TEJEDORA,22
24101620,CAMION GRUA PLATAFORMA ELEVADORA DE 5 t,22
31152002,ALAMBRE DE PUAS,22
41115406,ESPECTROFOTOMETRO DIGITAL UV-VIS ELECTRONICO DE 220 a 100 nm CON INCUBADORA DE 45 C Y LECTOR DE MICROPLACAS,22
42131707,MANDIL DE TELA NO TEJIDA DE POLIPROPILENO DESCARTABLE NO ESTERIL DE 40 g/m2 TALLA L PARA USO HOSPITALARIO,22
42132102,SABANA DESCARTABLE ESTERIL 2.00 m X 1.50 m,22
42203501,MARCAPASO BICAMERAL PERMANENTE PARA PACIENTE,22
43211712,DIGITALIZADOR DE IMAGENES DE RAYOS X,22
48101536,HORNO INDUSTRIAL ELECTRICO ROTATIVO DE 18 BANDEJAS PARA PANADERIA,22
50421801,FRIJOL CASTILLA CALIDAD 2 - SUPERIOR,22
51101554,DICLOXACILINA 500 mg TAB,22
51101561,PIPERACILINA + TAZOBACTAM 4 g + 500 mg PLV PARA SOL INY,22
51151613,ESCOPOLAMINA N-BUTILBROMURO 20 mg/mL INY 1 mL,22
51241110,LATANOPROST 0.005 % SOL OFT 2.5  mL,22
53101802,CASACA 100 % POLIESTER DE 150/1 De 165 g/m2 IMPERMEABLE CON FORRO POLAR MANGA LARGA DESMONTABLE 2 BOLSILLOS LATERALES PARA CABALLEROS,22
53101902,"TERNO (SACO, CHALECO, PANTALON) DE LANA SARGA 2/2 Nm 2/23 Nm 2/23 DE 282 g/m2 PARA CABALLERO",22
53111501,"BOTA TIPO BORCEGUI DE CUERO CORREGIDO, SUELA DE CAUCHO, PUNTERA TERMOPLASTICO, MEDIA CAÑA CUELLO ACOLCHADO PARA CABALLERO",22
70111709,SERVICIO DE SEMBRADO DE GRASS,22
72121202,SERVICIO DE ACONDICIONAMIENTO Y REMODELACION DEL INVERNADERO,22
72154503,SERVICIO DE ALQUILER DE CAMION GRUA,22
78111812,SERVICIO DE ALQUILER DE MINIBUS,22
80101603,SERVICIO DE REVISION DE LIQUIDACION DE OBRAS,22
81101514,SERVICIO DE DATACION E ISOTOPOS DE MUESTRA DE ROCAS,22
83101801,SERVICIO DE COBRANZA DE RECIBO DE CONSUMO DE ENERGIA ELECTRICA,22
84131510,SEGURO DE TODO RIESGO DE EQUIPO Y MAQUINARIA DE CONTRATISTA - TREC,22
93142001,CONSULTORIA PARA ELABORACION DE PLAN DE MOVILIDAD URBANA,22
10121702,ALIMENTO BALANCEADO CRECIMIENTO I PARA PECES,21
10161511,PLANTON DE PINO - PINUS RADIATA,21
10171501,GUANO DE ISLA,21
10171506,HUMUS DE LOMBRIZ,21
24102203,EMPACADORA DE FORRAJE DE 40 cm X 40 cm X 100 cm,21
25101501,MINIBUS DE 18 PASAJEROS,21
39121011,EQUIPO UPS,21
42296408,EQUIPO ELECTRONICO DE VIDEO ENDOSCOPIO ULTRASONOGRAFICO DE USO CLINICO,21
48101605,MOLINO INDUSTRIAL DE MARTILLO PARA GRANOS,21
51151908,ORFENADRINA CITRATO 100 mg TAB LIB PRO,21
51161508,SALBUTAMOL 100 mcg/dosis AER PARA INHALACION 200 Dosis,21
51292016,SERTRALINA 50 mg TAB,21
51412702,ALTEPLASA 50 mg INY,21
53102902,BUZO DE ALGODON Y POLIESTER INCLUYE CASACA SIN CAPUCHA Y PANTALON CON ELASTICO EN CINTURA PARA CABALLERO,21
53121603,MOCHILA DE LONA IMPERMEABLE,21
70131506,SERVICIOS DE COMPACTADO DE SUELO,21
70171709,SERVICIO DE MANTENIMIENTO DE SISTEMA DE RIEGO,21
72141510,SERVICIO DE DEMOLICION DE PISOS Y VEREDAS DE CONCRETO,21
72151515,SERVICIO DE OPERACION DE REDES ELECTRICAS DE DISTRIBUCION,21
72154044,SERVICIO DE INSTALACION DE MEDIDOR DE AGUA POTABLE,21
73181004,SERVICIO DE FRESADO DE CARPETA ASFALTICA EN PAVIMENTO,21
78181501,SERVICIO DE MANTENIMIENTO PREVENTIVO DE MOTOCICLETA,21
78181801,SERVICIO DE MANTENIMIENTO CORRECTIVO DE MOTOR DE AERONAVE,21
80121707,SERVICIO DE PATROCINIO PROCESAL EN DERECHO LABORAL,21
80131599,SERVICIO DE ALQUILER DE ESTRUCTURAS METALICAS,21
81111508,SERVICIO DE INSTALACION Y ALOJAMIENTO DE UNA PLATAFORMA VIRTUAL PARA CURSOS AUTOINSTRUCTIVOS,21
81112204,SERVICIO DE SOPORTE DE SOFTWARE,21
83101804,SERVICIO DE MANTENIMIENTO CORRECTIVO DE REDES DE DISTRIBUCION ELECTRICA AEREA DE MEDIA TENSION,21
94132002,SERVICIO DE DEFENSA LEGAL DE REO,21
10151702,SEMILLA DE TREBOL BLANCO - TRIFOLIUM REPENS L.,20
11111608,PIEDRA CALIZA CHANCADA DE 1/2 in,20
23151807,LIOFILIZADOR DE 4 L,20
25101908,CUATRIMOTO DE 400 cm3,20
30131605,LADRILLO KING KONG DE 18 HUECOS,20
39101608,LAMPARA CIALITICA DE LUZ LED PARA TECHO CON 2 CUERPOS DE 120 W 160 000 lm 4900 K,20
43222502,SOLUCION PARA CENTRO DE DATOS (DATA CENTER),20
51161817,DEXTROMETORFANO 15 mg/5ml JBE 120 mL,20
51181713,PREDNISONA 5 mg/5 mL JBE 120 mL,20
51191910,CALCITRIOL 0.25  mcg TAB,20
51283102,CASPOFUNGINA 50 mg INY,20
51401705,OLANZAPINA 10 mg TAB,20
70171602,SERVICIO DE ANALISIS DE LABORATORIO - DUREZA TOTAL EN MUESTRA DE AGUA,20
78101701,SERVICIO DE TRANSPORTE MARITIMO,20
78101801,SERVICIO DE TRANSPORTE TERRESTRE DE MOBILIARIO,20
78141804,SUPERVISION DE OBRA MEJORAMIENTO Y AMPLIACION DE LOS SERVICIOS DE TERMINAL TERRESTRE,20
81101507,ELABORACION DE EXPEDIENTE TECNICO DE OBRA PARA CONSTRUCCION DE REPRESAS,20
84111502,SERVICIO DE SUPERVISION DE GASTOS,20
86101702,CONSULTORIA EN TEMAS DE DESARROLLO TURISTICO,20
86111702,CURSO DE INGLES,20
14111802,FORMATO DE RECIBO DE SERVICIOS,19
14111803,VALE DE CONSUMO PARA VESTUARIO,19
21102304,MANTA AGRICOLA DE PLASTICO DE 254 MICRAS 6 m X 50 m,19
30171505,PUERTA METALICA DE 2.60 m X 90 cm,19
41104102,"LANCETA DESCARTABLE RETRACTIL 23 G GRADUABLE X 1.3 mm, 1.8 mm , 2.3 mm",19
41116133,SISTEMA DE SECUENCIAMIENTO MASIVO PARA ANALIZADOR GENETICO AUTOMATIZADO,19
42201501,TOMOGRAFO COMPUTARIZADO MULTICORTE,19
42271907,BOLSA DE ASPIRACION DE PVC X 1.5 L CON VALVULA Y FILTRO ANTIBACTERIANO PARA SECRECIONES,19
42281508,ESTERILIZADOR A VAPOR CON GENERADOR ELECTRICO DE 40 L,19
42291607,GASA QUIRURGICA ESTERIL DE FORMA RECTA DE 8 PLIEGUES X 1 yd DE 100 yd APROX.,19
42296323,EQUIPO ELECTRONICO DE VIDEO LAPAROSCOPIA DE USO CLINICO,19
47121701,BOLSA DE POLIETILENO DE BAJA DENSIDAD DE 140 l PARA BASURA,19
51101522,CLARITROMICINA 500 mg TAB,19
51101542,CIPROFLOXACINO 500 mg TAB,19
51111717,TRASTUZUMAB 440 mg INY,19
51141808,ZOLPIDEM 10 mg TAB,19
51142002,ACIDO ACETILSALICILICO 100 mg TAB,19
51152041,ORFENADRINA 60 mg INY 2 mL,19
51161630,CLORFENAMINA 2 mg/5 mL JBE 120 mL,19
51191601,DEXTROSA 5 % (5 g/100 mL ) INY 1 L,19
51451801,ALBENDAZOL 100 mg/5mL SUS 20 mL,19
53111601,"ZAPATO CLASICO DE POLIESTER Y POLIURETANO ALTO BRILLO, SUELA DE POLIURETANO, PUNTERA TERMOPLASTICA PARA CABALLERO",19
71101702,SERVICIO DE EXTRACCION DE AGREGADOS,19
72151101,CONSTRUCCION DE RESERVORIO,19
73152108,SERVICIO DE MANTENIMIENTO CORRECTIVO DE POZO A TIERRA,19
81141801,SERVICIO DE IMPLEMENTACION DE PLANES DE SEGURIDAD Y VIGILANCIA,19
86101601,CURSO EN TEMAS DE TECNOLOGIA DE LA INFORMACION,19
86101808,CURSO EN TEMAS RELACIONADOS A FORTALECIMIENTO DE CAPACIDADES,19
10151506,SEMILLA DE VICIA - VICIA VILLOSA,18
10171801,CAL HIDRATADA AGRICOLA HIDROXIDO DE CALCIO 40% POLVO,18
11161804,"TELA LANILLA DE COLOR 1.60 m ANCHO, 65% POLYESTER Y 35% VISCOSA, 215 g/m2",18
12352114,ORTOFTALDEHIDO 0.99 %,18
21101710,SECADORA SOLAR DE GRANOS,18
24111502,"BOLSAS BIODEGRADABLES DE 40"" X 60""",18
30131607,LADRILLO DE ARCILLA,18
30191801,TABLADILLO DE MADERA DE 3.81 cm X 3 m LARGO Y 30 cm ANCHO PARA ENCOFRADO,18
31162405,TENSOR METALICO DE MALLA GANADERA,18
32101666,CIRCUITO CERRADO DE VIDEO VIGILANCIA,18
41111722,MICROSCOPIO BINOCULAR Y OCULAR DE 10 X PARA FLUORESCENCIA,18
41116205,PRUEBA RAPIDA PARA DETECCION DE VIH SIFILIS METODO CASETE SUERO/PLASMA/SANGRE TOTAL,18
42231801,ENRIQUECIDO LACTEO INSTANTANEO,18
42271802,AEROCAMARA DE PVC PEDIATRICO,18
42281704,DETERGENTE ENZIMATICO CON 3 ENZIMAS X 5 L,18
42295121,LAMPARA QUIRURGICA DE LUZ HALOGENA DE 220 V / 60HZ BASE RODABLE PARA CIRUGIA,18
43212201,SOLUCION PARA VIRTUALIZACION DE SERVIDORES,18
43222602,EQUIPO DE CONTROL DE ACCESO BIOMETRICO,18
46182001,MASCARILLA DESCARTABLE CON 3 PLIEGUES PARA PROTEGER DE POLVOS,18
47101599,EQUIPO DE TRATAMIENTO DE AGUA (POTABILIZADOR DE AGUA),18
51101552,CEFTAZIDIMA 1 g INY,18
51101589,CILASTATINA + IMIPENEM 500 mg + 500 mg INY,18
51112003,ERLOTINIB 150 mg TAB,18
51141704,RISPERIDONA 2 mg TAB,18
51142219,FENTANILO 50 mcg/mL INY 10 mL,18
51161705,BROMURO DE IPRATROPIO 20 mcg/dosis AER PARA INHALACION 200 Dosis,18
51181706,HIDROCORTISONA 1 % CRM 20 g,18
51191906,SALES DE REHIDRATACION ORAL 20.5 g/L PLV,18
51201516,NIVOLUMAB 10 mg/mL AMPOLLA 10 mL,18
51212311,IOPAMIDOL 370 mg Iodo/mL INY 50 mL,18
55101502,GUIA DE ENTREGA DEL PROGRAMA VASO DE LECHE,18
72141102,SERVICIO DE AFIRMADO DE CAMINO DE ACCESO,18
72153002,SERVICIO DE INSTALACION DE VIDRIOS EN PUERTAS Y VENTANAS DE EDIFICACIONES,18
72154012,SERVICIO DE ENCOFRADO Y DESENCOFRADO PARA CONSTRUCCION DE EDIFICACIONES,18
78111502,SERVICIO DE APROVISIONAMIENTO DE PASAJES AEREOS NACIONALES PARA TRASLADO DE PERSONAS,18
81102702,SERVICIO DE ELABORACION DE DIAGNOSTICO DE SITUACION ACTUAL DE PROCESOS Y ORGANIZACION,18
81151602,SERVICIO DE ELABORACION DE MAPA FISIOGRAFICO DEL PERU,18
81151705,SERVICIO DE ELABORACION Y EJECUCION DE PLAN DE MONITOREO ARQUEOLOGICO,18
81161711,SERVICIO DE DIFUSION DE CONTENIDOS MULTIMEDIA - STREAMING,18
83101899,"SERVICIO COMERCIAL DE INSTALACIONES ELECTRICAS DE LECTURA DE MEDIDORES, REPARTO DE RECIBOS Y COBRANZA",18
11111610,ROCAS PARA DIQUE EN RIO,17
12141903,NITROGENO LIQUIDO,17
21101805,FUMIGADORA TERMONEBULIZADOR DE CAÑON LARGO,17
21101901,EQUIPO DE ORDEÑO MOVIL,17
21102202,MAQUINA TRITURADORA FORESTAL DE 1.50 m,17
26111601,GRUPO ELECTROGENO ENCAPSULADO DE 1100 KW,17
30161705,PISO DEPORTIVO MULTICAPA DE POLIURETANO DE 11 mm,17
42181901,MONITOR FETAL,17
43231512,SOFTWARE (INC. LICENCIA) PARA BASE DE DATOS,17
43231513,SOFTWARE (INC. LICENCIA) PARA OFIMATICA,17
47131811,DETERGENTE GRANULADO DOMESTICO,17
50121611,POTA,17
51111716,RITUXIMAB 500 mg/50 mL INY 50 mL,17
51142121,DICLOFENACO 75 mg INY 3 mL,17
51142505,BIPERIDENO 2 mg TAB,17
51191905,PIRIDOXINA 50 mg TAB,17
51203203,MICOFENOLATO 500  mg TAB,17
51241840,CALAMINA + ZINC OXIDO 15 g + 5 g/100 g SOL 500 mL,17
51342309,ACICLOVIR 400 mg TAB,17
51391703,SALBUTAMOL 5 mg/mL SOL 10 mL,17
51421802,BUDESONIDA 200 mcg/dosis AER PARA INHALACION 200 Dosis,17
53101904,UNIFORME DE INVIERNO PARA DAMA,17
70131705,SERVICIO DE ELABORACION DE ESTUDIO DE SUELOS PARA CONSTRUCCION DE EDIFICACIONES,17
71101602,SERVICIO DE PERFORACION Y VOLADURA DE ROCAS FIJA,17
72103301,SERVICIO DE FABRICACION E INSTALACION DE ESTRUCTURA METALICA PARA PARADERO,17
78111707,SERVICIO DE TRANSPORTE FLUVIAL DE PERSONAS,17
80121901,SERVICIO DE JURADO EVALUADOR EN JORNADA DE INVESTIGACION,17
81101503,SUPERVISION DE OBRA DE CONSTRUCCION DE MUELLES Y DEFENSAS DE CONCRETO,17
81151804,"SERVICIO ESPECIALIZADO EN HIDROLOGIA, HIDRAULICA Y DRENAJE",17
82111502,"SERVICIO DE DISEÑO, DIAGRAMACION E IMPRESION DE MANUALES",17
84141602,SERVICIO DE EMISION DE TARJETA ELECTRONICA PARA CONSUMO DE ALIMENTOS,17
85121601,SERVICIO DE ATENCION MEDICA ESPECIALIZADA EN GINECO OBSTETRA,17
93142005,SERVICIO DE MANTENIMIENTO DE ALUMBRADO PUBLICO,17
93151501,SERVICIO DE ANALISIS DE FUNCIONAMIENTO TECNICO LEGAL DE ENTIDADES,17
10191701,MALLA DE ACERO INOXIDABLE TIPO MOSQUITERO DE 1.20 m DE ANCHO,16
12352307,CLORURO DE POTASIO P.A.,16
30102404,"VARILLA DE ACERO CORRUGADO fy=4200 kg/cm2 GRADO 60 DE 1/2""",16
30103618,ESTRUCTURA METALICA PARA TOLDO DE 12 m X 12 m,16
30151512,TEJA ANDINA DE 5 mm X 1.14 m X 72 cm,16
30181505,INODORO DE TANQUE BAJO,16
30264204,PLANCHA DE ACERO GALVANIZADO ONDULADA DE 3600 mm X 800 mm X 0.22 mm,16
41104816,CENTRIFUGA REFRIGERADA DIGITAL DE 1000 L TEMPERATURA DE 10 A 40 GRADOS,16
41115403,ESPECTROMETRO DIGITAL DE FLUORESCENCIA DE RAYOS-X POR REFLEXION TOTAL CON TRES MONOCROMADORES,16
42294203,SET INSTRUMENTAL PARA EXAMEN GINECOLOGICO X 12 PIEZAS,16
42294513,EQUIPO COMBINADO DE VITRECTOMIA POSTERIOR Y FACOEMULSIFICACION DE 23 GA A 25 GA,16
42295103,MESA DE PARTOS,16
42296305,BRONCOSCOPIO DIGITAL FLEXIBLE DE 60 cm IMAGEN HD PARA USO HOSPITALARIO,16
42312106,INJERTO OSEO DE FOSFATO DE CALCIO PARA HUESO ESPONJOSO 10 mL,16
44103103,TONER COLOR NEGRO PARA IMPRESORA LASER,16
46171622,SISTEMA DE VIDEO VIGILANICA CON CAMARAS IP,16
46181529,MAMELUCO TERMICO IMPERMEABLE DE POLINAILON ENJEBADO,16
48111402,KIT DE REPUESTOS PARA MAQUINAS CONTADORAS DE MONEDAS Y COSPELES,16
50111513,CARNE DE RES CON HUESO,16
50221001,LENTEJA BEBE,16
50221201,"ALIMENTO INFANTIL INSTANTANEO EN POLVO A BASE DE LECHE CON CEREALES: ARROZ, QUINUA, MAIZ Y FORTIFICADO CON VITAMINAS Y MINERALES PARA PREVENIR LA ANEMIA Y DESNUTRICION CRONICA",16
51101591,VANCOMICINA (COMO CLORHIDRATO) 500 mg INY,16
51111616,CAPECITABINA 500 mg TAB,16
51141518,LEVETIRACETAM 1 g TAB,16
51141616,CLOMIPRAMINA 25 mg TAB,16
51141618,FLUOXETINA 20 mg TAB,16
51161709,SURFACTANTE PULMONAR DE ORIGEN NATURAL 25 mg/mL INY 8 mL,16
51171505,SIMETICONA 80 mg/mL SUS 15 mL,16
51181752,BECLOMETASONA 50 mcg/dosis AER PARA INHALACION 200 Dosis,16
51263402,TAMSULOSINA 0.4 mg TAB LIB PRO,16
51263602,DOXAZOSINA 4 mg TAB,16
51343201,RALTEGRAVIR 400 mg TAB,16
60124307,MAQUINA EXTRUSORA,16
60141114,MODULO DE ENSEÑANZA EN GENERAL,16
72101507,Servicio de mantenimiento de edificios,16
72151903,SERVICIO DE CONSTRUCCION DE STANDS DE LADRILLO,16
72152501,SERVICIO DE CONSTRUCCION DE LOSA DE CONCRETO PARA AMBIENTE PREFABRICADO,16
72153901,REFORZAMIENTO DE ESTRUCTURA Y VIGAS DE TECHO DE  SOTANO,16
77121701,SERVICIO DE MONITOREO DE CALIDAD DEL AGUA,16
80131503,SERVICIO DE ALQUILER DE TERRENO,16
81161712,"SERVICIO DE CABLEADO DE SISTEMAS DE RED PARA VOZ, DATOS Y VIDEO",16
82101502,SERVICIO DE IMPRESION DE AFICHES TAMAÑO A3,16
82121509,SERVICIO DE DIGITALIZACION CERTIFICADA DE DOCUMENTOS CON VALOR LEGAL,16
82151504,SERVICIOS DE ESCULTURA,16
84101501,CONSULTORIA DE ELABORACION DE ANALISIS DE ADMINISTRACION FINANCIERA,16
84111703,SERVICIO DE SEGUIMIENTO Y MONITOREO DE LA EJECUCION PRESUPUESTAL,16
84131699,SEGURO DE ACCIDENTES PERSONALES POR COMISION DE SERVICIOS,16
93141810,SERVICIO DE EVALUACIÓN DEL PLAN DE FORTALECIMIENTO DE CAPACIDADES INSTITUCIONAL,16
93151515,SERVICIO DE PLANEAMIENTO DE DESARROLLO TERRITORIAL Y INFORMACION GEOGRAFICA Y GEOREFERENCIADA,16
10171604,SULFATO DOBLE DE POTASIO Y MAGNESIO,15
11131604,OVA EMBRIONARIA DE TRUCHA ARCO IRIS,15
21101802,BOMBA FUMIGADORA A MOTOR TIPO ESTACIONARIA DE 5.5 HP,15
21101914,POSTE DE FIERRO CORRUGADO DE 5/8 in x 1.70 m PARA CAPTURA DE VICUÑAS,15
24111810,TANQUE DE AGUA CILINDRICO RIGIDO DE POLIETILENO DE 1100 L,15
25101602,CAMION REMOLCADOR DE 30 t,15
26131507,SISTEMA FOTOVOLTAICO DE 2.25 KW,15
27112903,BOMBA FUMIGADORA MANUAL TIPO MOCHILA DE 20 L,15
30103603,MADERA TORNILLO DE 1 1/2 in X 1 1/2 in X 10 ft,15
30121701,GEOMALLA DE POLIESTER REVESTIDA DE PVC DE 28 mm X 28 mm,15
30201901,Unidades para uso médico,15
41102909,PROCESADOR AUTOMATICO CERRADO X 1.5 L PARA TEJIDOS,15
41104804,"ROTAEVAPORADOR DIGITAL DE 280 RPM CON BOMBA DE VACIO DE 1,8 m3 Y CHILLER DE + 25 ° C",15
41113634,MEDIDOR  DIGITAL MULTIFUNSION DE ENERGIA,15
42121606,TRICLABENDAZOL + ALBENDAZOL + ZinC + SELENIO 100 g + 100 g + 6.0 g + 3.0 g SOL 1 L,15
42142609,JERINGA DE POLIPROPILENO TIPO DESCARTABLE 20 mL CON AGUJA 21 g X 1 1/2 in,15
42143120,MONITOR FETAL PANTALLA 12.1 in RESOLUCION DE 800 X 600 PIXELES CON DOS TRANSDUCTORES DE ULTRASONIDO Y REGISTRADOR CON IMPRESION,15
42172101,DESFIBRILADOR,15
42181501,BAJALENGUA DE MADERA ADULTO,15
42181702,ELECTROCARDIOGRAFO DIGITAL DE 250 BPM CON 7 DERIVACIONES,15
42311552,CINTA ADHESIVA HIPOALERGENICA DE TELA X 30 cm APROX. PARA USO QUIRURGICO,15
43211502,COMPUTADORA SERVIDOR - MAIN FRAME,15
43233203,SOFTWARE (INC. LICENCIA) PARA VIRTUALIZACION,15
44102302,MAQUINA EMPACADORA,15
50192111,CHARQUI,15
51101508,SULFAMETOXAZOL + TRIMETOPRIMA (200 mg + 40 mg)/5 mL SUS 60 mL,15
51112002,DASATINIB 50 mg TAB,15
51141513,CARBAMAZEPINA 200 mg TAB,15
51171502,ALUMINIO HIDROXIDO + MAGNESIO HIDROXIDO 400 + 400 mg/5 mL SUS 150 mL,15
51171909,OMEPRAZOL 20 mg TAB LIB RET,15
51191704,"BICARBONATO DE SODIO 8,4 % (8,4 g/100 mL) INY 20 mL",15
51271613,LIDOCAINA CON PRESERVANTES S/E 2% (2 g/100 mL) INY 20 mL,15
51999999,ACETATO DE ABIRATERONA 250 mg TAB,15
52161508,LECTORA DE MARCAS OPTICAS - OMR SCANNER,15
53102306,PAÑAL DESCARTABLE TIPO CALZON PARA ADULTO TALLA G,15
56101703,ESCRITORIO DE MELAMINA CON CAJONERA,15
70141705,CONSULTORIA EN ASISTENCIA TECNICA EN LOS CULTIVOS DE CACAO,15
70161704,SERVICIO DE ELABORACION DE ESTUDIO DE GESTION SOSTENIBLE DE ECOSISTEMAS,15
72121508,CONSTRUCCION DE CAMAL,15
72152001,SERVICIO DE INSTALACION DE PAREDES DE DRYWALL,15
72152101,SERVICIO DE INSTALACION DE FALSO CIELO RASO,15
72152507,SERVICIO DE INSTALACION DE PISOS LAMINADOS,15
72153205,SERVICIO DE SELLADO DE FISURAS Y GRIETAS EN PAVIMENTOS ASFALTICOS,15
78181703,SERVICIO DE ALQUILER DE COCHERA,15
81112301,SERVICIO DE SOPORTE Y MANTENIMIENTO DE SISTEMA DE ALMACENAMIENTO DE DATOS,15
82111903,SERVICIO DE COBERTURA DE PRENSA DE EVENTOS OFICIALES,15
82121505,SERVICIO DE IMPRESION EN PAPEL CARTON,15
83101501,SERVICIO DE TOMA DE LECTURA DE MEDIDOR DE AGUA POTABLE,15
83111604,SERVICIO DE SEGUIMIENTO SATELITAL A BUQUES,15
93171603,SERVICIO DE AUDITORIA A PROCESOS DE CERTIFICACION ISO,15
95131603,AMBIENTE PREFABRICADO DE ALUMINIO DE 4.00 m X 5.00 m,15
10171702,FUNGICIDA ACARICIDA AGRICOLA AZUFRE AL 80% GRANULOS DISPERSABLES EN AGUA (WG),14
10191509,INSECTICIDA AGRICOLA MALATHION AL 0.57% CONCENTRADO EMULSIONABLE (EC),14
23121614,MAQUINA DE COSER REMALLADORA,14
23151804,MICRO DIGESTOR KJELDHAL,14
24112110,CONTENEDOR ESTANDAR DE POLIETILENO CON TAPA Y RUEDAS DE 1100 L,14
25101503,AUTOMOVIL MODELO SEDAN DE 1800 cm3,14
25201514,Rotores de aeronaves,14
25201708,CAMARA MULTIESPECTRO PARA VEHICULO AEREO NO TRIPULADO-DRONE,14
26101412,JUEGO DE REPUESTOS PARA MANTENIMIENTO DE MANDO FINAL PARA TRACTOR ORUGA X 12 PIEZAS,14
26101726,FILTRO DE ACEITE DE MOTOR DE TRACTOR ORUGA,14
30152001,MALLA GANADERA DE ALAMBRE DE ACERO GALVANIZADO DE 1.20 m X 100 m,14
31411702,SELLO MECANICO 2 1/4 in PARA BOMBA CENTRIFUGA,14
39122221,RETENIDA OBLICUA PARA MEDIA TENSION,14
40101701,EQUIPO DE AIRE ACONDICIONADO DE PRECISION,14
40142009,MANGUERA REDONDA DE POLIETILENO DE 3 in,14
40161504,FILTRO DE ACEITE PARA MOTOR DE CAMIONETA,14
41116008,HEMOGRAMA AUTOMATIZADO DIFERENCIAL 5 ESTIRPES,14
41116135,FOTODOCUMENTADOR DIGITAL DE GELES,14
41116201,TIRA REACTIVA PARA GLUCOMETRO PORTATIL,14
42152008,EQUIPO DE RAYOS X DENTAL RODABLE PARA USO CLINICO,14
42192204,INCUBADORA NEONATAL SIN VENTILADOR DE TRANSPORTE PARA USO EXTRAHOSPITALARIO,14
42241505,VENDA DE YESO CON GASA DE ALGODON DE 6 in X 5 yd PARA ESTABILIZACION DE FRACTURAS,14
42321709,PROTESIS TOTAL DE CADERA CEMENTADA,14
43211503,COMPUTADORA PERSONAL PORTATIL,14
43211508,COMPUTADORA  DE ESCRITORIO MT DE 2.6 GHz 8 NUCLEOS RAM 32 GB CON DISCO SSD 500 GB Y DISCO HDD 1 TB MONITOR LED PLANO DE 24 in SISTEMA OPERATIVO SOFTWARE DE OFIMATICA ESPAÑOL CON TECLADO USB Y MOUSE OPTICO,14
45111812,PANTALLA LED DE 8m x 4m,14
46181503,TRAJE DE SEGURIDAD PARA POLVO Y SOLVENTES,14
51101805,CLOTRIMAZOL 1 % (1 g/100g) CRM 20 g,14
51111838,BORTEZOMIB 3.5 mg INY,14
51121709,CARVEDILOL 12.5 mg TAB,14
51121810,ATORVASTATINA 40 mg TAB,14
51131522,FIERRO POLIMALTOSA 50 mg/mL SOL 30 mL,14
51131603,HEPARINA SODICA 25000 UI INY 5 mL,14
51131604,WARFARINA 5 mg TAB,14
51131802,"FACTOR VIII, COMPLEJO 250 UI INY",14
51141502,CLONAZEPAM 2 mg TAB,14
51141715,CLOZAPINA 100 mg TAB,14
51142905,BUPIVACAINA + DEXTROSA 20 mg + 320 mg INY 4 mL,14
51171614,INJERTO OSEO CONDILO FEMORAL,14
51181707,METILPREDNISOLONA 500 mg INY SIN SOLVENTE,14
51181740,DEXAMETASONA 4 mg INY 2 mL,14
51201802,"FILGRASTIM 30 MU (0,3 mg/ml) INY 1 mL",14
51241205,CALAMINA 8 g/100 mL LOC 100 mL,14
51284603,ERTAPENEM 1 g INY,14
51342308,VALGANCICLOVIR 450 mg TAB,14
56121506,MOBILIARIO ESCOLAR DE MADERA PARA EDUCACION INICIAL (MESA Y SILLAS),14
72111008,CONSTRUCCION DE CASA,14
72141118,SERVICIO DE CONSTRUCCION DE INFRAESTRUCTURA PARA EQUIPOS DE TELECOMUNICACIONES,14
72141210,SERVICIO DE MANTENIMIENTO DE LOSA DEPORTIVA,14
78141502,SERVICIOS DE AGENCIAMIENTO PUERTOS NACIONALES,14
78181702,SERVICIO DE ALQUILER DE ESTACIONAMIENTO PARA VEHICULO,14
80101703,SERVICIO DE ACREDITACION EN TEMAS DE ENSAYOS DE LABORATORIO,14
80131802,SERVICIO DE TASACION DE BIENES INMUEBLES,14
81111803,SERVICIO DE MANTENIMIENTO PREVENTIVO DE SWITCH DE RED,14
81112306,SERVICIO DE MANTENIMIENTO CORRECTIVO DE IMPRESORA MULTIFUNCIONAL,14
81112310,SERVICIO DE MANTENIMIENTO PREVENTIVO DE GABINETE DE COMUNICACIONES,14
81151703,SERVICIO DE ELABORACION DE ESTUDIO GEOLOGICO - GEOTECNICO,14
83111904,SERVICIO DE COMUNICACION DE RADIO PORTATIL,14
84101704,SERVICIO DE RECAUDACION DE DEUDAS,14
85121616,SERVICIOS ESPECIALIZADOS EN ANESTESIOLOGIA POST OPERATORIO,14
10151603,SEMILLA DE CEBADA - HORDEUM VULGARE L CULTIVAR GRIGNON,13
12162301,ADITIVO IMPERMEABILIZANTE PARA CONCRETO,13
12352204,ENZIMA TRANSCRIPTASA REVERSA/TAQ ADN POLIMERASA EN UN PASO,13
12352305,CAL HIDRATADA,13
23161605,CALDERO 40 BHP,13
24101507,CARRETILLA BUGUI DE ACERO DE 3 ft3 CON RUEDA,13
24102004,ESTANTERIA DE FIERRO TIPO RACK SELECTIVO SISMORESISTENTE DE 3 NIVELES 4 PISOS DE 27.75 m X 51.50 m X 11.00 m,13
24112801,CONTENEDOR DE ACERO DE 8 ft X 9 ft X 20 ft,13
25101604,CAMION BARANDA 4X2,13
25111511,BOTE DESLIZADOR A MOTOR PARA 8 PASAJEROS,13
25172503,Llantas o ruedas para camiones,13
31211501,PINTURA ESMALTE,13
39121621,PARARRAYOS,13
39131708,JUEGO DE MATERIALES Y ACCESORIOS PARA MANTENIMIENTO ELECTRICO X 21 PIEZAS,13
40151513,ELECTROBOMBA SUMERGIBLE TRIFASICA DE 100 HP 440 V 50 L/s,13
41114301,CORRENTOMETRO ELECTRICO PORTATIL VARILLA DE 1.8 m,13
41115815,ANALIZADOR DIGITAL HEMATOLOGICO PORTATIL 9 PARAMETROS,13
41116107,ESTANDAR MEZCLA DE ESTANDARES INTERNOS DE PAHs X 1 mL,13
42151909,PASTA DENTRIFICA MEDICADA,13
42181801,OXIMETRO DE PULSO PORTATIL ADULTO/PEDIATRICO,13
42182003,COLPOSCOPIO DIGITAL,13
42192404,COCHE DE PARO,13
42221503,CATETER VENOSO CENTRAL TRIPLE LUMEN 7 FR X 20 cm.,13
42231802,SUCEDANEO DE LA LECHE MATERNA CON LACTOSA,13
42272223,VENTILADOR VOLUMETRICO DE TRANSPORTE,13
42281902,PAPEL CREPADO DE CELULOSA GRADO MEDICO 1.20 m X 1.20 cm CORTADO,13
42294215,"CRANEOTOMO ELECTRICO DIGITAL DE 65,000 rpm PANTALLA TACTIL PARA USO QUIRURGICO",13
42295112,MESA HIDRAULICA PARA OPERACION QUIRURGICA,13
42295137,EQUIPO ELECTRONICO DE VIDEO GASTROSCOPIO DE USO CLINICO,13
42311545,COMPRESA DE GASA ESTERIL 10 cm X 10 cm APROX. PARA USO QUIRURGICO,13
42312201,SUTURA CATGUT CROMICO ABSORBIBLE 2/0 C/A 1/2 CIRCULO REDONDA 35 mm X 70 cm PARA USO QUIRURGICO,13
46151505,BARRERA DE CONTENCION DE PVC DE 20in x 8in x 12in PARA DERRAMES DE HIDROCARBUROS,13
46181506,PONCHO IMPERMEABLE CON CAPUCHA,13
47101514,PLANTA DE TRATAMIENTO DE AGUA,13
48111103,MAQUINA ENVASADORA,13
50192701,RACION ALIMENTARIA COMPLEMENTARIA PARA PACIENTES,13
50405707,PAPA CANCHAN CALIDAD PRIMERA,13
51111606,HIDROXICARBAMIDA 500 mg TAB,13
51111711,DOXORUBICINA 50 mg INY,13
51111761,RANIBIZUMAB 10 mg/mL INY 0.3 mL,13
51111815,"TRIPTORELINA CON SOLVENTE 3,75 mg INY",13
51112008,SORAFENIB 200 mg TAB,13
51141722,QUETIAPINA 200 mg TAB,13
51142533,MEMANTINA 10 mg TAB,13
51142934,KETAMINA 500 mg INY 10 mL,13
51151657,OXIBUTININA 5 mg TAB,13
51161525,BECLOMETASONA 250 mcg/dosis AER PARA INHALACION 200 Dosis,13
51171806,METOCLOPRAMIDA 10 mg TAB,13
51181708,PREDNISOLONA 1 % SUS OFT 5 mL,13
51191918,ACIDO FOLICO 500 mcg (0.5 mg) TAB,13
51201801,FACTOR IX CONCENTRADO HUMANO 500 UI INY,13
51241234,ACIDO FUSIDICO 2% CRM 15 g,13
51282931,MOXIFLOXACINO 400 mg TAB,13
56101504,SILLA FIJA DE METAL,13
56101904,SOPORTE DE METAL TIPO PATA PARA MOBILIARIO DE OFICINA,13
56112101,BUTACA CON ASIENTO Y RESPALDAR PARA AUDITORIO,13
70151507,SERVICIO DE REFORESTACION,13
70171501,SERVICIO DE TOMA DE MUESTRAS DE AGUA EN REDES DE AGUA POTABLE,13
72111003,SERVICIO DE REPARACION DE CONTENEDOR VIVIENDA/MULTIPROPOSITO,13
72141207,CONSTRUCCION DE ESTACION PARA EMBARQUE DE PASAJEROS DE TRANSPORTE URBANO,13
72151002,SERVICIO DE MANTENIMIENTO Y REPARACION DE CALDERO,13
72151509,SERVICIO DE INSTALACION ELECTRICA,13
72153613,SERVICIO DE ALQUILER DE MOBILIARIO PARA EVENTO,13
72154103,SERVICIO DE MANTENIMIENTO CORRECTIVO DE BOMBA PARA AGUA,13
73151904,SERVICIO DE IMPRESION DE MATERIALES DE DIFUSION,13
76101502,SERVICIO DE LIMPIEZA DE BAÑO PUBLICO,13
76121501,SERVICIO DE RECEPCION Y DISPOSICION FINAL DE RESIDUOS,13
76131602,Limpieza de derrames de sustancias toxicas,13
77101705,SERVICIO DE EVALUACION DE ACCIONES VINCULADAS A TEMAS DE SANEAMIENTO,13
77102001,SERVICIO DE INSPECCION TECNICA Y CERTIFICACION,13
77121604,SERVICIO DE CONSULTORIA EN MECANICA DE SUELOS,13
80121903,SERVICIO DE PERITAJE EN TEMAS JUDICIALES,13
80161501,SERVICIO DE PROCESAMIENTO DE DOCUMENTOS PARA MENSAJERIA,13
80171604,SERVICIO DE PRODUCCION DE AVISO PARA MEDIOS DE COMUNICACION DIGITAL,13
81111819,CONSULTORIA PARA CONTROL DE CALIDAD DE DESARROLLO DE SOFTWARE,13
81161502,SERVICIO DE IMPLEMENTACION DE INFRAESTRUCTURA PARA ADMINISTRACION DE RED,13
82131603,SERVICIO DE ESCANEO Y DIGITALIZACION,13
84131517,SEGURO DE AVIACION,13
86101810,CURSO DE AUTOEVALUACION PARA LA ACREDITACION DE LA CALIDAD EDUCATIVA,13
93131704,SERVICIO DE PROGRAMA DE PREVENTIVO DE SALUD OCUPACIONAL,13
93141509,SERVICIO DE PREVENCION DE CONFLICTOS SOCIALES,13
10121502,SEMILLA DE AVENA FORRAJERA (ALIMENTO PARA ANIMALES),12
11121620,MADERA TORNILLO (POR VOLUMEN),12
12162302,ADITIVO CURADOR DE CONCRETO,12
21101801,ASPERSOR DE RIEGO GIRATORIO DE ACERO DE 3/4 in,12
24101636,BOLSA DE POLIETILENO 72 Ám X 80 cm X 1.20 m APROX,12
25101612,AUTOHORMIGONERA DE 4 m3,12
31152001,ALAMBRE CONCERTINA DE ACERO INOXIDABLE,12
31181702,EMPAQUETADURA DE DOBLE CHAQUETA PARA INTERCAMBIADORES DE CALOR,12
40142007,MANGUERA DE POLIETILENO CLASE 10 DE 4 in,12
40171525,TUBO DE FIERRO GALVANIZADO DE 2 in X 4 mm X 6 m,12
41104205,PURIFICADOR DE AGUA DE LABORATORIO DE 6 L 0.6 L/min,12
41111902,MEDIDOR  DIGITAL MULTIPARAMETRO  DE PH/ION/CONDUCTIVIDAD/OXIGENO/ORP ELECTROQUIMICO,12
41115703,CROMATOGRAFO ELECTRONICO AUTOMATICO DE GASES CON DETECTOR DE MASAS E INYECTOR,12
41115709,CROMATOGRAFO LIQUIDO DE ULTRAPERFORMANCE (UHPLC)ACOPLADO A ESPECTROMETRO DE MASAS,12
41115811,ANALIZADOR DIGITAL GENETICO,12
41116002,"REACTIVO DE BIOLOGIA MOLECULAR PARA TAMIZAJE DE VIH, HCV, HVB EN DONANTES DE SAGRE",12
41116144,MEZCLA DE REACCION PARA PCR EN TIEMPO REAL X 2000 REACCIONES,12
41116145,ESTANDAR BIOLOGICO RUBELLA VACCINE (LIVE) X 1 mL,12
42152427,RESINA FOTOCURABLE KIT (AC. GRABADOR + COMPONENTE) 4 JERINGAS/4 g,12
42161613,FILTRO DE POLISULFONA DE 1.8 m2 PARA EQUIPO HEMODIALISIS,12
42172007,MONITOR DESFIBRILADOR,12
42191807,CAMA DE METAL QUIRURGICA HOSPITALARIA,12
42192207,CAMILLA DE METAL RODANTE CON BARANDAS PARA USO HOSPITALARIO,12
42281502,ESTERILIZADOR,12
42295114,CASSETTE DESCARTABLE DE RIEGO ACTIVO PUNTA BISELADA 0.9 mm ABS 45 PARA FACOEMULSIFICACION,12
42311527,APOSITO DE POLIURETANO TRANSPARENTE ADHESIVO 10 cm X 12 cm PARA USO EN HERIDAS,12
43221705,RADIOENLACE DE DATOS,12
43222903,TORRE DE FIERRO TRIANGULAR DE 35 cm X 35 cm X 35 cm X 36 m DE ALTURA,12
44103202,RELOJ MARCADOR FECHADOR ELECTRONICO CON LECTOR BIOMETRICO,12
46171604,SISTEMA CERCO ELECTRICO,12
46171610,CAMARA DE VIGILANCIA TIPO DOMO INTERIOR A COLOR ALTA RESOLUCION,12
47101605,DESINFECTANTE PARA CONTROL DE BACTERIAS,12
50131801,QUESO FRESCO DE VACA,12
50192301,PANETON X 900 g,12
50501701,AMINOACIDOS 10% INY 500 mL,12
51101573,CEFUROXIMA 500 mg TAB,12
51111618,METOTREXATO 2.5 mg TAB,12
51111707,OLAPARIB 150 mg TAB,12
51111722,IMATINIB 400 mg TAB,12
51121904,NIFEDIPINO 30 mg TAB LIB PRO,12
51131709,CLOPIDOGREL 75 mg TAB,12
51131901,POLIGELINA 3.5 g/100 mL (3.5 %) INY 500 mL,12
51141903,CARBONATO DE LITIO 300 mg TAB,12
51162701,ACETILCISTEINA 200 mg GRANU 1 g,12
51171917,RANITIDINA 300 mg TAB,12
51183303,SITAGLIPTINA 100 mg TAB,12
51183603,INSULINA ISOFANA HUMANA ADN RECOMBINANTE 100 UI/ mL INY 10 mL,12
51202306,ETANERCEPT 50 mg  INY,12
51241232,ISOTRETINOINA 20 mg TAB.,12
51341801,DARUNAVIR 600 mg TAB,12
51342703,TELAPREVIR 375 mg TAB,12
51401505,ALPRAZOLAM 500 mcg (0.5 mg) TAB,12
51422204,TRIAMCINOLONA 40 mg INY 1 mL,12
51472802,CLORHEXIDINA GLUCONATO 2 g/100 mL CON DISPENSADOR DE CIRCUITO CERRADO 1 L,12
53111901,ZAPATILLA DE LONA PARA CABALLERO,12
60104911,CAMPANA EXTRACTORA DE METAL,12
70131707,SERVICIO DE ANALISIS DE SUELOS CON FINES AGRICOLAS,12
71122701,SERVICIO DE MANTENIMIENTO CORRECTIVO DE PLATAFORMA PETROLIFERA Y ESCALERAS,12
72141123,SERVICIO DE FABRICACION DE REJILLAS DE ACERO PARA DRENAJE FLUVIAL,12
72141605,SERVICIO DE MANTENIMIENTO PREVENTIVO  DE VIAS FERREAS,12
72151506,SERVICIO DE MANTENIMIENTO CORRECTIVO DE TABLERO ELECTRICO TRIFASICO,12
72151601,SERVICIO DE INSTALACION DE SEÑAL DE TELEVISION POR CABLE,12
72154067,SERVICIO DE ALQUILER DE TOLDOS,12
72154108,SERVICIO DE MANTENIMIENTO PREVENTIVO DE MOTOBOMBAS,12
72154301,SERVICIO DE MANTENIMIENTO CORRECTIVO DE TURBINAS DE GENERACION ELECTRICA,12
73151703,SERVICIO DE APLICACION DE REVESTIMIENTO INDUSTRIAL METALICO,12
77101504,SERVICIO DE ELABORACION DE ESTUDIO DE IMPACTO AMBIENTAL DE PROYECTOS DE INVERSION PUBLICA,12
78141805,SERVICIO DE RASTREO DE AERONAVE,12
80111504,SERVICIO DE SUPERVISION PARA DESARROLLO DE CAPACIDADES,12
80111620,SERVICIO DE IDENTIFICACION DE PELIGROS Y EVALUACION DE RIESGOS,12
80121604,SERVICIO LEGAL EN TEMAS DE USO DE MARCA Y LOGOTIPO,12
80161502,SERVICIO ESPECIALIZADO DE EXPOSITOR,12
81101706,SERVICIO DE MANTENIMIENTO CORRECTIVO DE CAMARA GAMMA,12
81102201,ELABORACION DE EXPEDIENTE TECNICO RELACIONADOS AL MEJORAMIENTO DEL ENTORNO URBANO Y ACCESO PEATONAL Y VEHICULAR,12
81111510,SERVICIO DE HOUSING DE SERVIDORES,12
81112220,SERVICIO DE VIRTUALIZACION DE SERVIDORES,12
81151502,SERVICIO DE MONITOREO DE DESCARGAS ATMOSFERICAS,12
82131501,SERVICIO DE DIGITALIZACION Y SISTEMATIZACION DE PLANOS,12
84111501,CONSULTORIA DE REVISION DE COSTOS ADMINISTRATIVOS Y OPERATIVOS,12
86101710,SERVICIO DE PONENCIA,12
95121907,ESTACION HIDROMETEOROLOGICA AUTOMATICA,12
10171507,FERTILIZANTE UREA NITROGENO AL 46%,11
11131607,EMBRION DE GANADO VACUNO RAZA BROWN SWISS,11
11161608,TOALLA DE FELPA DE COLOR 140 cm X 75 cm PARA CUERPO,11
14111704,PAPEL HIGIENICO X 550 m,11
15111599,GAS NATURAL VEHICULAR,11
21101501,ARADO DE 0.80 m 1 CUERPO 3 DISCOS,11
21102002,SELECCIONADOR DE GRANO,11
21102003,SEPARADOR DE GRANOS,11
23181599,PASTEURIZADOR ELECTRICO DE 1000 L/H,11
24111503,BOLSA DE POLIETILENO 2.5 Ám X 5.5 in X 5.5 in,11
25101609,CAMION HIDROJET DE 5 m3,11
26101515,MOTOR FUERA DE BORDA DE 150 HP,11
26121634,CABLE CONDUCTOR DE 35 mm2,11
26131701,SISTEMA DE DETECCION CONTRA INCENDIOS,11
27112033,PLASTICO DE POLIETILENO TIPO BORRULL PARA INJERTOS DE PLANTAS DE 1.5 in X 70 cm,11
27131526,PRENSA NEUMATICA,11
30102204,PLANCHA DE ACERO ASTM A36 1/4 in X 2 m X 6 m,11
30151602,TEJA ANDINA 1.15 m X 76 cm X 5 mm,11
31211506,PINTURA LATEX,11
41111903,DETECTOR DE RAYOS X DIGITAL TIPO MALETIN PARA EQUIPOS DE SEGURIDAD,11
41111933,EQUIPO ELECTRICO PARA MEDICION DE CARGAS ELECTROESTATICAS,11
41113680,MEDIDOR ELECTRONICO MONOFASICO DE 2 HILOS DE 220 V,11
41113826,TEXTUROMETRO UNIVERSAL DIGITAL DOBLE COLUMNA DE 5kN,11
41113903,ANALIZADOR DIGITAL DE TAMAÑO DE PARTICULAS,11
41115318,COLORIMETRO DIGITAL PORTATIL,11
41116011,PANEL DE REACTIVOS BIOLOGICOS NO INFECCIOSOS,11
41116108,DOSAJE DE TIEMPO DE PROTROMBINA,11
41116121,HEMOGLOBINA GLICOSILADA,11
41116127,PRUEBA RAPIDA VIH (AG-AC) ELISA,11
42131701,CAMPO QUIRURGICO DE PLASTICO ESTERIL DESCARTABLE 2.50 m X 1.50 m,11
42203401,ENDOPROTESIS DE AORTA TORAXICA 140 mm X 32 mm,11
42231803,SUPLEMENTO NUTRICIONAL PARA PACIENTE DIABETICO,11
42271707,EQUIPO DIGITAL PARA DETERMINACION DE FLUJO DE USO DE LABORATORIO,11
42293505,SONDA DE ASPIRACION DE POLIURETANO ENDOTRAQUEAL CIRCUITO CERRADO Nº 14,11
42295143,ELECTROBISTURI,11
42311547,APOSITO DE GASA Y ALGODON ESTERIL 10 x 20 cm,11
43212103,IMPRESORA TIPO CODIFICADORA DE TARJETAS DE IDENTIFICACION DE SUBLIMACION DE TINTA A COLOR DUPLEX TAMAÑO CR-80 DE 100 TARJETAS 600 X 600 ppp,11
43222640,PUNTO DE ACCESO INALAMBRICO DE 2.5 Gbps 4 DBI,11
43232604,SOFTWARE (INC. LICENCIA) DE DISEÑO ASISTIDO POR COMPUTADORA PARA DIBUJO 2D Y 3D,11
44111911,PIZARRA INTERACTIVA DE 82 in DE 32767 X 32767 APROX. TECNOLOGIA INFRAROJO MULTITACTIL DE 10 PUNTOS CONEXION USB PARA ADOSAR,11
45111902,SISTEMA DE VIDEOCONFERENCIA MOVIL,11
46181507,CHALECO ANTIMOTIN,11
50405711,PAPA YUNGAY CALIDAD PRIMERA,11
51101504,CLINDAMICINA 600 mg INY 4 mL,11
51101538,LEVOFLOXACINO 500 mg TAB,11
51111506,CISPLATINO 50 mg INY,11
51111642,IRINOTECAN 100 mg INY 5 mL,11
51111875,ANASTROZOL 1 mg TAB,11
51112510,IFOSFAMIDA 1 g INY,11
51121520,PROPAFENONA 150 mg TAB,11
51121708,METILDOPA 250 mg TAB,11
51121743,AMLODIPINO 5 mg TAB,11
51121753,IRBESARTAN 150 mg TAB,11
51131518,ACIDO FOLICO + FERROSO SULFATO HEPTAHIDRATO 400 mcg + 60 mg Fe TAB,11
51131811,ACIDO TRANEXAMICO 1 g INY 10. mL,11
51141505,FENOBARBITAL 100 mg TAB,11
51141716,HALOPERIDOL 50 mg/mL INY 1 mL,11
51142941,PROPOFOL 1 % (10 mg/ mL) INY 20 mL,11
51151512,NEOSTIGMINA 0.5 mg INY 1 mL,11
51171804,ONDANSETRON 8 mg INY 4 mL,11
51181516,GLIBENCLAMIDA 5 mg TAB,11
51181601,LEVOTIROXINA SODICA 50 mcg (0.05 mg) TAB,11
51192001,ALOPURINOL 100 mg TAB,11
51211502,COLCHICINA 500 mcg (0.5 mg) TAB,11
51211617,FOLINATO CALCICO (equiv 50 mg acido folinico) INY,11
51281627,AMIKACINA 500 mg INY 2 mL,11
51442004,FLUOROURACILO 500 mg INY 10 mL,11
52141531,MAQUINA INDUSTRIAL PICADORA DE ALIMENTOS,11
52151644,ATOMIZADOR DE PLASTICO DE 1000 ml,11
52161523,TRANSMISOR DE TV - VHF 100 W BANDA I,11
53103001,POLO DE ALGODON MANGA CORTA,11
70101602,SERVICIO DE ANALISIS BIOQUIMICOS Y MOLECULARES DE ORGANISMOS ACUATICOS,11
71161408,SERVICIO DE OPERACION DE EMBARCACIONES MARITIMAS,11
72103302,SERVICIO DE MANTENIMIENTO DE REDES DE TELECOMUNICACION,11
72121002,CONSTRUCCION DE PLANTA DE PROCESAMIENTO DE ALIMENTOS,11
72121409,CONSTRUCCION DE BIBLIOTECA,11
72141125,CONSTRUCCION DE ESTACION DE BOMBEO DE AGUAS RESIDUALES,11
72141214,CONSTRUCCION DE OBRA RELACIONADA CON ENCAUSAMIENTO Y DEFENSAS DE RIOS,11
72141702,SERVICIO DE ALQUILER DE EQUIPOS DE CONSTRUCCION,11
72152708,SERVICIO DE COMPACTACION Y CONFORMACION DE SUB RASANTE DE ESTACIONAMIENTO,11
72152901,INSTALACION Y DISEÑO DE ESTRUCTURAS METALICAS,11
72152905,SERVICIO DE SUPERVISION DE FABRICACION E INSTALACION DE ESTRUCTURAS METALICAS,11
72153203,SERVICIO DE MONITOREO Y ANALISIS DE CORROSION TUBERIAS Y DUCTOS,11
78131803,SERVICIO DE ALMACENAMIENTO DE COMBUSTIBLE,11
80121610,SERVICIO DE RECUPERACION DE CARTERA MOROSA,11
80171501,SERVICIO DE MEDICION DE IMPACTO EN MEDIOS DE COMUNICACION,11
81101513,SERVICIO DE INSPECTOR DE OBRAS,11
81111707,SERVICIO DE SUPERVISION DE IMPLEMENTACION DE SISTEMAS,11
81141806,SERVICIO DE SUPERVISION DE LAS ACTIVIDADES DE CONTROL DE PERDIDAS DE ENERGIA,11
83111801,SERVICIO DE TELEVISION POR CABLE O SATELITE,11
84131505,SEGURO DE EMBARCACIONES MARITIMAS,11
86101801,CURSO EN TEMAS DE FINANZAS,11
86101805,CURSO DE OPERACION Y MANTENIMIENTO DE SERVICIOS DE SANEAMIENTO,11
93141511,SERVICIO DE EVALUACION DE ESTUDIOS SOCIALES,11
10131506,PORCINO LANDRACE HEMBRA,10
10171502,FEROMONA AGRICOLA GOSSYPLURE AL 280.452 g/mol CONCENTRADO SOLUBLE (SL),10
10171608,FERTILIZANTE DE MICRONUTRIENTES N + P + K + S + Mg + B + Zn  19% + 4% + 19% + 2% + 3% + 0.1% + 0.1% GRANULADO,10
12352104,ALCOHOL ETILICO (ETANOL) RECTIFICADO 96º,10
14111605,TARJETA DE NAVIDAD,10
20101599,EQUIPO DE CORTE DIRECTO DE 1 kN 50 KV,10
21101705,PILADORA DE CAFE,10
21101909,ESQUILADORA DE 75 mm 300 W,10
21111504,MALLA CUADRADA DE NAILON DE 1 in X 5 m X 5 m X 5 m,10
23181803,MAQUINA PARA PRODUCCION DE HIELO EN BLOQUES,10
24101510,CAMION PLATAFORMA,10
25101502,OMNIBUS DE 50 PASAJEROS,10
26111607,PANEL SOLAR DE 400 W,10
30102206,PLANCHA DE ALUZINC TRAPEZOIDAL CON AISLANTE TERMICO DE 12000 mm X 1060 mm X 50 mm APROX.,10
30102904,POSTE DE MADERA EUCALIPTO DE 4 in X 6 ft,10
30103101,BARANDA DE TUBO DE ACERO DE 2 1/2 in X 1.85 m X 3.00 m,10
30171706,VIDRIO TEMPLADO DE 6 mm,10
30181605,TAPAS PARA BUZONES DE DESAGUE DE FIERRO FUNDIDO,10
30265601,"BARRA DE ACERO 1/2"" X 9 m",10
32151903,CAJA PARA MEDIDOR TRIFASICO DE METAL DE 60 cm X 65 cm X 20 cm,10
39101602,LAMPARA ELECTRICA DE HENDIDURA CON TONOMETRO DE APLANACION DE 5 OBJETIVOS Y OCULARES DE 10 X,10
39112001,TORRE DE ILUMINICACION TELESCOPIO DE 8.5 m MOTOR 3 CILINDROS,10
39122103,POSTE DE CONCRETO ARMADO CENTRIFUGADO DE 8/200/2/140/260,10
40151502,BOMBA DE VACIO ELECTRICA DE 15 PSI,10
40171527,TUBO PARA ALCANTARILLADO DE ACERO GALVANIZADO CORRUGADO - TMC DE 36 in x 2 mm,10
41102421,TERMOCICLADOR,10
41104213,PURIFICADOR DE AGUA ULTRA PURA A PARTIR DE AGUA POTABLE 2 L/min X 25 L,10
41104423,INCUBADORA DIGITAL PARA LABORATORIO DE 700 L RANGO +3 C a +70 C,10
41104924,FILTRO DE FIBRA DE VIDRIO DE 22 mm X 15 mm PARA HUMIDIFICACION PASIVA ANTIVIRUS ANTIBACTERIAL,10
41106214,MEDIO PARA HEMOCULTIVO ADULTO AUTOMATIZADO EN FRASCO,10
41111703,"ESTEREO MICROSCOPIO OCULARES 10X OBJETIVOS DE 2X, 4X PARA USO DE LABORATORIO",10
41111710,"MICROSCOPIO  DIGITAL BINOCULAR CON OBJETIVO DE 10X, 25X, 40X Y 100 X Y OCULARES DE 5X,10 X Y 15X",10
41111760,COMPACTADORA AUTOMATICA DE MUESTRAS METALOGRAFICAS PARA ENSAYOS DE RESISTENCIA,10
41116126,PRUEBA RAPIDA PARA VIH 1-2 X 30 DETERMINACIONES,10
42142502,AGUJA ESPINAL DESCARTABLE Nº 27 g X 3 1/2 in,10
42142523,AGUJA HIPODERMICA DESCARTABLE Nº 21 g X 1 1/2 in,10
42182103,ESTETOSCOPIO CLINICO BIAURICULAR COMPLETO ADULTO,10
42182308,ELECTROENCEFALOGRAFO DIGITAL CON 20 ELECTRODOS,10
42201702,DETECTOR DE LATIDOS FETALES DE SOBREMESA,10
42203901,ANALIZADOR DE DOSIMETRO TIPO AUTOMATICO DE TERMOLUMINISCENCIA PARA CONTROL DE IRRADIACION,10
42231504,BOLSA DE PVC X 1 L PARA NUTRICION ENTERAL,10
42242001,PROTESIS DE RODILLA,10
42272505,TUBO CORRUGADO DESCARTABLE DE 1.60 m PARA EQUIPO DE ANESTESIA,10
43211730,SISTEMA DIGITAL DE ADQUISICION DE DATOS,10
43211906,PANTALLA INTERACTIVA MULTITACTIL LED DE 86 in APROX,10
43221802,EQUIPO DE OPTICA ONDULATORIA,10
43233415,SOFTWARE (INC. LICENCIA) PARA BACKUP Y PROTECCION DE DATOS,10
46171621,CIRCUITO CERRADO DE VIDEO VIGILANCIA DE 8 CAMARAS,10
47101513,CENTRAL DE OXIGENO,10
47121610,HIDROLAVADORA INDUSTRIAL DE ALTA PRESION DE 590 L/H,10
49241501,"JUEGO INFANTIL TOBOGAN, PUENTE EN ARCO FIJO, TUNEL DE FIBRA DE VIDRIO, ESCALERA CULEBRA, PASAMANOS CURVO DE METAL, COLUMPIO DOBLE",10
49241504,JUEGO RECREATIVO CUBO CON TOBOGAN DE PLASTICO PARA NIÑOS,10
50101716,CHUÑO NEGRO,10
50111514,CARNE DE CERDO CON HUESO,10
50121539,PESCADO BONITO EVISCERADO SIN CABEZA REFRIGERADO CALIDAD A,10
50301572,MANZANA DELICIA CATEGORIA I,10
51101578,CEFAZOLINA CON DILUYENTE 1 g INY,10
51101603,METRONIDAZOL 250 mg/5 mL SUS 120 mL,10
51102314,RITONAVIR 100 mg TAB,10
51111610,METOTREXATO (SIN PRESERVANTES) 50 mg INY 2 mL,10
51111617,GEMCITABINA  1 g INY,10
51111731,BEVACIZUMAB 100 mg (4 mL) INYECTABLE,10
51121725,BISOPROLOL 5 mg TAB,10
51141504,LAMOTRIGINA 50 mg TAB,10
51141528,TOPIRAMATO 100 mg TAB,10
51141542,MIDAZOLAM 50 mg INY 10 mL,10
51141702,HALOPERIDOL 5 mg/mL INY 1 mL,10
51141711,LEVOMEPROMAZINA 100 mg TAB,10
51152004,BROMURO DE VECURONIO 4 mg INY 1 mL,10
51171631,"MACROGOL COMBINACIONES SIN SODIO SULFATO 105 g + 0,37 g + 2,8 g PLV 110 g",10
51171820,DIMENHIDRINATO 50 mg TAB,10
51182406,ACIDO ALENDRONICO 70 mg TAB,10
51182709,METFORMINA + SITAGLIPTINA 500 mg + 50 mg TAB,10
51191509,MANITOL 20 % (20 g/100 mL) INY 500 mL,10
51191909,TIAMINA 100 mg TAB,10
51281703,"AMPICILINA + SULBACTAM 1 g + 0,5 g INY",10
51294403,ARIPIPRAZOL 15 mg TAB,10
51342709,INTERFERON BETA 1A 132 Ág INY 1.5 mL,10
51351804,ESTROGENOS CONJUGADOS 62 mg/100 g CRM 15 g,10
53102501,CORREA DE CUERO PARA CABALLERO,10
53102708,UNIFORME ASISTENCIAL UNISEX - SACO Y PANTALON,10
53131648,REPELENTE DE INSECTOS EN LOCION PARA PIEL,10
55121804,LICENCIA DE CONDUCIR,10
56111511,ESCRITORIO DE MELAMINA CON 3 GAVETAS,10
56141701,TINA QUESERA DE ACERO DE 300 l,10
70111503,SERVICIO DE PODA ARBOLES,10
71151106,SERVICIO DE ADMINISTRACION ALMACENAMIENTO Y CUSTODIA DE CINTAS BACKUP,10
72111007,SERVICIO DE FABRICACION E INSTALACION DE MODULOS DE MADERA PARA VIVIENDA TEMPORAL,10
72121507,SERVICIO DE CONSTRUCCION DE PLANTAS DE ALMACENAMIENTO DE COMBUSTIBLES,10
72151511,SERVICIO DE MANTENIMIENTO DE ALUMBRADO PUBLICO,10
72151604,SERVICIO DE TRANSMISION DE DATOS,10
72152909,SERVICIO DE INSTALACION DE TANQUE ELEVADO,10
72153401,SERVICIO DE INSTALACION  DE PERGOLAS DE MADERA,10
72154201,SERVICIO DE CALIBRACION DE MULTIMETRO,10
73111505,SERVICIO DE FABRICACION DE MESAS Y SILLAS,10
73181012,SERVICIO DE ESMERILADO Y PINTADO DE ESTRUCTURAS DE FIERRO,10
77101602,CONSULTORIA PARA ELABORACION DE ESTUDIO FORESTAL,10
78101502,SERVICIO DE TRANSPORTE DE CARGA AEREO INTERNACIONAL,10
78102204,SERVICIO DE MENSAJERIA A NIVEL INTERNACIONAL,10
78102205,SERVICIO DE COURIER NIVEL LOCAL,10
78181901,SERVICIO DE MANTENIMIENTO CORRECTIVO EN COMPONENTES MAYORES DE HELICOPTERO,10
80101510,CONSULTORIA DE ELABORACION DE ANALISIS PARA RIESGO EN OPERACIONES,10
80131506,SERVICIO DE ALQUILER DE BAÑO PORTATIL,10
80141502,SERVICIO DE CONSULTORIA DE ELABORACION DE ESTUDIO DE DESARROLLO DE MERCADO,10
80141504,CONSULTORIA DE ELABORACION DE ESTUDIO DE MERCADO PARA MEDIR EL NIVEL DE SATISTACCION DEL CLIENTE,10
81102402,SERVICIO DE MANTENIMIENTO PREVENTIVO DE SISTEMA DE AISLADORES Y TRANSFORMADORES,10
81111509,SERVICIO DE DISEÑO DE CURSO DE CAPACITACION VIRTUAL,10
81111513,SERVICIO DE SUSCRIPCIONES DE CORREO EN LA NUBE DE 100 GB,10
81112307,SERVICIO DE MANTENIMIENTO CORRECTIVO DE COMPUTADORA PERSONAL DE ESCRITORIO,10
83111601,CONSULTORIA DE EVALUACION DE SERVICIOS DE CALIDAD EN COMUNICACIONES,10
84111603,SERVICIO DE INTERVENCION ESPECIALIZADA EN ACTIVIDADES DE AUDITORIA,10
84121605,SERVICIO DE CANJE DE NUMERARIO,10
85101703,SERVICIO DE CONSULTORIA EN ESTUDIO EN PROYECTOS DE SALUD,10
86132102,CONSULTORIA DE ELABORACION DE DISEÑO DE CURRICULA Y MATERIAL EDUCATIVO,10
90141601,SERVICIO DE ORGANIZACION DE EVENTOS DEPORTIVOS,10
93161703,SERVICIO DE ANALISIS TRIBUTARIO,10
94131603,Servicios de asistencia legal,10
10121501,SALVADO DE TRIGO PARA ALIMENTO DE ANIMALES,9
10152008,SEMILLA DE CAFÉ - COFFEA ARABICA L,9
11111808,TIERRA ARCILLOSA CON ARENA MEZCLADA,9
11121702,LEÑA SECA DE EUCALIPTO,9
12161503,Juegos de reactivos,9
13102017,GEOMEMBRANA HDPE 1 mm,9
14111806,FORMATO UNICO DE ATENCION,9
15101504,TURBO A-1,9
21101502,RASTRAS EN GENERAL,9
21101599,TRACTOR CON RIPPER,9
22101539,CADENA DE CARRILERIA PARA TRACTOR SOBRE ORUGA,9
22101624,CARRO MARCADOR DE LINEAS DE 4 HP,9
23241507,ASERRADERO PORTATIL DE 20 HP,9
24121502,SACO DE POLIPROPILENO DE 1 m X 70 cm,9
25111516,BOTE DESLIZADOR DE HYPALON PARA 12 PASAJEROS CON MOTOR FUERA DE BORDA,9
26121609,CABLE DE RED UTP CAT 6A,9
26121613,CABLE ELECTRICO FLEXIBLE DE ALUMINIO TIPO CONCENTRICO DE 2 X 6 mm2,9
27112025,AZADON (ZAPAPICOS) CON MANGO DE MADERA,9
27121599,MAQUINA PARA ENSAYO DE COMPRESION,9
30111901,FIBRA DE REFUERZO DE CONCRETO DE ACERO GRUPO I DE 0.75 mm,9
31401610,EMPAQUETADURA RECORTADA DE SISTEMA HIDRAULICO SECUNDARIO DE AERONAVE,9
32101513,PARTES DE MANTENIMIENTO PARA TRANSMISOR UNIVERSAL DE PULSOS UPT,9
39111603,LUMINARIA LED 72 W 7400 lm 2700-3300 K PARA ALUMBRADO PUBLICO,9
39121570,"INTERRUPTOR DE RECIERRE AUTOMATICO (RECLOSER) CON SISTEMA DE CONTROL ELECTRICO TRIPOLAR 27 KV, 150 KV",9
39122314,RELE DE PROTECCION DE 110 V 60 Hz,9
40151599,ELECTROBOMBA CENTRIFUGA HORIZONTAL MAGNETICA DE 220 V 1100 L,9
40171502,TUBO DE ACERO 1 1/4 in X 3 m,9
41101805,APARATO DE MEDICION DE FLUJO,9
41103314,MICROSCOPIO (OTROS),9
41104114,CAJA DE BIOSEGURIDAD DE CARTON 36 cm X 30 cm X 28 cm,9
41105335,MARCADOR  DE PESO MOLECULAR PARA CUANTIFICACION DE ADN,9
41112502,REOMETRO DIGITAL AUTOMATICO PARA INDICE DE FLUIDEZ DE UN LIQUIDO,9
41113614,MEDIDOR DIGITAL MULTIFUNCION TRIFASICO DIRECTO,9
41116004,UREA CINETICA AUTOMATIZADA,9
41116202,REACTIVO PARA DETERMINAR COLESTEROL LDL DIRECTO AUTOMATIZADO,9
41116203,MEDIDOR DE CLOROFILA,9
41123302,ARCHIVADOR METALICO MOVIL O RODANTE DE ACCIONAMIENTO MANUAL,9
42131606,MASCARILLA DESCARTABLE N-95,9
42182011,TUBO DE PVC PARA EVACUACION DE HUMO DE ESPECULO DE 1/4 in X 9 in,9
42192001,MESA (DIVAN) PARA EXAMENES Y CURACIONES,9
42201811,TARJETA ELECTRONICA DE CONTROL PARA EQUIPO DE RAYOS X,9
42203404,GUIA DE ACERO INOXIDABLE HIDROFILICA 0.014 mm X 180 cm PARA ANGIOPLASTIA,9
42271709,CANULA NASAL DE PVC HUDSON Nº 0 PARA UN MONITOR CPAP NASAL,9
42271718,EQUIPO DE OXIGENOTERAPIA RODABLE CON DOS BALONES DE ALUMINIO TIPO E X 685 L APROX PARA USO HOSPITALARIO,9
42293602,OBTURADOR DESCARTABLE PARA PROLONGADOR DEL SISTEMA DE DIALISIS PERITONEAL,9
42295160,VALVULA DE SILICONA PARA CIRUGIA DE GLAUCOMA,9
42295201,DERMATOMO NEUMATICO PARA USO QUIRURGICO,9
42296308,VIDEOCOLONOSCOPIO ELECTRONICO 140 IMAGENES HD USO HOSPITALARIO,9
43201807,UNIDAD PARA COPIA DE SEGURIDAD - TAPE BACKUP EXTERNO,9
43231511,SOFTWARE (INC. LICENCIA) PARA IMPLEMENTACION DE UNA INFRAESTRUCTURA DE NUBE PRIVADA,9
43232309,SOFTWARE (INC. LICENCIA) PARA DETECCION DE PLAGIO EN TEXTOS,9
43232804,SOFTWARE (INC. LICENCIA) PARA ADMINISTRACION DE PROYECTOS,9
44101503,DUPLICADORA DIGITAL CON EDITOR INTELIGENTE,9
45111815,UNIDAD COMBINADORA DE AUDIO Y VIDEO,9
46151713,PRUEBA RAPIDA INMUNOCROMATOGRAFICA CONFIRMATORIA DE SANGRE HUMANA X 25 DETERMINACIONES,9
47121612,BARREDORA MECANICA,9
48101517,HORNO INDUSTRIAL A GAS COMBINADO DE 10 BANDEJAS PARA COCCION DE ALIMENTOS,9
48101610,MAQUINA INDUSTRIAL PELADORA DE ALIMENTOS,9
49121503,CARPA DE POLIESTER CON RECUBRIMIENTO DE POLIURETANO DE 2.30 m X 2.90 m X 2.93 m APROX.,9
50121537,PESCADO JUREL EVISCERADO SIN CABEZA Y SIN COLA CONGELADO (HGT),9
50405702,PAPA BLANCA,9
51101570,ERITROMICINA 500 mg TAB,9
51101815,NISTATINA 100000 UI/mL SUS 12 mL,9
51111822,OXALIPLATINO 100 mg INY,9
51111862,NILOTINIB 200 mg TAB,9
51111904,PACLITAXEL 100 mg INY,9
51121713,DILTIAZEM 60 mg TAB,9
51121715,ENALAPRIL 10 mg TAB,9
51131516,HIERRO 100 mg Fe INY 5 mL,9
51131906,GELATINA SUCCINILATADA 4 g/100 mL INY 500 mL,9
51143401,CAFEINA CITRATO 20 mg/mL AMP 1 mL,9
51152003,BROMURO DE ROCURONIO 50 mg INY 5 mL,9
51161606,LORATADINA 10 mg TAB,9
51171622,SODIO FOSFATO DIBASICO + SODIO FOSFATO MONOBASICO (6 g +16 g)/100 mL SOL RECTAL 133 mL,9
51181701,BETAMETASONA 0.05% CRM 20 g,9
51191515,HIDROCLOROTIAZIDA 25 mg TAB,9
51201522,ADALIMUMAB 40 mg INY 0.8 mL,9
51201541,EVEROLIMUS 750 ug TAB,9
51202804,TACROLIMUS 1 mg TAB,9
51203401,AZATIOPRINA 50 mg TAB,9
51211606,"FLUMAZENIL 0,5 mg INY 5 mL",9
51241107,DORZOLAMIDA 2% SOL OFT 5 mL,9
51241126,BRIMONIDINA + DORZOLAMIDA + TIMOLOL 2 mg + 20 mg + 5 mg/mL SOL OFT 5 mL,9
51273937,LIDOCAINA + EPINEFRINA 2 % + 1:80 000 INY,9
51292009,ESCITALOPRAM 10 mg TAB,9
51294001,APREPITANT + APREPITANT 125 mg + 80 mg TAB,9
51372108,OXICODONA 5 mg TAB,9
51401515,CLOBAZAM 10 mg TAB,9
56101508,COLCHON DE 1 PLAZA,9
56121012,MUEBLE DE MELAMINA DE 18 mm CON ESPALDAR DE 3 mm Y TAPACANTOS,9
56121599,MUEBLE DE MELAMINA DE 1.00 m X 0.40 m X 1.00 m CON ESPALDAR,9
60141010,CARRITO DE JUGUETE DE PLASTICO CON PLATAFORMA,9
60141115,JUEGO DE INSTRUMENTOS MUSICALES DE PLASTICO X 4 PIEZAS,9
70111705,SERVICIO DE MANTENIMIENTO EN NICHOS,9
72141511,Servicios de excavación,9
72151703,SERVICIO DE INSTALACION DE ALARMA CONTRA INCENDIO,9
72152504,SERVICIO DE INSTALACION DE PISO CERAMICO,9
72152508,SERVICIO DE INSTALACION DE PISO DE MADERA,9
72153303,SERVICIO DE ACONDICIONAMIENTO DE SISTEMA DE ALIMENTACION DE COMBUSTIBLE,9
72153606,SERVICIO DE INSTALACION DE MOBILIARIO EMPOTRADO PARA OFICINA,9
72154056,SERVICIO DE MANTENIMIENTO DE TANQUE ELEVADO,9
73171603,SERVICIO DE MANTENIMIENTO CORRECTIVO DE CAMARA DE VIDEO,9
76121503,SERVICIO DE LIMPIEZA DE PARQUE Y PLAZA,9
77121606,SERVICIO DE MONITOREO DE CALIDAD DEL SUELO,9
78101709,SERVICIO DE ALQUILER DE BARCAZA CISTERNA,9
78102202,SERVICIO DE CASILLA POSTAL PARA ENVIOS DE CORRESPONDENCIA Y PAQUETES,9
80101506,CONSULTORIA PARA ELABORACION DE DISEÑO DE INDICADORES DE GESTION,9
80141509,SERVICIO DE VERIFICACION DE INFORMACION DE PRECIOS EN EL MERCADO,9
80161506,"SERVICIO DE ORDENAMIENTO, CLASIFICACION Y FOLIACION DE DOCUMENTOS",9
80172103,SERVICIO EN COMUNICACIONES,9
81101512,SERVICIO DE DESARROLLO DE SISTEMA DE INFORMACION GEOGRAFICA,9
81101524,SERVICIO DE INVENTARIO VIAL GEOREFERENCIADO,9
81101526,SERVICIO DE ELABORACION DE INFORME TECNICO FINANCIERO DE OBRA PARALIZADA DE SANEAMIENTO TIPO D,9
81101527,SERVICIO DE LABORATORIO PARA ENSAYOS EN PLANTA DE TRATAMIENTO DE AGUAS RESIDUALES,9
81111708,SERVICIO DE ELABORACION Y EVALUACION DE DOCUMENTOS TECNICOS PARA TELECOMUNICACIONES,9
81111806,SERVICIO DE SOPORTE Y ACTUALIZACION DE BASE DE DATOS ORACLE,9
81112202,SERVICIO DE ANALISIS DE VULNERABILIDAD EN SISTEMAS E INFRAESTRUCTURA TIC,9
81141902,SERVICIO DE SOPORTE DE TRANSFERENCIA TECNOLOGICA,9
82101604,SERVICIO DE PUBLICIDAD EN CINES,9
82101605,ELABORACION DE SPOT PUBLICITARIO EN TV,9
82111801,SERVICIO DE GRABACION Y EDICION DE AUDIOVISUAL,9
82121801,"SERVICIO DE DISEÑO, DIAGRAMACION E IMPRESION DE LIBROS",9
82141501,SERVICIO DE DISEÑADOR DE PROGRAMA,9
83111511,SERVICIO DE ENLACE DE TELECOMUNICACIONES,9
85121804,SERVICIO DE PROCESAMIENTO DE MUESTRAS EN PATOLOGIA CLINICA,9
86131802,SERVICIO EN TEMAS DE PILOTAJE DE AERONAVES,9
93141503,Servicios de planificación social,9
93141905,SERVICIO DE IDENTIFICACION DE SECTORES PRODUCTIVOS ESTRATEGICOS CON POTENCIAL DE CRECIMIENTO,9
10101799,ALEVINO DE PEZ PACO,8
10121901,ALIMENTO BALANCEADO PARA CUYES,8
10131603,JAULA DE PLASTICO DE 0.70 m X 0.79 m X 1.02 m APROX. PARA TRANSPORTE DE ANIMALES,8
10151708,SEMILLA DE PASTO - BRACHIARIA HIBRIDO MAVUNO,8
10161526,PLANTON DE PALTO,8
12181503,SISTEMA DE INCLUSION AUTOMATICO DE SOBREMESA DE 55 C-70 C PARA PARAFINA,8
14111604,TARJETA DE CARTULINA OPALINA DE 15 cm X 23 cm APROX.,8
14111703,PAPEL TOALLA X 200 m,8
15121902,GRASA MULTIPROPOSITO,8
20122706,TUBERIA HIDRAULICA PARA BRAZOS DE CARGA,8
21101612,TUBETE DE POLIPROPILENO PARA VIVERO 180 mL APROX.,8
23152902,MAQUINA SELLADORA AL VACIO DE 35 cm X 30 cm,8
23271402,MAQUINA DE SOLDAR AUTOGENA,8
24101601,ASCENSOR DE 3 PARADAS PARA 7 PERSONAS DE 525 Kg,8
24111803,TANQUE CILINDRO DE ACERO INOXIDABLE DE 1000 L,8
24141504,PRECINTO DE SEGURIDAD TIPO COMETA DE UN ANCLA,8
26111604,GENERADOR DE NITROGENO DE 600 LPH,8
26131801,TABLERO ELECTRICO DE CONTROL TRIFASICO DE 54 POLOS,8
27111522,CARDADORA,8
30102221,PLANCHA DE FIBRO CEMENTO ONDULADA TIPO TEJA ANDINA  5 mm X 72 cm X 1.14 m,8
30131502,MURETE DE CONCRETO DE 22 cm X 22 cm X 2 m PARA ACOMETIDA ELECTRICA,8
30131503,LOSETA DE PIEDRA DE 0.20 m X 0.40 m X 0.04 m,8
30131603,LADRILLO DE CONCRETO DE 9 cm X 10 cm X 24 cm,8
30131702,PIEDRA BASALTO TALLADA DE 50 cm X 30 cm X 10 cm,8
31161709,TUERCA PARA AERONAVE,8
31162906,ABRAZADERA TIPO U DE 2 OREJAS DE FIERRO GALVANIZADO DE 16 mm X 12 mm X 1.2 mm PARA TUBERIA DE PVC,8
31211508,PINTURA ACRILICA,8
32101514,AMPLIFICADOR DE RADIOFRECUENCIA,8
32101644,PROCESADOR DE CORRECCION ACUSTICA,8
39121103,TABLERO DE CONTROL,8
40151601,COMPRESORA DE AIRE DE 10 HP,8
40171505,TUBO DE ACERO GALVANIZADO 2 in X 6 m,8
41103011,REFRIGERADORA ELECTRICA VERTICAL DE +0 C A 13 C X 250 L APROX. PARA  CONSERVAR MEDICAMENTOS,8
41103312,VISCOSIMETRO,8
41104403,INCUBADORA DIGITAL PARA CULTIVO DE 32 L RANGO +20 C a +80 C,8
41104511,INCUBADORA DE LABORATORIO (OTROS),8
41105311,LECTOR PARA MICROPLACAS DE 384 POZOS 45 C BASADOS EN MONOCROMADOR,8
41105318,GEL DE AGAROSA PARA LA DETECCION DE ACIDOS NUCLEICOS METODO ELECTROFORESIS,8
41111619,MAQUINA CALIBRADORA ELECTRONICA DE CITRICOS POR COLOR Y DIAMETRO,8
41114210,NIVEL TOPOGRAFICO AUTOMATICO,8
41115319,LECTOR PARA PRUEBA DE ELISA,8
41115714,EQUIPO PARA MUESTREO DE AIRE PARTICULAS MENORES PM 10 DE 220 V 60 HZ,8
41115823,ANALIZADOR DIGITAL DE PROTEINAS/NITROGENO,8
41116010,SUERO CONTROL PATOLOGICO PARA PCR,8
41116208,MULTIPARAMETRO PORTATIL,8
42121607,HORMONAS PMSG PARA INSEMINACION ARTIFICIAL PARA GANADO VACUNO PARA USO VETERINARIO,8
42142521,AGUJA DESCARTABLE DE 21 g X 1 1/2 in PARA EXTRACCION DE SANGRE AL VACIO,8
42142704,BOLSA COLECTORA PARA CONTROL DE DIURESIS X 2 L,8
42201804,ARCO EN C ESTATICO DE RADIOSCOPIA PARA QUIROFANO,8
42221504,CATETER ENDOVENOSO DE POLIURETANO TIPO PERIFERICO DE 20G X 1 1/4 in CON DISPOSITIVO DE BIOSEGURIDAD,8
42294713,OXIGENADOR DE MEMBRANA DE FIBRA CON RESERVORIO VENOSO Y CARDIOTOMIA PEDIATRICO PARA USO HOSPITALARIO,8
42295475,CATETER DE POLIURETANO DESCARTABLE DE DRENAJE BILIAR 8.5 FR PARA USO QUIRURGICO,8
42296335,CISTORESECTOSCOPIO DIGITAL UNIPOLAR 19 FR PARA USO HOSPITALARIO,8
42321507,PLACA DE OSTEOSINTESIS DE ESTABILIZACION DE FEMUR DISTAL CON SISTEMA PARA TORNILLOS DE BLOQUEO 160 mm PARA USO QUIRURGICO,8
43221507,EQUIPO ORDENADOR DE TURNO ELECTRONICO,8
43222805,CENTRAL TELEFONICA DIGITAL DE 20 SALIDAS,8
43232801,SOFTWARE (INC. LICENCIA) PARA SEGURIDAD PERIMETRAL,8
44103206,EQUIPO CAPTURADOR DE HUELLA BIOMETRICO ESPECIAL,8
45121516,CAMARA DE VIDEO DIGITAL TIPO PROFESIONAL DE ALTA DEFINICION,8
45121609,SOPORTE DE MANO PARA CAMARA DE VIDEO,8
46181705,CASCO PARA MOTOCICLISTA CON VISOR  Y MENTONERA,8
50131704,LECHE EN POLVO ENTERA  X 400 g,8
50221002,HARINA DE SOYA,8
50221301,HARINA DE PLATANO,8
50307046,CARAMBOLA CATEGORIA EXTRA,8
51101507,BENCILPENICILINA PROCAINICA 1000000 UI INY,8
51101549,LINEZOLID 600 mg INY 300 mL,8
51101557,DOXICICLINA 100 mg TAB,8
51101597,MUPIROCINA 2 % CRM 15 g,8
51101801,AMFOTERICINA B 50 mg INY.,8
51111609,MERCAPTOPURINA 50 mg TAB,8
51111802,BICALUTAMIDA 50 mg TAB,8
51111830,ABIRATERONA 250 mg TAB,8
51111902,DOCETAXEL CON SOLVENTE 80 mg INY 2 mL,8
51112022,RIBOCICLIB 200 mg TAB,8
51112507,CICLOFOSFAMIDA 1 g INY,8
51112701,CARBOPLATINO 150 mg INY 15 mL,8
51112902,TEMOZOLOMIDA 100 mg TAB,8
51131624,DABIGATRAN ETEXILATO 110 mg TAB,8
51131650,RIVAROXABAN 20 mg TAB,8
51132225,PARACETAMOL + TRAMADOL CLORHIDRATO 325 mg + 37.5 mg TAB,8
51141514,PREGABALINA 75 mg TAB,8
51141604,MIRTAZAPINA 30 mg TAB,8
51142508,PRAMIPEXOL 1 mg TAB,8
51142904,LIDOCAINA SIN PRESERVANTES SIN EPINEFRINA 2 % (2 g/100 mL ) INY 20 mL,8
51151529,RIVASTIGMINA 18 mg (9.5 mg/24 h) PARCHE,8
51151710,ETILEFRINA 10 mg/mL INY 1 mL,8
51151911,CLORURO DE SUXAMETONIO 50 mg/mL INY 10 mL,8
51152005,TOXINA BOTULINICA TIPO A 500 U INY,8
51171911,SUCRALFATO 1g/5 mL SUS 200 mg,8
51172309,SUERO ANTIOFIDICO POLIVALENTE INY,8
51181613,PARICALCITOL 5 Ág/mL INY 1 mL,8
51191510,FUROSEMIDA 10 mg/mL INY 2 mL,8
51192450,MULTIVITAMINAS HIERRO Y MINERALES JBE 120 mL,8
51202401,ADALIMUMAB 40 mg INY 0.8 mL,8
51303002,VORICONAZOLE 200 mg TAB,8
51332807,CLORPROMAZINA 100 mg TAB,8
51371601,TRAMADOL 100 mg INY 2 mL,8
51383307,"NEPAFENACO  0,1 % SUS OFT 5 mL",8
51422101,PREDNISONA 5 mg/5 mL JBE 60 mL,8
51442207,"ACIDO GADOTERICO 0,5 mmol/ mL INY 15 mL",8
53101602,CAMISA DE ALGODON 58% Y POLIESTER 42% OXFORD DE 170 g/m2 APROX. CUELLO CAMISERO MANGA LARGA PARA CABALLERO,8
53103099,CAMISETA DE ALGODON JERSEY DE 20/1 Nm Y 190 g/m2 APROX. MODELO DEPORTIVO MANGA CORTA CUELLO REDONDO PARA CABALLERO,8
56101505,TOTEM MULTIMEDIA,8
56111707,ESTANTE FIJO DE MELAMINA DE 1 CUERPOS 6 DIVISIONES SIN GAVETAS Y SIN PUERTA,8
60104701,PANEL SOLAR,8
60106102,Materiales o material didáctico sobre construcción,8
60121002,ESCULTURA DE FIBRA DE VIDRIO,8
70131703,CONSTRUCCION PARA REMEDIACION DE PASIVOS AMBIENTALES MINEROS,8
70151509,"SERVICIO DE VIVEROS FORESTALES: DISEÑO, COSTRUCCION Y SUPERVISION",8
70171702,SERVICIO DE MANTENIMIENTO CORRECTIVO DE BOCATOMA,8
71122308,SERVICIO DE INSTALACION DE TUBERIA SUBMARINA,8
71122710,REPARACION DE TUBERIAS,8
72153202,SERVICIO DE MANTENIMIENTO DE ESTRUCTURA METALICA DE INVERNADERO,8
72153206,SERVICIO DE INSTALACION DE SISTEMA DE AGUA CONTRAINCENDIO,8
72154001,SERVICIO DE MANTENIMIENTO PREVENTIVO  DE TORRE METALICA PARA ANTENA,8
72154020,SERVICIO DE INSTALACION DE PLANTA DE OXIGENO MEDICINAL,8
73161601,CONSTRUCCION DE PONTON,8
76111601,SERVICIO DE LIMPIEZA DE TECHO Y CANALETA,8
77121501,SERVICIO DE MONITOREO DE CALIDAD DEL AIRE,8
78101804,SERVICIO DE TRANSPORTE DE TRANSFORMADOR ELECTRICO,8
78111803,SERVICIO DE TRASLADO PERSONAL MOVILIDAD LOCAL -SERVICIO URBANO,8
78121604,SERVICIO DE ALQUILER DE MONTACARGA,8
78131701,SERVICIO DE ALMACENAMIENTO DE MATERIALES DE CONSTRUCCION,8
80111706,"SERVICIO DE REGISTRO Y CONTROL DE LIQUIDACIONES DE SUPERVISION, ADMINISTRACION DE CONTRATOS DE SUPERVISION Y VALIDACION DE REGISTROS E INCONSISTENCIAS",8
80141501,CONSULTORIA EN TEMAS DE GESTION COMERCIAL,8
80161703,SERVICIO DE VENTA O ELIMINACION DE MATERIALES NO CAPITALIZABLES EXCEDENTES U OBSOLETOS,8
80169999,SERVICIO DE ALQUILER DE EQUIPO DE LABORATORIO,8
81101511,SERVICIO DE ELABORACION DE EXPEDIENTE TECNICO MANTENIMIENTO DE AREAS DE VIA DE TREN,8
81101522,SUPERVISION DE OBRA DE REMEDIACION DE PASIVOS AMBIENTALES MINEROS,8
81111501,SERVICIO DE CONFIGURACION Y DESPLIEGUE DE APLICACIONES EN SERVIDOR WEB,8
81112007,SERVICIO DE ELABORACION DE CONTENIDO DE MODULO DE CAPACITACION,8
81141704,"SERVICIO DE RECOPILACION, PROCESAMIENTO Y ANALISIS DE INFORMACION ESTADISTICA",8
82151704,SERVICIO DE ORQUESTA MUSICAL,8
83112602,SERVICIO DE LINEA DEDICADA,8
83121602,Servicios de las compañías Turismo,8
84131612,POLIZA DE SEGURO COMPLEMENTARIO DE TRABAJO DE RIESGO SCTR PENSION,8
85161503,SERVICIO DE MANTENIMIENTO CORRECTIVO DEL AUTOCLAVE A VAPOR,8
85161505,SERVICIO DE ALQUILER DE EQUIPO DE VIDEO GASTROSCOPIO,8
86101504,Servicios de capacitación profesional agrícola,8
86101604,"SERVICIO DE MUESTREOS BIOLOGICOS, ANALISIS LIMNOLOGICOS",8
86131504,SERVICIO DE MONITOREO INTEGRAL DE MEDIOS DE COMUNICACION,8
86132001,SERVICIO DE CAPACITACION EN ASISTENCIA TECNICA DE SISTEMA DE APLICACION DE BUENAS PRACTICAS,8
92101603,SERVICIO DE INSPECCION Y EVALUACION DE SISTEMA CONTRAINCENDIO,8
10101513,CUY LINEA HEMBRA,7
10121503,MAIZ AMARILLO DURO GRADO 2 PARA ALIMENTO DE ANIMALES,7
10122101,ALIMENTO BALANCEADO CRECIMIENTO I PARA CERDOS,7
10161503,VARA YEMERA DE CACAO - THEOBROMA CACAO CLON CCN - 51,7
10191703,TRAMPA AMARILLA PARA MOSCAS,7
11122005,TABLERO CONTRACHAPADO DE MADERA FENOLICO CLASE A/A DE 18 mm X 1.22 m X 2.44 m,7
12352106,ISONITRILO,7
12352201,CARBOXIMETIL CELULOSA SODIO,7
12352202,ALBUMINA AUTOMATIZADA,7
12352303,CAL SODADA USP,7
12352304,DESINFECTANTE PEROXIDO DE HIDROGENO 6% CON IONES DE PLATA,7
12352308,SILICATO DE CALCIO,7
13111068,GEOMEMBRANAS DE ALTA DENSIDAD PEAD O HDPE 1.5 mm APROX.,7
15121522,ACEITE LUBRICANTE PRESERVANTE MIL PRF 63460 E,7
20111504,PERFORADORA DE POZO DE 100 m,7
20121904,"CAUDALIMETRO DIGITAL PORTATIL DE  0,4 - 30 m/s DE -20 - 70 °C",7
21101703,MAQUINA COSECHADORA,7
21102503,EQUIPO DE RIEGO POR GOTEO,7
22101604,COMPACTADOR VIBRATORIO TIPO RODILLO DE 5 HP,7
22101621,CAMION IMPRIMADOR DE 2500 gl,7
23151817,EQUIPO DE CROMATOGRAFIA,7
23152906,MAQUINA PARA HILAR ELECTRICA DE 12 in,7
23201299,CAMARA CLIMATICA TECNOLOGICA FEUTRON,7
24101506,CARRETILLA BUGUI CON LLANTA Y CAMARA,7
24112109,CILINDRO DE PLASTICO CON TAPA DE 205 L,7
24112209,BIDON DE PLASTICO DE 80 L,7
24131602,CONGELADORA INDUSTRIAL VERTICAL ELECTRICA DE 500 L,7
25101802,MOTOCICLETA CHICA,7
25101916,CAMION (OTROS),7
25174008,BOMBA DE AGUA PARA MOTOR DE GENERADOR,7
26101302,ALTERNADOR PARA GENERADOR,7
26111701,BATERIA DE RADIO PORTATIL DE 4.5 V 1850 mAH,7
26121645,CABLE ELECTRICO FLEXIBLE DE COBRE DESNUDO DE TEMPLE BLANDO DE 25 mm2,7
26121650,ADAPTADOR DE CABLE DE FIBRA OPTICA 02F LC DUPLEX PARA CABLEADO ESTRUCTURADO,7
27112004,PALA TIPO CUCHARA DE METAL CON MANGO DE MADERA,7
27112029,REGADERA GALVANIZADA DE 10 L,7
27112709,SIERRA ESCUADRADORA RECLINABLE,7
27112725,"HERRAMIENTAS PARA REPARACION DE FUSELAJE (RIVETE, BROCA, REMACHE, AVELLANADOR, ALICATE, ABRAZADERA, BARRA DE PERFORACION, RESORTE DE RETENCION)",7
27131504,MARTILLO NEUMATICO,7
30102901,POSTE DE CONCRETO ARMADO DE 8 m 200 daN,7
30103605,MADERA AGUANO 1 1/2 in X 10 in X 10 ft,7
30151901,ESTRUCTURA METALICA PARA TOLDO DE 12 m X 12 m,7
30161503,RIEL DE ACERO GALVANIZADO 65 mm X 45 cm X 3.00 m,7
30161601,BALDOSA PARA FALSO CIELORASO ACUSTICA DE FIBROCEMENTO DE 4 mm X 61 cm X 61 cm,7
30171606,VENTANA DE MADERA AGUANO BATIENTE CON VIDRIO SIMPLE DE 6mm,7
30171607,VENTANA DE ALUMINIO CORREDIZA CON VIDRIO TEMPLADO DE 6 mm,7
31163401,GAVION DE 1 m X 1 m X 5 m,7
31211513,PINTURA TRAFICO COLOR AMARILLO,7
31211908,PISTOLA PARA PINTAR,7
39101617,LUMINARIA TIPO FAROLA DE VAPOR DE SODIO DE 70 W 5000 lm 3800 K,7
39111611,LUMINARIA 1000 V EQUIPO COMPLETO,7
39111709,LUMINARIA DE EMERGENCIA LED CIRCULAR DE 2 X 18 W 2 H 2 X 36 lm 6500 K,7
39112101,SISTEMA DE ILUMINACION MEDIANTE FIBRA OPTICA 150 W 230 V,7
39121014,BANCO DE CONDENSADORES,7
39121521,ARRANCADOR TRIFASICO DE 30 HP 440 V 50 A PARA MOTOR ELECTRICO,7
40141739,TAPA DE FIERRO DE 12 in X 12 in PARA BUZON DE DESAGUE,7
41103006,TANQUE CRIOGENICO DE METAL X 20 L,7
41103504,CAMARA DE FLUJO LAMINAR ACERO VERTICAL DE 200 cm X 150 cm X 210cm APROX. PARA USO EN LABORATORIO,7
41103809,EQUIPO AUTOMATIZADO CON RECUENTOS DIFERENCIALES PARA HEMATOLOGIA,7
41104301,BIORREACTOR DE FERMENTACION ELECTRONICA DE 2000 RPM CON SENSOR DE PH/O2/TEMPERATURA PARA CULTIVOS MICROBIANOS,7
41111517,BALANZA ANALITICA DIGITAL HASTA 120 g SENSIBILIDAD 0.1 mg,7
41111907,REGISTRADOR CONVERSOR ANALOGICO DIGITAL DE 10 SENSORES PARA DATOS,7
41112299,ANALIZADOR DIGITAL TERMOGRAVIMETRICO,7
41113118,MEDIDOR DIGITAL DE MULTIPLES GASES,7
41113711,ANALIZADOR DE ESPECTROS,7
41113814,EQUIPO DIGITAL TRIAXIAL DINAMICO PARA ENSAYO DE SUELOS,7
41114509,TENSIOMETRO DIGITAL DE MUÑECA PARA ADULTO,7
41115201,EQUIPO DIGITAL DE GEORADAR PARA USO TOPOGRAFICO,7
41115401,ESPECTROFLUOROMETRO,7
41115816,ESPATULA DE POLIURETANO LIMPIADORA PARA HEMOGLOBINOMETRO PORTATIL,7
41115832,EQUIPO MEDIDOR MULTIPARAMETRICO RANGO 0.001 uS t A 3000 Ms DE MESA PARA ELECTRODOS CONDUCTIVIDAD,7
41116019,HORMONA DE CRECIMIENTO,7
41116134,MEZCLA DE REACCION PARA PCR EN TIEMPO REAL X 200 REACCIONES,7
42121602,RECONSTITUYENTE GENERAL Y COMPLEJO ENERGETICO SOL INY 100 mL PARA USO VETERINARIO,7
42131609,BOTA DE TELA NO TEJIDA DESCARTABLE CUBRE CALZADO TALLA L PARA CIRUJANO,7
42131702,BATA QUIRURGICA DESCARTABLE TALLA XL,7
42142303,BRAZALETE DE IDENTIFICACION DE PLASTICO REFORZADO CON CIERRE DE SEGURIDAD PARA PACIENTE ADULTO,7
42144409,CANULA DE TRAQUEOSTOMIA DE SILICONA CON BALON DE BAJA PRESION FENESTRADO Nº 8 APROX. PARA USO QUIRURGICO,7
42161632,MAQUINA ELECTRONICA DE HEMODIALISIS CON SISTEMA DE DESINFECCION Y 2 BRAZALETES PARA USO HOSPITALARIO,7
42181701,ELECTROCARDIOGRAFO,7
42181715,GEL CONDUCTOR HIPOALERGENICO LIBRE DE SAL PARA ELECTROCARDIOGRAMA (ECG) X 250 g,7
42181908,TRANSDUCTOR DE PRESION INVASIVA DE 300 mmHg x 1.30 m PARA MONITOR,7
42201511,TUBO DE RAYOS X P/TOMOGRAFO HELICOIDAL,7
42221612,LLAVE DE TRIPLE VIA DE PVC CON EXTENSION X 50 cm,7
42222308,BOLSA COLECTORA DE SANGRE CUADRUPLE X 450 mL,7
42281804,INDICADOR QUIMICO EXTERNO A PEROXIDO DE HIDROGENO TIPO CASSETTE PARA ESTERILIZACION,7
42295102,EQUIPO DE CRIOTERAPIA,7
43211521,"COMPUTADORA CON PROCESADOR CORE I3 DE 3.6 GHZ, MEMORIA RAM 8 GB, DISCO DURO 500 MB + MONITOR LED 19.5 in + TECLADO USB + MOUSE USB",7
43221704,SISTEMA DE COMUNICACION POR RADIO,7
43232202,SOFTWARE (INC. LICENCIA) PARA GESTION DE DOCUMENTOS,7
43233004,SOFTWARE (INC. LICENCIA) DE SISTEMA OPERATIVO PARA SERVIDOR,7
45111720,ANALIZADOR DE ESPECTROS PORTATIL,7
46101601,MUNICION CALIBRE 380,7
46101901,ESPADA DE METAL PARA OFICIAL,7
46151503,ESCUDO ANTIMOTIN,7
46181508,TRAJE DE BOMBERO CHAQUETA Y PANTALON DE TELA CON PROTECCION TERMICA DE FIBRA RESISTENTE AL CALOR Y A LAS LLAMAS CON KEVLAR O POLIPARAFENILENO TEREFTALAMIDA,7
46181701,CASCO DE SEGURIDAD ESTANDAR DE PLASTICO SIN BARBIQUEJO SIN MENTONERA SIN LINTERNA,7
46182003,MASCARA ANTIGAS,7
47101519,EQUIPO ABLANDADOR DE AGUA,7
47131604,ESCOBA DE PAJA DE 2 ZUNCHOS Y 5 PITAS DE 1.60 m APROX.,7
48101906,CANASTA DE PLASTICO,7
49201611,EQUIPO DE GIMNASIO ELIPTICA,7
50111516,CONSERVA DE SANGRE DE RES EN ENVASE DE HOJALATA,7
50181709,LEVADURA GRANULADA SECA,7
50301704,PLATANO DE SEDA,7
50402701,APIO (AL PESO),7
50405312,CEBOLLA ROJA,7
50407001,ALFALFA,7
51101574,FURAZOLIDONA 50 mg/5 mL SUS 120 mL,7
51101807,FLUCONAZOL 150 mg TAB,7
51101810,ITRACONAZOL 100 mg TAB,7
51102008,PIRAZINAMIDA 500 mg TAB,7
51111602,CITARABINA (SIN PRESERVANTE) 100 mg/mL INY,7
51111740,DAUNORUBICINA 20 mg INY,7
51111766,VINBLASTINA 10 mg INY,7
51111767,VINCRISTINA 1 mg INY,7
51111824,EXEMESTANO 25 mg TAB,7
51121733,VALSARTAN 80 mg TAB,7
51121735,CANDESARTAN 16 mg TAB,7
51121803,SIMVASTATINA 20 mg TAB,7
51141525,FENITOINA 100 mg TAB,7
51141601,AMITRIPTILINA 25 mg TAB,7
51141701,TRIFLUOPERAZINA (COMO CLORHIDRATO) 5 mg TAB,7
51142940,"PROXIMETACAINA 0,5% SOL OFT 15 mL",7
51151705,EPINEFRINA 1 mg INY 1 mL,7
51151801,ATENOLOL 100 mg TAB,7
51151805,TIMOLOL 0.5 % SOL OFT 5 mL,7
51171962,ACIDO URSODEOXICOLICO 250 mg TAB,7
51181506,INSULINA LISPRO 100 UI INY 3 mL,7
51181704,DEXAMETASONA 2mg/5 mL ELIXIR 100 mL,7
51182302,SOMATROPINA 36 UI/mL INY 1 mL,7
51183703,PIOGLITAZONA 15 mg TAB,7
51191705,POTASIO CITRATO 1080 mg (equivalente a 10 mEq de ion potasio) TAB LIB PRO,7
51191802,POTASIO CLORURO 20 % (20 g/100 mL) INY 10 mL,7
51202002,HIALURONATO DE SODIO 0.4% SOL OFT 10 mL,7
51211609,PROTAMINA SULFATO 10 mg/mL INY 5 mL,7
51241105,CARBACOL 100 mcg/mL INY 1.5 mL,7
51241505,SOLUCION SALINA BALANCEADA SOL 500 mL,7
51303404,POSACONAZOL 100 mg TAB,7
51331701,AMISULPRIDA 200 mg TAB,7
51343105,DOLUTEGRAVIR + LAMIVUDINA + TENOFOVIR 50 MG + 300 MG + 300 MG TAB,7
51372015,MORFINA CLORHIDRATO 10 mg INY 1 mL,7
51431902,TELMISARTAN 80 mg TAB,7
51452401,MEBENDAZOL 100 mg/5 mL SUS 30 mL,7
51453401,PERMETRINA 5 % CRM 60 g,7
52101599,ALFOMBRA ALTO TRANSITO,7
52121501,COLCHA JACQUARD NIDO DE ABEJA DE 100% ALGODON DE 260 g/m2 DE 1 1 /2 PLAZA DE 1.60 m X 2.80 m COLOR BLANCO,7
52141504,COCINA DOMESTICA A GAS DE 2 HORNILLAS SIN HORNO,7
52161555,EQUIPOS AUDIOVISUALES,7
53102301,POLO DE ALGODON MANGA CORTA UNISEX ESTAMPADO COLOR BLANCO,7
53102516,GORRO DRILL 100% ALGODON COLOR ENTERO Y 250 g/m2 CON LOGOTIPO,7
53102713,Uniformes de guardias,7
53121601,CARTERA DE CUERO PARA DAMA,7
55101503,CATALOGO DE JUGUETES,7
60106214,KIT DIDACTICO DE ROBOTICA,7
60141101,JUEGOS DIDACTICOS DE HORA,7
70121607,SERVICIO DE CRIANZA DE ANIMALES MENORES,7
70131505,SERVICIO DE INSTALACION DE PARCELAS AGRICOLAS,7
70151505,SERVICIO DE INVENTARIO FORESTAL,7
70161702,SERVICIO DE ELABORACION ESTUDIO DE BATIMETRIA,7
71101603,SERVICIO DE PERFORACION CON TALADRO LARGO,7
71121705,SERVICIO DE OPERACION DEL SISTEMA DE HIDROCARBUROS LIQUIDOS,7
72101509,SERVICIO DE RECARGA Y MANTENIMIENTO DE EXTINTORES,7
72121302,SERVICIO DE FABRICACION E INSTALACION DE ESTRUCTURAS PARA TECHO DE PLATAFORMA DE DESPACHO DE COMBUSTIBLE,7
72151701,SERVICIO DE INSTALACION Y CONFIGURACION DE EQUIPO DE CONTROL DE ACCESO,7
72151909,SERVICIO DE ENCHAPADO DE PIEDRA LAJA,7
72152902,CONSTRUCCION DE ESCALERA DE CONCRETO,7
72153612,SERVICIO DE DECORACION DE SALON DE EVENTOS,7
72154033,SERVICIO DE FABRICACION DE ESTRADO CON BASE DE FIERRO,7
72154058,SERVICIO DE INSPECCION DE TANQUES,7
73151606,SERVICIO DE EMBOLSADO,7
73152103,SERVICIO DE INSTALACION DE BOYA SEPARADORA DE TRAFICO MARITIMO,7
77101503,SERVICIO DE EVALUACION Y DIAGNOSTICO DE SITUACION ACTUAL DE ASPECTOS SOCIOAMBIENTALES,7
77101801,SERVICIO DE CONSULTORIA  PARA DESARROLLO DE INVESTIGACION AMBIENTAL,7
78141801,SERVICIO DE ESTIBA Y DESESTIBA,7
78189999,SERVICIO DE MANTIMIENTO CORRECTIVO DE VEHICULOS MULTIMARCAS,7
80141606,CONSULTORIA DE GESTION PARA MARKETING RELACIONAL,7
80141626,SERVICIO DE PROMOCION DE PROYECTOS DE INNOVACION TECNOLOGICA,7
80151503,SERVICIO DE CONSEJERIA COMERCIAL,7
81101902,CONSULTORIA PARA EVALUACION TECNICA DE LOS EQUIPOS ESTATICOS DEL AREA DE PROCESOS DE REFINERIA,7
81112205,SOPORTE Y ACTUALIZACION DE BASE DE DATOS ORACLE,7
81121603,SERVICIO DE DETERMINACION Y EVALUACION DEL VALOR ARANCELARIO Y VALOR COMERCIAL,7
82111701,SERVICIO DE ELABORACION DE CONTENIDOS DE PUBLICACIONES,7
82141504,SERVICIO DE DIAGRAMACION DE DOCUMENTOS,7
83101504,INSTALACION DE SERVICIO DE AGUA POTABLE Y ALCANTARILLADO,7
84111503,"SERVICIO DE PERITAJE Y TASACION DE BIENES INMUEBLES, MUEBLES E INTANGIBLES",7
84121705,CONSULTORIA PARA ELABORACION DE ESTUDIO DE DEMANDA LABORAL DEL SECTOR EDUCACION,7
85101603,SERVICIO DE APOYO TECNICO EN TEMAS DE SALUD,7
92121802,SERVICIO DE SEGURIDAD Y MONITOREO EN RECOJO DE CAUDALES,7
93151610,SERVICIO DE RECAUDACION DE IMPUESTO O TARIFA AEROPORTUARIA,7
95141705,CONSTRUCCION DE CASETA DE VIGILANCIA,7
10101702,ALEVIN - ONCORHYNCHUS MYBISS DE TRUCHA,6
10171505,FERTILIZANTE MATERIA ORGANICA + ACIDO HUMICO + ACIDO FULVICO AL 80% + 15% + 5%,6
12161705,SOLUCION TAMPON (BUFFER) pH 10.00,6
12164201,INHIBIDOR DE CORROSION BIOCIDA,6
12352107,ACETATO DE AMONIO P.A.,6
15121514,Lubricantes de pulverización,6
20111610,MAQUINA DE BALDE,6
20142904,TANQUE DE AGUA CILINDRICO FLEXIBLE DE 20000 L,6
22101507,APISONADOR VIBRATORIO - BAILARINA 4 HP,6
22101606,ESPARCIDORA DE AGREGADOS,6
22101699,PLANTA MOVIL DE ASFALTO EN CALIENTE DE 50 tn/h,6
22101901,MEZCLADORA DE CONCRETO TIPO TROMPO DE 11 ft3 CON MOTOR A GASOLINA,6
23101504,DOBLADORA DE ESTRIBOS DE CONSTRUCCION,6
23101511,TORNO PARALELO DE 460 mm X 1.50 m 5500 W,6
23101599,RUTEADORA PARA MADERA CNC DE 1.30 m X 2.50 m 15000 W,6
23151503,MEZCLADOR DE MATERIA PRIMA CON INYECCION DE VAPOR DE 200 Kg PARA MAQUINA DE EXTRUSION,6
23151602,TRITURADOR ELECTRICO PORTATIL CON ESTERILIZADOR A VAPOR PARA RESIDUOS SOLIDOS,6
23152102,SELECCIONADORA DE AGREGADOS,6
23153602,MAQUINA CORTADORA Y DE GRABADO LASER DE 50 W,6
23181801,BANDEJA DE SECADORA DE CAFE,6
23221102,MAQUINA PELADORA DE POLLOS,6
23242401,CENTRO DE MAQUINADO CNC,6
23271404,MAQUINA DE CORTE POR PLASMA DE 12 mm X 1.00 m X 2.00 m 60 A,6
24101603,MONTACARGA DE 15 t,6
24101624,CAMION GRUA TELESCOPICA DE 10 t,6
24112401,CAJA PORTA HERRAMIENTAS DE 14 in,6
24112701,PARIHUELA DE PLASTICO DE 1.2 m X 60 cm X 15 cm,6
24112702,PARIHUELA DE PLASTICO DE 15 cm X 1.00 m X 1.20 m,6
24141501,PELICULA EXTENSIBLE PARA EMBALAJE (FILM STRECH) DE 20 in  X 500 m,6
25172004,AMORTIGUADOR DE SUSPENSION DELANTERO PARA CAMIONETA,6
26101504,MOTOR DE MOTONIVELADORA A DIESEL,6
26111711,BATERIA DE LITIO TIPO 606090 DE 3.7 V 4000 mAH,6
26121623,CABLE COAXIAL BNC A BNC DE 1.8 m,6
26121644,CABLE ELECTRICO FLEXIBLE DE ALUMINIO TIPO AAAC DE 50 mm2,6
27111725,LLAVE DE TUERCAS TIPO PIPA DE 12 mm,6
27131527,SET DE REPUESTOS 6 PIEZAS PARA VALVULA NEUMATICA DE AUTOCLAVE,6
30103602,Vigas compuestas de madera,6
30103801,FIBRA DE ACERO PARA REFUERZO DE CONCRETO,6
30121716,ESTRUCTURA DE ACERO DE PUENTE PEATONAL DE 12 m X 1.30 m,6
30141701,MANTO ASFALTICO DE 4 mm X 1 m X 10 m,6
30161701,ALFOMBRA ALTO TRANSITO,6
30191702,MODULO PREFABRICADO DE METAL DE 1 AMBIENTE,6
31211604,THINER ACRILICO,6
31261502,GAVIONES TIPO CAJA DE 5 m X 1 m X 50 cm,6
31401501,ANILLO DE UNION DE TUBOS DE PVC DE CAUCHO DE 100 mm,6
32101506,TARJETA ELECTRONICA PARA PROCESADOR DE PLACAS PARA RAYOS X,6
32101617,TARJETA ELECTRONICA INTEGRADA PARA EQUIPO BIOMEDICO,6
39111609,"POSTE DE FIERRO NEGRO DE TRES CUERPOS DE 6 in, 4 in, 3 in X 1/4 in X 9 m PARA ALUMBRADO",6
39121029,TRANSFORMADOR DE AISLAMIENTO MONOFASICO DE 10 KVA 220 V,6
39121613,DISPOSITIVO DE PUESTA A TIERRA RETRACTIL PARA TANQUE CON TECHO FLOTANTE,6
40101712,CHILLER ENFRIADOR DE AGUA TIPO TORNILLO,6
40161502,FILTRO DE PURIFICADOR DE AGUA CILINDRICO DE 6 cm X 11 cm,6
40171503,TUBO RECTANGULAR DE FIERRO DE 3.2 mm X 1 in X 2 in X 6 m,6
40172611,ACOPLE RECTO DE POLIETILENO DE ALTA DENSIDAD (HDPE) PN16 DE 110 mm,6
41101504,HOMOGENIZADOR ULTRASONICO HORIZONTAL DE 400 W X 2000 mL APROX. PARA MUESTRAS DE TEJIDOS,6
41101806,MAGNETOMETRO,6
41103005,ULTRACONGELADORA ELECTRICA VERTICAL DE 408 L,6
41104402,INCUBADORA DIGITAL DE 183 L APROX. RANGO +2ºC a +50ºC PARA LABORATORIO,6
41104509,ESTUFA DIGITAL DE VACIO X 200 C APROX. PARA USO DE LABORATORIO,6
41104925,KIT DE LIMPIEZA BASICA X 12 BOLSAS,6
41111501,BALANZA DIGITAL CAPACIDAD 200 kg SENSIBILIDAD 200 g,6
41111917,PROBADOR MANUAL DE PUNTO DE INFLAMACION EN COMBUSTIBLES,6
41111970,SENSOR DIGITAL DE HUMEDAD RELATIVA DE 100 % TEMPERATURA DE -80 A +60 C PARA USO METEREOLOGICO,6
41112109,PERFILADOR DIGITAL DE CORRIENTES MARINAS ACUSTICO DOPPLER - ADCP PARA HIDROACUSTICA,6
41112227,"TERMOCUPLA TIPO K DE 1 1000 ""F"" DE CONTACTO PARA INCINERADOR DE SOLIDOS",6
41112407,TURBIDIMETRO DIGITAL,6
41113117,ANALIZADOR DIGITAL DE GASES DE COMBUSTION,6
41113812,EQUIPO DIGITAL DE SISTEMA DE POSICION EN TIERRA-GPS,6
41113819,EQUIPO ELECTRONICO PORTATIL PARA ANALISIS DE SUELOS,6
41114405,PLUVIOMETRO DE ALUMINIO BASCULANTE DE 400 cm2,6
41114410,ESTACION METEREOLOGICA,6
41116130,REACTIVO PARA HEPATITIS B ANTIGENO CORE IgG QUIMIOLUMINISCENCIA,6
42131601,MANDIL DE ALGODON SARGA 3/1 DE 250 g/m2 TALLA L PARA CIRUGIA,6
42132105,SABANA DESCARTABLE ESTERIL 2.50 m X 1.50 m,6
42142106,MANTA TERMICA ADULTO 1.74 m X 1.94 m,6
42152012,COLIMADOR CILINDRICO DE ALUMINIO PARA EQUIPO DE RAYOS X DENTAL,6
42152453,IONOMERO DE VIDRIO FOTOCURABLE POLVO-LIQUIDO DE 5 g/2.5 mL PARA RESTAURACION,6
42171801,TUBO OROFARINGEO DE PLASTICO SEMIRRIGIDO ESTERIL  Nº 5 PARA USO HOSPITALARIO,6
42181902,MONITOR DE PRESION INTRACRANEAL PANTALLA TACTIL Y REGISTRO DE TEMPERATURA PORTATIL,6
42182005,OFTALMOSCOPIO DIGITAL TIPO INDIRECTO DE 810 nm CON DOS LENTES Y CINTA ACOLCHADA,6
42183035,AUTOQUERATOREFRACTOMETRO PORTATIL,6
42192210,SILLA DE RUEDAS METALICA CON ASIENTO PLASTICO TEXTURADO Y ALTURA FIJA DE ARO 18,6
42201723,TOMOGRAFO ELECTRONICO DE COHERENCIA OPTICA Y ANGIOGRAFIA ANGULO DE 40 A COLOR,6
42201810,PELICULA RADIOGRAFICA LASER SECO 14 in X 17 in,6
42203416,CATETER DE POLIURETANO DESCARTABLE DE ABLACION POR RADIOFRECUENCIA VENOSO 7 FR X 100 cm PARA USO QUIRURGICO,6
42204003,CELDA CALIENTE DE FRACCIONAMIENTO DE FDG PARA CICLOTRON,6
42222001,BOMBA DE INFUSION,6
42222003,BOMBA DE INFUSION DE DOBLE CANAL,6
42231806,ALIMENTO NUTRICIONAL POLIMERICO HIPOGLUCIDO,6
42242104,PROTESIS DE RODILLA CON SISTEMA ROTACIONAL MEDIANO,6
42261802,ATAUD,6
42271708,MASCARA DE OXIGENO DESCARTABLE CON RESERVORIO PARA NEBULIZACION PEDIATRICO,6
42272206,VENTILADOR VOLUMETRICO MECANICO NEONATAL,6
42293401,MICROGUIA DE ACERO INOXIDABLE 0.016 in X 200 mm USO QUIRURGICO,6
42294209,SET DE FIJACION OCCIPITO CERVICAL,6
42294511,CASSETTE PARA VITRECTOMIA POSTERIOR VALVULADO CON CABLE DE 25 GA DE HASTA 7500 CORTES POR MINUTO PARA EQUIPO VITREOFAGO USO OFTALMOLOGICO,6
42294925,PUNZON QUIRURGICO EN S PUNTA CUADRANGULAR 29 cm,6
42295302,JERINGA DESCARTABLE DE PERFUSION 20 mL,6
42296006,INJERTO VASCULAR BIFURCADO DE DACRON 10 mm X 20 mm X 40 cm PARA USO QUIRURGICO,6
42321804,PROTESIS QUIRURGICA DE TITANIO PARA CONDILO 2.4 mm,6
43201553,EQUIPO TRANSCEPTOR VHF,6
43202002,CINTA DE ALMACENAMIENTO BACKUP DE 6/15 TB,6
43212114,IMPRESORA 3D TIPO MODULO DE EXTRUCCION DE FILAMENTOS VOLUMEN DE 300 X 330 X 330 mm Y RESOLUCION 0.1 mm X 0.4 mm SIN ESCANER SIN COPIADORA,6
43222625,SOFTWARE (INC. LICENCIA) PARA ACCESO A SERVICIOS DE SERVIDORES,6
43222817,ESTACION BASE PARA GPS,6
43232599,SOFTWARE (INC. LICENCIA) PARA ANALISIS ESTADISTICO,6
43232607,"SOFTWARE (INC. LICENCIA) DE PROCESAMIENTO, EDICION Y ANALISIS DE INFORMACION GEOGRAFICA",6
43232609,SOFTWARE (INC. LICENCIA) PARA BIBLIOTECA,6
44103127,TONER COLOR NEGRO PARA FOTOCOPIADORA MULTIFUNCIONAL LASER,6
44103199,UNIDAD DE LIMPIEZA,6
44111902,PIZARRA DIGITAL INTERACTIVA,6
46151715,CAMARA DE GASES DE CIANOCRILATO PARA LABORATORIO,6
46161508,CILINDRO DE SEGURIDAD DE 100 cm CON CINTA REFLECTIVA BASE NORMAL,6
46161528,LUMINARIA DE BALIZA AGL DE CALLE DE SALIDA EMPOTRADA UNIDIRECCIONAL LED DE 8 in 10 W 5000 cd COLOR AMARILLO,6
46181504,GUANTE DE CUERO BADANA TALLA 8 CORTO,6
46181518,CASACA ANTIFLAMA CON MANGAS DESMONTABLES,6
46181543,CASACA DE NAILON IMPERMEABLE TAFETAN DE 181 g/m2 APROX. CON FORRO MANGA LARGA PARA CABALLERO,6
47101512,AGITADOR DIGITAL DE SOBREMESA PARA BOLSA DE SANGRE USO EN LABORATORIO,6
47101542,GASOMETRO DE GEOMENBRAMA DE PVC DE 60 mm PARA EQUIPO DE BIODIGESTOR,6
47101608,POLIMERO CATIONICO LQUIDO EN EMULSION,6
48101604,MOLINO ELECTRICO PARA CAFE,6
48101899,UTENSILIO DE COCINA INDUSTRIAL DE ACERO INOXIDABLE X 39 PIEZAS,6
49161505,PELOTA DE CUERO PARA FUTBOL Nº 5,6
50111523,CARNE DE CARNERO FRESCO CORTE CANAL ENTERO,6
50151514,MANTECA VEGETAL,6
50402504,ZANAHORIA,6
50406723,ZAPALLO MACRE CATEGORIA PRIMERA,6
50501801,EXTRACTO INSAPONIFICABLE DE ACEITE DE AGUACATE + EXTRACTO INSAPONIFICABLE DE ACEITE DE SOYA 100 mg + 200 mg CAP,6
51101584,GENTAMICINA 80 mg INY 2 mL,6
51101701,ALBENDAZOL 200 mg TAB,6
51101718,BENZOATO DE BENCILO 25% LOC 120 mL,6
51111625,AZACITIDINA 100 mg PLV PARA SOL INY,6
51111736,CETUXIMAB 5 mg/mL INY 20 mL,6
51111814,VINORELBINA 50 mg/5 mL INY 5 mL,6
51121602,DINITRATO DE ISOSORBIDA 5 mg TAB SL,6
51121703,CAPTOPRIL 25 mg TAB,6
51122301,SOLUCION PARA CARDIOPLEJIA Y PROTECCION DE MULTIPLES ORGANOS X 1 L,6
51141522,OXCARBAZEPINA 300 mg TAB,6
51141730,AMISULPRIDA 200 mg TAB,6
51142233,CODEINA 60 mg INY 2 mL,6
51151601,ATROPINA SULFATO 10 mg/ mL (1 %) SOL OFT 5 mL,6
51151606,TROPICAMIDA 1% SOL OFT 15 mL,6
51151656,BROMURO DE OTILONIO 40 mg TAB,6
51161615,CETIRIZINA 10 mg TAB,6
51161701,ACETILCISTEINA 200 mg GRANU 1 g,6
51161708,DORNASA ALFA 2500 U(2.5 mg)/100 mL SOL 2.5 mL,6
51162012,BUDESONIDA + FORMOTEROL 160 mcg + 4.5 mcg/DOSIS AER 120 DOSIS,6
51171978,BROMURO DE PINAVERIO 100 mg TAB,6
51172476,MAGALDRATO + SIMETICONA (400 mg + 30 mg)/5 mL SUSP 200 mL,6
51182001,FINASTERIDA 5 mg TAB,6
51182704,GLIBENCLAMIDA + METFORMINA 1.25 mg + 250 mg TAB,6
51203301,LENALIDOMIDA 10 mg TAB,6
51203302,FINGOLIMOD 0.5 mg TAB,6
51212502,IOHEXOL 350 mg Iodo/mL INY 100 mL,6
51241906,ACEITE DE SILICONA PURIFICADO ESTERIL 1.000 CPS SUS OFT 8 mL,6
51262907,PROPRANOLOL 40 mg TAB,6
51286201,FOSFOMICINA 3 g GRANU 3 g,6
51342701,ATAZANAVIR 300 mg TAB,6
51343704,ETRAVIRINA 200 mg TAB,6
51343801,ABACAVIR + LAMIVUDINA 600 mg + 300 mg TAB,6
51352425,"ESTRADIOL + MEDROXIPROGESTERONA 5 mg + 25 mg/0,5 mL INY 0,5 mL",6
51383304,"DICLOFENACO 0,1 % SOL OFT 5 mL",6
51384802,ETORICOXIB 90 mg TAB,6
51413301,ALPROSTADIL 500 mcg/mL INY 1 mL,6
51434941,HIDROCLOROTIAZIDA + VALSARTAN 12.5 mg + 80 mg TAB,6
52121512,SABANA DE BRAMANTE  100% ALGODON DE 2.80 m x 1.80 m APROX. Y 180 g/m2 COLOR BLANCO SIN ELASTICO,6
52161505,TELEVISOR LED DE 55 in,6
52161524,EQUIPO DE RADIO COMUNICACION 14 CANALES,6
53102305,PAÑAL DE BOMBASI DE ALGODON 20/1 Ne DE 210 g/m2 DE 0.75 m X 1.10 m PARA PACIENTE,6
53102702,Uniformes de aduana,6
53102703,UNIFORME DE FAENA POLICIAL PARA CABALLERO,6
53102704,UNIFORME DE FAENA PARA CABALLERO,6
53102901,BUZO DE ALGODON Y POLIESTER INCLUYE CASACA Y PANTALON CON ELASTICO EN CINTURA PARA DAMA,6
53103199,"CHALECO DE ALGODON MERCERIZADO Y SANFORIZADO NO REVERSIBLE DE 260 g/m2 SARGA 3/1 Nm CUELLO TIPO V, DOS BOLSILLOS ESTERNOS SUPERIORES TIPO TAPA CON BROCHES Y DOS BOLSILLOS EXTERNOS INFERIORES CON CIERRE Y REGULADORES DE CINTA RIGIDA EN LA ESPALDA PARA CABALLERO",6
53131608,JABON EN BARRA ANTIBACTERIANO PARA TOCADOR,6
56121505,MESA DE ESTUDIANTE DE INICIAL DE MADERA DE 70 cm X 140 cm X 50 cm,6
60104503,MATERIALES DE ENSEÑANZA PARA LABORATORIO DE QUIMICA GENERAL,6
60104814,RADIOMETRO DIGITALESPECTRO 254 nm,6
60106202,MODULO DICACTICO PARA CAPACITACION EN PROCEDIMIENTOS DEL PROCESAMIENTO DE CAFE,6
60121301,MAQUINA GUILLOTINA HIDRAULICA ELECTRICA AUTOMATICA,6
70111706,SERVICIO DE MANTENIMIENTO DE CESPED NATURAL,6
70122001,"SERVICIO DE ALIMENTACION, CUIDADO,  LIMPIEZA Y ADIESTRAMIENTO DE CANES",6
71112020,SERVICIO DE ALQUILER DE SISTEMA DE CAMARAS DE MONITOREO,6
71122408,SERVICIO DE SONDEO ELECTRICO DE POZO PROFUNDO,6
72101504,SERVICIO DE PROTECCION DE INMUEBLE POR DESASTRES NATURALES,6
72121410,REMODELACION DE AEROPUERTO,6
72121510,SERVICIO DE ALMACENAMIENTO Y TRANSPORTE DE COMBUSTIBLE,6
72141116,SERVICIO ESPECIALIZADO DE TELEVISION DIGITAL TERRESTRE,6
72141401,CONSTRUCCION Y REHABILITACION DE UNIDAD DE SERVICIOS ESPECIALES POLICIALES,6
72141507,SERVICIO DE REPARACION DE PILOTES,6
72151603,"SERVICIO DE MANTENIMIENTO CORRECTIVO DE EQUIPO DE SONIDO (REPRODUCTOR DE SONIDO, AMPLIFICADOR, ECUALIZADOR, CONSOLA, BOCINA, ORDENADOR DIGITAL, CENTRAL PARA HILO MUSICAL, RECEPTOR DE AUDIO)",6
72151704,SERVICIO DE MANTENIMIENTO CORRECTIVO DE SISTEMA DE SEGURIDAD ELECTRONICA,6
72152102,SERVICIO DE MANTENIMIENTO Y/O REPARACION DE ESTRUCTURALES Y ACABADOS DE INMUEBLES,6
72152509,SERVICIO DE MANTENIMIENTO DE PISO CERAMICO,6
72152601,Servicios de techado,6
72152711,CONSTRUCCION DE CIRCUITO DE MANEJO,6
72154006,SERVICIO DE CORTE RELACIONADO CON LA CONSTRUCCION,6
73121805,SERVICIO DE INSTALACION DE CAJAS DE CONCRETO PARA MEDIDORES DE AGUA Y VALVULAS,6
73151803,SERVICIO DE TROQUELADO Y CORTE,6
73152109,SERVICIO DE CALIBRACION DE BALANZA DIGITAL,6
73161507,SERVICIO DE ALQUILER DE SURTIDOR DE AGUA ELECTRICO - DISPENSADOR ELECTRICO,6
76111604,SERVICIO DE SELLADO DE PISO DE GRANITO,6
76131601,CONTROL DE DERRAMES,6
78111503,SERVICIO DE EMISION DE PASAJES CHARTER AEREO NACIONAL,6
78131801,SERVICIO DE TRANSPORTE DE BIENES QUE NO REQUIEREN CADENA DE FRIO,6
78181802,SERVICIO DE RESTAURACION DE PARTES DE AERONAVE,6
80101702,SERVICIO DE OPTIMIZACION DE PROCESOS PRODUCTIVOS,6
80161602,SERVICIO DE INVENTARIO DE DOCUMENTOS,6
81101516,SERVICIO DE REVISION DE ANTEPROYECTO DE INFRAESTRUCTURA ELECTRICA,6
81101518,ELABORACION DE EXPEDIENTE TECNICO DE OBRA PARA CONSTRUCCION DE ALUMBRADO PUBLICO,6
81101521,SERVICIO DE IDENTIFICACION Y DELIMITACION DE FAJA MARGINAL DE FUENTE DE AGUA,6
81101528,ELABORACION DE EXPEDIENTE TECNICO DE OBRA PARA CONSTRUCCION DE SISTEMA DE EVACUACION DE AGUAS PLUVIALES,6
81111812,SERVICIO DE MANTENIMIENTO PREVENTIVO DE SWITCH DE RED,6
81121501,SERVICIO DE ELABORACION DE ESTUDIO TECNICO ECONOMICO DE TARIFAS DE SERVICIO DE ENERGIA ELECTRICA,6
81121504,SERVICIO DE ESTUDIO SOCIO ECONOMICO,6
81141605,SERVICIO ESPECIALIZADO EN TRANSPORTES,6
81141805,SERVICIO DE INSPECCION TECNICA DE SEGURIDAD EN INFRAESTRUCTURA DE EDIFICIOS,6
82101501,SERVICIO DE ALQUILER DE PANEL PUBLICITARIO,6
82141502,SERVICIO DE DISEÑO DE SEÑALETICA,6
82141505,SERVICIO DE DISEÑO DE MATERIAL GRAFICO Y AUDIOVISUAL,6
83101603,SERVICIO DE MANTENIMIENTO Y/O REPARACION DE SISTEMAS DE OLEODUCTOS,6
83111508,SERVICIO DE TELEFONIA GRATUITA PARA EL CLIENTE,6
93131802,SERVICIO DE ELABORACION DE ESTUDIO DE RIESGOS Y VULNERABILIDADES POR DESASTRES,6
93151516,SERVICIO DE ELABORACION DE EXPEDIENTE PARA LICENCIA DE HABILITACIÓN URBANA,6
93151607,CONSULTORIA PARA AUDITORIA GUBERNAMENTAL,6
95141707,CONSTRUCCION DE AUDITORIO,6
10121504,FORRAJE VERDE PARA ALIMENTO DE ANIMALES,5
10121604,ALIMENTO BALANCEADO PARA AVES,5
10151613,SEMILLA DE QUINUA - CHENOPODIUM QUINOA (AL PESO),5
10151707,SEMILLA DE ALERJA - VICIA SATIVA,5
10152099,SEMILLA DE FESTUCA AZUL - FESTUCA GLAUCA BUDDY,5
11111804,BENTONITA EN POLVO,5
11121610,TABLERO CONTRACHAPADO DE MADERA FENOLICO CLASE A/A DE 9 mm X 1.22 m X 2.44 m,5
11161603,TELA CASIMIR 1.54 m X 2.80 m,5
12163501,SELLADOR ELASTOMERICO DE JUNTAS A Y B (ADITIVO + SOLVENTE),5
12191502,SOLVENTE Nº 3,5
12352116,AMINA NEUTRALIZANTE,5
12352119,HIELO SECO (NIEVE CARBONICA),5
12352209,SOLUCION DE AMINOACIDOS CON ELECTROLITOS 8.5%,5
12352210,MORFINA CLORHIDRATO,5
12352301,ACIDO BORICO P.A.,5
14111539,PAPEL TERMICO DE 56 g APROX. DE 57 mm PARA EQUIPO DE EMISIONES OTOACUSTICAS,5
15101799,PETROLEO INDUSTRIAL Nº 5,5
15121504,ACEITE PARA SISTEMA HIDRAULICO SAE 10W,5
15121802,SOLVENTE DIELECTRICO SS 25NC,5
20101710,MAQUINA DIGITAL DE RECUBRIMIENTO PARA EL METALIZADO CON ORO Y EVAPORACION DE CARBON POR PULVERIZACION CATODICA,5
20102302,GRUA MOVIL PORTACONTENEDOR,5
21101708,CUERDA DE CORTE PARA DESBROZADORA 2.4 mm X 1080 m,5
21102004,MAQUINA DESCASCADORA DE SEMILLAS,5
21111601,INCUBADORA HORIZONTAL DE OVAS DE TRUCHA DE FIBRA DE VIDRIO DE 6 ARTESAS DE 4.00 m X 0.50 m CON 3 TANQUES CIRCULARES DE 1.50 m X 0.90 m,5
22101523,TRACTOR SOBRE RUEDAS CON HOJA DE 30 m3,5
23111503,RODAMIENTO PARA INTERCAMBIADOR DE CALOR DE CRAQUEO CATALITICO,5
23181505,DESHIDRATADORA POR ATOMIZACION ELECTRICO PARA ALIMENTOS,5
23181603,MAQUINA MOLINO DE CARNE MANUAL,5
23301501,PRENSA HIDRAULICA DE MANO PARA TERMINALES,5
24112402,ARMARIO FIJO DE METAL DE 1 CUERPO 2 PUERTAS 4 GAVETAS,5
24112499,CONTENEDOR SOTERRADO HIDRAULICOS DE 1 CUERPO,5
24131516,CAMARA FRIGORIFICA 2 PUERTAS DE 8 ft X 10 ft X 8 ft,5
25101704,CAMION DE BOMBERO DE 6 m3,5
25101899,MOTOFURGON,5
25131509,Avion de ala fija para entrenamiento o entrenador,5
25181702,CARRETA REMOLQUE DE LEVANTE HIDRAULICO DE 5 ton,5
26111505,CADENA DE TREN DE RODAMIENTO,5
26111703,BATERIA 12 V,5
27112151,ALICATE CORTACABLE PICO DE LORO DE 7 in,5
27119999,EXTRACTOR DE FILTROS DE COMBUSTIBLE,5
27131510,Bolsas o depósitos acumuladores,5
30101503,ESQUINERO DE FIERRO GALVANIZADO 4 mm X 30 mm X 30 mm X 2.44 m APROX.,5
30111701,YESO.,5
30121719,GUARDAVIA DE ACERO GALVANIZADO TIPO W DE 3.80 m X 0.48 m X 2.50 mm,5
30131514,CAJA DE DESAGUE RECTANGULAR DE CONCRETO DE 43 cm X 72 cm X 120 cm APROX. CON TAPA DE CONCRETO,5
30151803,CORDON DE POLIETILENO DE 1 in PARA JUNTAS,5
30161710,PISO PARQUET DE MADERA BALSAMO DE 8 mm X 7 cm X 45 cm,5
30161806,ROPERO DE FIERRO DE 1 CUERPO,5
30191502,ANDAMIO ARMABLE MULTIDIRECCIONAL PARA TRABAJOS EN ALTURA DE 7 CUERPOS DE ACERO DE,5
30191701,CABINA - CASETA DE MADERA,5
30221010,Zona de juegos infantiles,5
30241701,"Tubos, barandas o vigas con marco",5
31162004,CLAVO DE ACERO CON CABEZA DE 3 in,5
31163022,ACOPLAMIENTO DE ACCIONAMIENTO PARA VALVULA DESLIZANTE DE CRAQUEO CATALITICO,5
31201507,CINTA FIBRA DE VIDRIO TEXTURIZADA PARA TORRE DE CRAQUEO CATALITICO,5
31211703,LACA SELLADORA,5
31211707,BARNIZ BRILLANTE,5
31261504,CAJA DE CAMBIO PARA CAMIONETA,5
31282203,COSPEL DE LATON,5
31282205,COSPEL DE ALPACA,5
39101605,LUMINARIA DE FLUORESCENTE TIPO FAROLA ORNAMENTAL DE 150 W 6500 k 1660 lm,5
39111610,LINTERNA DE CABEZA A BATERIA LED DE 1000 lm,5
39111816,LUMINARIA LED 15 W 240 V PARA ADOSAR,5
39121009,REGULADOR AUTOMATICO DE VOLTAJE PARA GENERADOR,5
39121041,ESTABILIZADOR DE TENSION EN ESTADO SOLIDO DE 600 W,5
39121101,SUBESTACION ELECTRICA,5
39121106,MEDIDOR ELECTROMECANICO TRIFASICO 380/220V  60HZ,5
39121626,FUSIBLE TIPO K 15 KV 10 KA DE 100 A,5
40101825,TERMA SOLAR DE 120 L,5
40141613,VALVULA DE COMPUERTA DE BRONCE DE 110 mm PN 16 CON BRIDA,5
40151552,BOMBA DOSIFICADORA ELECTRICA DE SOLUCION DE HIPOCLORITO DE SODIO,5
40171501,"TUBO RECTANGULAR DE ACERO DE 1.2 mm X 4"" X 2"" X 6 m",5
40171520,TUBO PARA AGUA DE POLIETILENO DE ALTA DENSIDAD (HDPE) PE-100 SDR 11 PN 10 DE 110 mm,5
40171603,TUBO DE HIERRO DUCTIL ANSI/AWWA C-111 REDONDO S/C DE 20 in X 6 m CEDULA 80,5
41101519,EXTRACTOR ELECTRICO TIPO SOXLET CON 6 TUBOS DE VIDRIO PARA LA DETERMINACION DE GRASAS Y O ACEITES,5
41102704,EQUIPO DE DIFRACCION DE RAYOS X CON SOFTWARE Y PC,5
41102931,ESTACION DE INCLUSION DE PARAFINA TIPO SOBREMESA X 3 L DE 55C A 70C,5
41103003,CRIOSTATO ELECTRICO AUTOMATICO FIJO DE -10 C -30  C X 650W,5
41104107,TUBO PLASTICO 3 mL PARA EXTRACCION AL VACIO CON EDTA DIPOTASICO,5
41104806,EXTRACTOR DE FLUIDOS SUPERCRITICOS TEMPERATURA SUPERIOR A 200°C DE 100 mL,5
41104922,FILTRO DE POLIETERSULFONA DE 0.2 Ám ANTIBACTERIANO PARA INYECCION,5
41105305,CAMARA DE ELECTROFORESIS DIGITAL HORIZONTAL PARA 08-10 MUESTRAS,5
41106212,MEDIO DE CULTIVO AGAR MUELLER HINTON,5
41111603,EQUIPO DIGITAL DETERMINADOR DE HUMEDAD,5
41111712,MICROSCOPIO  DIGITAL INVERTIDO BINOCULAR CON OBJETIVO DE 60X Y 100 X Y OCULARES DE 10 X PARA CONTRASTE DE FASE DE ALTO RELIEVE CON LUZ DE FLUORESCENCIA,5
41111750,MESA DE ACERO TIPO ANTIVIBRATORIA  0.90 cm x 0.90 cm x 0.75 cm APROX,5
41112501,MACROMEDIDOR ULTRASONICO PORTATIL DE 100 mm A 800 mm RANGO  -50 A +125  C PARA CAUDAL DE AGUA,5
41113041,AUTOANALIZADOR BIOQUIMICO,5
41113319,ANALIZADOR DIGITAL DE LA ACTIVIDAD DEL AGUA,5
41113335,ANALIZADOR DIGITAL DE CARBONO HIDROGENO NITROGENO Y AZUFRE,5
41113630,EQUIPO DIGITAL CERTIFICADOR DE CABLEADO ESTRUCTURADO,5
41113689,EQUIPO ELECTRICO DE PRUEBAS DE RELES TRIFASICOS,5
41114411,SERVIDOR DE 2 PUERTOS ETHERNET 2 PUERTOS SERIAL PARA ESTACION HIDROMETEOROLOGICA,5
41115502,SONOMETRO DIGITAL RANGO 35 -135 Db PARA DETECCION DE RUIDO AMBIENTAL,5
41116101,GRUPO SANGUINEO (ANTI A-B-D FACTOR RH) X 10 mL (KIT),5
41116104,SISTEMA PARA RECUENTO DE LINFOCITOS CD4 CD3 EN SANGRE,5
41116109,FACTOR VIII + FACTOR DE VON WILLEBRAND 500 UI + 1200 UI INY,5
41116129,SISTEMA PARA IDENTIFICACION + ANTIBIOGRAMA DE BACTERIAS GRAM NEGATIVAS SISTEMICOS,5
41116137,ACIDO URICO AUTOMATIZADA,5
41121601,TIPS CON FILTRO 100 uL - 1000 uL X 1000,5
41122605,ACEITE DE INMERSION PARA MICROSCOPIA X 100 mL,5
41191602,PROCESADOR AUTOMATICO CERRADO X 2.5 L PARA TEJIDOS,5
42141802,ELECTRODO ADHESIVO DESCARTABLE DE CORTA DURACION 2.0 in X 3.5 in X 4 PARA ELECTROESTIMULACION MUSCULAR,5
42141807,EQUIPO ELECTRONICO GENERADOR SECUENCIAL ELECTROESTIMULADOR PARA USO CLINICO,5
42143516,EQUIPO ELECTRONICO OFTALMOLOGIA LASER DIODO PARA TERAPIA FOTODINAMICA DE USO CLINICO,5
42143706,EQUIPO ELECTRONICO DE FOTOTERAPIA REFLECTIVA DE ALTA DENSIDAD PARA NEONATO DE USO CLINICO,5
42181539,ELECTROMIOGRAFO DIGITAL DE 4 CANALES Y REGISTRO POTENCIALES EVOCADOS EN CARRO,5
42182013,ESPECULO VAGINAL DESCARTABLE MEDIANO,5
42183018,CAMPIMETRO COMPUTARIZADO CON DATOS ESTADISTICOS,5
42201601,EQUIPO ELECTRONICO DE RESONANCIA MAGNETICA PARA USO CLINICO,5
42201701,EQUIPO ECOGRAFO - ULTRASONIDO DE 2 TRANSDUCTORES,5
42201803,MAMOGRAFO DIGITAL POR MICROPROCESADOR CON 4 VISTAS TOMOSINTESIS SIN ESTEREOTAXIA PARA DIAGNOSTICO RADIOLOGICO,5
42201809,JERINGA DE POLIPROPILENO TIPO DESCARTABLE 60 mL PARA BOMBA INYECTORA DE CONTRASTE,5
42201833,TARJETA ELECTRONICA DE POTENCIA PARA EQUIPO DE RAYOS X,5
42203609,"SERVIDOR TIPO BLADE CON 04 PROCESADORES DE 28 NUCLEOS, 2.2 GHZ, MEMORIA RAM 1024GB DOS DISCOS DE 1.6TB",5
42222005,FILTRO NUTRICION PARENTERAL 1.2 Ám PEDIATRICO PARA SISTEMA TERNARIO DESCARTABLE,5
42222010,TUBULADURA DE SILICONA PARA LIGADURA Y EXTENSION DE 7 mm X 12 mm DE 25 m APROX.,5
42222303,SET COMPLETO PARA AFERESIS,5
42231805,"COMPLEMENTO NUTRICIONAL INSTANTANEO X 400 g (KIWICHA,QUINUA, PROTEINAS, VITAMINAS Y MINERALES)",5
42272509,KIT DE REPUESTOS PARA MANTENIMIENTO DE EQUIPO DE ANESTESIA,5
42281604,DESINFECTANTE GLUCONATO DE CLORHEXIDINA AL 4% X 1 L,5
42281806,INDICADOR BIOLOGICO A CALOR HUMEDO LECTURA RAPIDA PARA ESTERILIZACION,5
42291620,TROCAR PARA CIRUGIA LAPAROSCOPICA DE 10 mm DE DIAMETRO,5
42293520,FILTRO HIDROFOBICO DESCARTABLE DE 0.45 Ám X 50 mm PARA EQUIPO DE SUCCION,5
42294929,PUNTA DE ENDOLASER FLEXIBLE DE NITINOL DE 25 G PARA USO OFTALMOLOGICO,5
42294944,EQUIPO DE ENDOSCOPIA - SIMULADOR ENDOTRAINER,5
42295427,LAVADORA AUTOMATICA DE ACERO INOXIDABLE DE 1.00 m X 0.65 m PARA CHATAS,5
42295508,PROCESADOR DE SONIDO DEMOSTRATIVO DEL IMPLANTE COCLEAR,5
42295513,MALLA DE POLIPROPILENO 30 cm X 30 cm PARA USO QUIRURGICO,5
42295524,LENTE INTRAOCULAR CAMARA POSTERIOR PLEGABLE 1 PIEZA DIOPTRIA (+6.0 A +30.0),5
42295912,STENT METALICO  CUBIERTO PARA ARTERIA AORTA Y PULMONAR DE 2.8 cm X 8 mm,5
42311511,COMPRESA DE GASA ESTERIL 48 cm X 48 cm X 5,5
42311512,APOSITO DE GASA PARAFINADA 10 cm X 10 cm PARA USO EN HERIDAS,5
42311515,APOSITO DE COLAGENO 10.20 cm X 11.25 cm PARA HERIDAS,5
42312209,CLAMP UMBILICAL DE POLIMERO ESTERIL DESCARTABLE,5
43191508,EQUIPOS DE TELEFONIA SIP,5
43201542,DISPOSITIVO DE SEGURIDAD DEL MODULO DE PLATAFORMA SEGURA (TPM),5
43211507,"ESTACION DE TRABAJO DE ESCRITORIO CON 2 PROCESADORES XEON DE 2.00 GHZ, MEMORIA RAM 96 GB, DISCO DURO 512 GB SSD Y 1 TB HDD + MONITOR LED 20 in + TECLADO USB + MOUSE USB + SISTEMA OPERATIVO",5
43211907,LENTES DE REALIDAD VIRTUAL,5
43221706,ANTENA REPETIDORA PARA ROUTER INALAMBRICO,5
43221708,EQUIPO DE MICROONDAS,5
43222503,SISTEMA DE CORRELACIONADOR DE EVENTOS Y MONITOREO,5
43223306,AMBIENTE PREFABRICADO DE FIERRO DE 6.20 m X 3.20 m X 2.40 m,5
43232605,LICENCIA  DE SOFTWARE SPSS,5
43232901,SOFTWARE (INC. LICENCIA) DE ACCESO REMOTO A SERVIDOR,5
43233501,SOFTWARE (INC. LICENCIA) PARA CORREO ELECTRONICO,5
44102602,MAQUINA MECANICA PARA ESCRITURA EN BRAILLE,5
44112002,CALENDARIO DE PARED,5
45111609,PROYECTOR MULTIMEDIA FIJO DE 1000 lm DE 1280 X 800 IMAGEN 100 in APROX.,5
45111818,COMPRESOR DE SONIDO,5
45121501,CAMARA FOTOGRAFICA,5
45121515,CAMARA DE VIDEO DE SEGURIDAD CON AUDIO,5
45121618,ADAPTADOR DE LENTE PARA CAMARA DE VIDEO,5
46161604,CHALECO FLOTADOR SALVAVIDAS,5
46181501,MANDIL DE LINO PLASTIFICADO,5
46181704,CASCO ANTIMOTIN CON VISOR,5
46182002,RESPIRADOR DE MEDIA CARA DE JEBE LATEX CON FILTROS INTERCAMBIABLES,5
46182004,ARNES DE EQUIPO DE PROTECCION RESPIRATORIA AUTOCONTENIDO CON MANOMETRO Y ALARMA PARA INCENDIO ESTRUCTURAL,5
46182005,FILTRO PARA RESPIRADOR DE PROTECCION CONTRA PARTICULAS,5
46182306,ARNES DE SEGURIDAD DE NYLON TIPO MULTIPROPOSITO DE 6 ANILLOS,5
47101612,POLIELECTROLITO ANIONICO,5
47131905,CORDON ABSORBENTE DE 20 cm X 3 m APROX. PARA DERRAMES DE HIDROCARBUROS.,5
47132101,JUEGO DE PRODUCTOS DE LIMPIEZA X 8 PIEZAS,5
48101521,COCINA SEMI INDUSTRIAL A GAS DE 2 HORNILLAS SIN HORNO,5
48101613,MAQUINA INDUSTRIAL ELECTRICA AMASADORA SOBADORA DE 25 kg PARA PANADERIA,5
49241706,MANTA DE POLIETILENO DE 8.00 mil X 6.00 m X 8.15 m APROX.,5
50101717,SEMILLAS DE CHIA ENTERA,5
50112009,CARNE DE CERDO FRESCO CORTE ASADO,5
50112011,PECHUGA DE POLLO EN TROZOS EN ACEITE VEGETAL,5
50161815,FRUTA CONFITADA,5
50181708,PRE MEZCLA DE PANETON,5
50305043,NARANJA VALENCIA CATEGORIA I,5
50305208,GRANADILLA (AL PESO),5
50305602,PIÑA GOLD,5
50403244,CHOCLO CATEGORIA EXTRA O PRIMERA,5
50406415,CAMOTE AMARILLO CALIDAD PRIMERA .,5
50406517,TOMATE ITALIANO,5
50421827,PALLAR CALIDAD EXTRA,5
50425602,PAPA SECA,5
50426818,GARBANZO CALIDAD EXTRA,5
50501613,ZINC SULFATO 20 mg TAB,5
50501703,NUTRIENTE ENTERAL COMPLETO PEPTIDO 500 ML,5
51101562,OXACILINA 1 g PLV PARA SOL INY,5
51101594,CEFEPIMA 1 g INY,5
51102005,RIFAMPICINA 300 mg  TAB,5
51102345,LOPINAVIR + RITONAVIR 200 mg + 50 mg TAB,5
51111513,MESNA 400 mg INY 4 mL,5
51111629,CLOFARABINA 1 mg/mL INY 20 mL,5
51111723,LEUPRORELINA 30 mg AMP,5
51111807,LEUPRORELINA 11.25 mg INY,5
51123601,AMIODARONA 200 mg TAB,5
51131506,EPOETINA BETA 30000 UI INY 0.6 mL,5
51141501,ACETAZOLAMIDA 250 mg TAB,5
51141535,CABERGOLINA 500 mcg (0.5 mg) TAB,5
51141619,SERTRALINA (COMO CLORHIDRATO) 50 mg TAB,5
51141920,DIAZEPAM 10 mg INY 2 mL,5
51142131,CELECOXIB 200 mg TAB,5
51142501,BROMOCRIPTINA 2.5 mg TAB,5
51151514,BROMURO DE PIRIDOSTIGMINA 60 mg TAB,5
51151661,SOLIFENACINA 5 mg TAB,5
51151727,NOREPINEFRINA 4 mg INY 4 mL,5
51162030,FLUTICASONA + SALMETEROL 125 mcg + 25 mcg/dosis AER PARA INHALACION 120 Dosis,5
51171606,SULFATO DE MAGNESIO 20% (200 mg/mL) INY 10 mL,5
51171904,RANITIDINA (COMO CLORHIDRATO) 300 mg TAB,5
51181605,TIAMAZOL 5 mg TAB,5
51181742,CLOBETASOL 0.05 % CRM 25 g,5
51182047,TIBOLONA 2.5 mg TAB,5
51182403,"GLUCONATO DE CALCIO 10% (Equiv. 8,4 mg/mL Ca) INY 10 mL",5
51182428,DENOSUMAB 60 mg/mL INY 1 mL,5
51183304,VILDAGLIPTINA 50 mg TAB,5
51191507,ESPIRONOLACTONA 25 mg TAB,5
51191923,TRETINOINA 10 mg TAB,5
51201501,AZATIOPRINA 50 mg TAB,5
51201550,LENALIDOMIDA 5 mg TAB,5
51212404,TADALAFILO 5 mg TAB,5
51241120,CONDROITINA SULFATO SODICO + HIALURONATO DE SODIO 40 mg + 17 mg/mL SOL 1 mL,5
51241222,DIMETICONA + ENZIMAS DIGESTIVAS 50 mg + 100 mg TAB,5
51273009,REMIFENTANILO 5 mg INY 5 mL,5
51273803,CARBOMERO 200 mg/100 g GEL 10 g,5
51281806,DOXORUBICINA 2 mg/mL INY 10 mL,5
51284503,COLISTINA 100 mg/2mL INY,5
51302308,CLOTRIMAZOL 1 % SOL 20 mL,5
51322302,HIALURONATO S. /HIALURONATO S. + CONDROITIN S. S. 10 mg/mL/ 30 mg/mL + 40 mg/mL SOL 0.55 mL / 0.5 mL,5
51333601,RISPERIDONA 25 mg POLVO + DISOLVENTE DE LIB PRO AMPOLLA,5
51341599,IDURSULFASA 3 mg/mL AMPOLLA,5
51373202,TAPENTADOL 50 mg TAB DE LIBERACION PROLONGADA,5
51381505,MESALAZINA 500 mg TAB,5
51421501,FLUTICASONA 27.5 mcg/DOSIS AER 120 DOSIS,5
51441578,ACIDO GADOTERICO 05 mmol/mL INY 15 mL,5
51442202,GADOBUTROL 604.72 mg/mL INY 7.5 mL,5
51471502,POVIDONA 10% SOL 1 L,5
52141521,HORNO,5
52141529,MOLINO DE GRANOS PARA USO DOMESTICO,5
53102302,CONJUNTO PARA NIÑOS (PANTALON CORTO-SHORT Y POLO),5
53102402,CALCETIN DE ALGODON CAÑA ALTA PARA CABALLERO,5
53102606,BATA DE ALGODON DOBLE FELPA 10/1 Ne 16/1 Ne DE 360 g/m2 MANGA LARGA CON CINTURON Y DOS PASADORES PARA CABALLERO,5
53103101,CHALECO DE DRIL CON LOGOTIPO,5
53111502,"BOTA TIPO BORCEGUI DE CUERO BADANA, SUELA DE CAUCHO VULCANIZADO, PUNTERA TERMOPLASTICO, MEDIA CANA CUELLO DE CINTA DE REFUERZO PARA DAMA",5
53111602,ZAPATO CLASICO DE CUERO NAPPA SUELA DE CUERO PUNTERA TERMOPLASTICA PARA DAMA,5
53131503,CEPILLO DENTAL PARA ADULTO,5
55101504,DIARIO DE CIRCULACION NACIONAL,5
55101509,COMPUTACION E INFORMATICA,5
55101515,KIT DE ARTICULOS PROMOCIONALES,5
55111505,CD - HERRAMIENTAS,5
55121710,TACHAS RETROREFLECTIVAS AMARILLAS,5
56101515,CAMA FIJA DE MADERA DE 1 1/2 PLAZA,5
56101532,MODULO FIJO DE MELAMINA PARA ESTACION DE TRABAJO DE 8 PERSONAS,5
56101705,VITRINA DE METAL CON 2 CUERPOS,5
56112102,SILLA GIRATORIA DE METAL ERGONOMICA,5
56112109,BANCA ORNAMENTAL DE ESTRUCTURA DE METAL CON LISTONES DE MADERA PARA FIJAR EN EL SUELO,5
56121704,"ARMARIO EMPOTRADO DE MELAMINA DE 2 CUERPOS, 2 PUERTAS BATIENTES, SIN GAVETAS",5
56122001,MESA DE ACERO INOXIDABLE DE 0.60 cm X 1.00 cm X 1.50 cm APROX. CON PUERTA ABATIBLE PARA LABORATORIO,5
60101101,LECTORA DE TARJETA CON CODIGO DE BARRA,5
60101609,DIPLOMA DE TITULO PROFESIONAL,5
60124509,CARRO DE JUGUETE DE PLASTICO X 6 PIEZAS,5
60131101,TROMPETA,5
60131114,SOUSAFON,5
70121602,SERVICIO DE INSEMINACION ARTIFICIAL,5
70141602,SERVICIO DE ERRADICACION Y CONTROL DE AVES INVASORAS METODO CETRERIA,5
72151503,SERVICIO DE MANTENIMIENTO DE CENTRAL HIDROELECTRICA,5
72153702,SERVICIO DE MANTENIMIENTO DE ESTACIONAMIENTOS,5
72154004,SERVICIO DE TRANSPORTE EN CARRETILLA DE AGREGADOS PARA CONSTRUCCION,5
72154024,SERVICIO DE FABRICACION E INSTALACION DE PLACAS DE METAL PARA IDENTIFICACION,5
72154302,SERVICIO DE REPARACION DE MOTOR PARA TRACTOR ORUGA,5
73121614,SERVICIO DE EVALUACION DE FISURAS DE ESTRUCTURAS,5
73151503,Servicios de fabricación y diseño original,5
73152106,SERVICIO DE MANTENIMIENTO CORRECTIVO DE MARMITA,5
73181118,SERVICIO DE INSTALACION DE ANCLAJE DE EQUIPOS,5
77101603,SERVICIO DE INVESTIGACION CIENTIFICA DEL MAR,5
77101806,SERVICIO DE INSPECCION AMBIENTAL DE PROYECTOS,5
78101806,SERVICIO DE TRANSPORTE DE CARGA TERRESTRE INTERNACIONAL,5
80111503,CONSULTORIA DE ELABORACION DE ANALISIS DE CLIMA LABORAL Y CULTURA ORGANIZACIONAL,5
80121607,CONSULTORIA DE FISCALIZACION TRIBUTARIA Y ADUANERA DEL INCUMPLIMIENTO DEL IGV,5
80141605,SERVICIO DE ELABORACION DE ARTICULOS PROMOCIONALES PARA ACTIVIDADES DE ORIENTACION AL CIUDADANO,5
80141609,SERVICIO DE AUSPICIO Y PATROCINIO DE EVENTOS DE EVENTOS CULTURALES,5
80141623,SERVICIO DE ELABORACION DE ARTICULOS PUBLICITARIOS,5
80141625,CONSULTORIA DE ELABORACION DE ANALISIS PARA PROPUESTAS DE INCENTIVOS,5
80161507,SERVICIO DE PRODUCCION DE PROGRAMAS RADIALES,5
80171505,"SERVICIO DE DIRECCION DE SPOTS TELEVISIVO, RADIAL Y FOTOGRAFICO",5
80171601,SERVICIO ESPECIALIZADO EN TURISMO,5
80172003,SERVICIO DE ESTUDIOS RELACIONADOS CON LA IMAGEN INSTITUCIONAL,5
81111704,SERVICIO DE DESARROLLO DE SOFTWARE,5
81112010,SERVICIO DE DIGITALIZACION CON VALOR LEGAL DE DOCUMENTOS (MICROGRABACION),5
81141501,SERVICIO DE ANALISIS DE HIDROCARBUROS,5
81141601,SERVICIO DE ANALISIS Y ELABORACION DE INFORMES TECNICOS,5
81151901,SERVICIO DE ESTUDIO DE ENSAYOS DE REFRACCION SISMICA,5
81162001,SERVICIO DE ATENCION AL CIUDADANO EN EL CANAL TELEFONICO Y VIRTUAL,5
82121503,SERVICIO DE REGISTRO DE INFORMACION E IMPRESION DE FOTOCHECK,5
83121702,SERVICIOS RADIALES EN EMISORAS LOCALES,5
84101703,SERVICIO DE REVISION Y REGISTRO DE INFORMACION RELACIONADA CON DEUDAS Y PAGOS,5
84111504,SERVICIO DE REGISTRO DE COMPROBANTES DE PAGO DE CONTRATACIONES DE BIENES Y SERVICIOS,5
84111601,SERVICIO DE AUDITORIA EXTERNA EN GENERAL,5
84131519,SEGURO CONTRA INCENDIO,5
85101605,SERVICIO DE ATENCION RESIDENCIAL PARA PERSONAS ADULTAS MAYORES,5
85121609,SERVICIO ESPECIALIZADO DE CIRUGIA GENERAL,5
85121613,SERVICIO DE ATENCION MEDICA EN PEDIATRIA,5
85151501,SERVICIO DE MONITOREO EN HIGIENE OCUPACIONAL,5
85151504,SERVICIO DE ASESORIA EN PREPARACION DE LOS ALIMENTOS,5
85151605,SERVICIO DE CONSULTORIA ELABORACION DE EXPEDIENTE TECNICO RELACIONADO AL MEJORAMIENTO DE LA CADENA PRODUCTIVA DE ALIMENTOS,5
86101609,Servicios de capacitación profesional industrial,5
86101709,SERVICIO DE ENTRENAMIENTO PARA BRIGADAS FRENTE A EMERGENCIAS Y DESASTRES,5
86101802,TALLER DE PRACTICA DE HERRAMIENTAS DE GESTION PARA LA MEJORA DE ATENCION AL USUARIO,5
93171803,SERVICIO DE ANALISIS DE REPORTES ESTADISTICOS,5
95121711,INMUEBLE DE MATERIAL NOBLE DE 3 PISOS CON AREA DE 2000 A 2500 m2,5
10101517,CAMELIDOS,4
10111304,COMEDERO DE PLASTICO PARA CUYES,4
10111307,CHALECO DE TELA IMPERMEABLE CON FORRO POLAR Y ESPONJA PARA ALPACA ADULTA,4
10151527,SEMILLA DE PAPA (AL PESO),4
10151607,LINAZA EN GRANO (ALIMENTO PARA PERSONAS),4
10151609,SEMILLA DE MAIZ AMARILLO DURO - ZEA MAYS L. CULTIVAR MARGINAL 28-T,4
10152301,SEMILLA DE FRIJOL - PHASEOLUS VULGARIS  L. CULTIVAR FREJOL UCAYALINO,4
10152401,SEMILLA DE PAPA - SOLANUM SSP. CULTIVAR PERUANITA,4
10161599,PLANTON DE QUEÑUA - POLYLEPIS,4
10161605,CLADODIO DE TUNA - OPUNTIA FICUS INDICA,4
10161815,PLANTON DE BAMBU - PHYLLOSTACHYS BAMBUSOIDES,4
11121625,MADERA EUCALIPTO (POR VOLUMEN),4
11122001,"MADERA TRIPLAY LUPUNA DE 4"" X 8"" X 18 mm",4
11141607,"GRANULO DE CAUCHO ""SBR"" PARA RECUBRIMIENTO DE GRAS ARTIFICIAL",4
11151516,PISTA ATLETICA DE POLIURETANO TIPO MONOCAPA DE 10 mm,4
11161703,"TELA DRILL DE COLOR 1.60 m ANCHO, 100% ALGODON, 270 g/m2",4
11162003,MANTA ARPILLERA DE POLIPROPILENO DE 3 m DE ANCHO,4
12162601,ADITIVO LIQUIDO LUBRICANTE Y ESTABILIZADOR PARA FLUIDOS DE PERFORACION,4
12352102,NITRATO DE AMONIO P.A.,4
12352112,ETER DE PETROLEO P.A.,4
12352115,UREA 99%,4
13101504,CAUCHO NATURAL DE 1in x 40 cm x 250 m.,4
13102018,POLIETILENO TRANSPARENTE DE 1.40 m DE ANCHO,4
14111544,LAMINA DE SEGURIDAD TAMAÑO A4 PARA LICENCIA DE CONDUCIR,4
14111823,FORMATO DE CONTROL DE CONSUMO DE ALIMENTOS,4
15101509,PETROLEO DIESEL MARINO Nº 2,4
15121503,ACEITE MIL PRF 6086 E,4
15121505,DISOLVENTE DESENGRASANTE ECOLOGICO PARA LAVADO DE PIEZAS MECANICAS,4
15121510,ADITIVO PARA PETROLEO,4
15121529,ACEITE REFRIGERANTE R-12,4
20101601,ZARANDA DE FIERRO DE MATERIAL GRANULAR DE 1/2 in 3.00 m X 4.00 m,4
22101609,MEZCLADORA DE TROMPO,4
22101611,CENTRIFUGA PARA ASFALTO,4
22101703,CUCHILLA PARA MOTONIVELADORA,4
23121610,MAQUINA ESTAMPADORA PARA TEXTILES,4
23153604,FILTRO DE VENTILADOR PARA MAQUINA DE GRABADO LASER,4
23181507,CONCHADORA DE CACAO ELECTRICA DE 5 Kg,4
23201202,SECADOR DE AIRE PARA LA INDUSTRIA AGROALIMENTARIA,4
23221101,ATURDIDOR NEUMATICO,4
23271409,MOTOSOLDADORA DE 28 V 200 A,4
24101511,CARRO DE METAL TRANSPORTADOR DE 80 cm X 90 cm X 110 cm 1 NIVEL,4
24101639,MONTACARGA DE 3 t,4
24112006,TACHO DE PLASTICO CON RUEDAS DE 1100 L,4
24112901,CAJA DE TRIPLAY DE 10 cm X 14 cm X 50 cm,4
24121807,TOMATODO DE PLASTICO DE 750 mL CON LOGO,4
24131503,CAMARA DE REFRIGERACION,4
25101907,MODULO DE VIVIENDA TEMPORAL,4
25111517,DESLIZADOR,4
25111701,VEHICULO SUBMARINO A CONTROL REMOTO,4
25111805,MOTO ACUATICA,4
25172499,SURTIDOR DE COMBUSTIBLE,4
25173815,CABLE DE EMBRAGUE DE MOTOFURGON,4
25202701,ACTUADOR ELEVADOR PARA AERONAVE,4
26101513,JUEGO DE REPUESTOS PARA GOBERNADOR DE VELOCIDAD PARA MOTOR DIESEL CATERPILLAR 3512,4
26101736,PISTON DE MOTOR DE GRUPO ELECTROGENO,4
26101740,INYECTOR COMPLETO,4
26111704,CARGADOR DE BATERIA DE EQUIPO DESFIBRILADOR PORTATIL,4
26111707,BATERIA PARA UPS DE 12 V 200 Ah,4
26121540,ALAMBRE DE ACERO GALVANIZADO N° 16,4
26121607,FIBRA OPTICA MULTIMODO DE 50 um OM3 10G 12 FIBRAS,4
26121641,Cables de instalación,4
26131808,CELDA DE MEDIA TENSION EXTERIOR DE 27 KV 25 kA,4
27111605,PICO DE ACERO CON MANGO DE MADERA DE 90 cm APROX,4
27111712,EXTRACTOR DE PINES DE CADENAS PARA MAQUINARIA PESADA,4
27112002,PALA RECTA,4
27112007,TIJERA DE PODAR DE MANO DE 21 cm,4
27112022,MAQUINA DESBROZADORA,4
27112702,PULIDORA ELECTRICA DE 1000 W,4
27112716,HERRAMIENTA DE FIJACION UNIVERSAL,4
27112746,MOTOSIERRA DE 32 in,4
27112902,Tubos industriales,4
27121504,PRENSA HIDRAULICA,4
27131603,REPUESTOS  PARA REGULADOR DE BUCEO,4
30101504,PERFIL L ANGULAR DE ACERO AL CARBONO LAC ASTM A36 DE 1 1/2 in X 1 1/2 in X 1/8 in X 6 m,4
30101704,VIGA DE ACERO ESTRUCTURAL TIPO C LAMINADA EN CALIENTE 4 in DE ALTURA 6 m LONGITUD,4
30102223,TABLERO AGLOMERADO DE MADERA RECUBIERTO CON MELAMINA DE 18 mm X 1.83 m X 2.44 m,4
30102903,POSTE REDONDO DE ACERO A36 DE 4 in X 1.8 m CON GANCHOS,4
30103616,Estructura compuesta,4
30131705,LAJA DE PIEDRA,4
30151608,CIELO RASO ACUSTICO X 12 mm,4
30151806,MURO CORTINA CON ESTRUCTURA DE ALUMINIO Y VIDRIO TEMPLADO DE 8 mm,4
30161803,ARMARIO DE ACERO INOXIDABLE DE DOS CUERPOS.,4
30171609,VENTANA DE ALUMINIO FIJA CON VIDRIO TEMPLADO DE 8 mm,4
30171708,VIDRIO SIMPLE DE 6 mm,4
30191501,ESCALERA RECTA DE ALUMINIO DE 13 PASOS CON BARANDAS,4
30264203,CALAMINA DE ACERO CON ALUZINC 0.35 mm X 1.10 m X 3.70 m,4
31151709,ALAMBRE DE FIERRO GALVANIZADO Nº 16,4
31162005,Clavos para tejados,4
31162108,Anclajes de amarrar,4
31162204,REMACHE DE COMPRESION DE ALUMINIO DE 5/8 in X 3/32 in,4
31163202,ANILLO DE COMPRESION DE TEFLON CON VIDRIO Y DISULFURO DE MOLIBDENO DE 0.75 mm DE ESPESOR X 20.58 mm DE DIAMETRO PARA COMPRESOR A GAS,4
31171505,RODILLO SUPERIOR SIMPLE PARA TRACTOR ORUGA,4
31191506,CORTADORA DE CONCRETO - CORTADORA DE PAVIMENTO,4
31201601,PEGAMENTO PARA CERAMICO,4
31201603,ADHESIVO QUIRURGICO PARA INJERTO X 5 mL,4
31401608,EMPAQUETADURA DE GRAFITO FLEXIBLE DE 1 1/8 in,4
31401704,EMPAQUETADURA ESTAMPADA ESPIROMETALICA DE ACERO AL CARBONO DE 10 1/4 in X 13 3/8 in PARA INTERCAMBIADOR DE CALOR,4
32101541,TRANSMISOR DE VOLTAJE PARA TRANSFORMADOR,4
32151603,CONTROLADOR LOGICO PROGRAMABLE - PLC,4
39111532,LUMINARIA 220 V EQUIPO COMPLETO,4
39112012,LINTERNA DE MANO CON LUZ LED RECARGABLE,4
39121001,TRANSFORMADOR TRIFASICO DE 100 KVA 22.9/0.4-0.23 KV,4
39121427,CONECTOR DE COBRE TIPO AB  PARA VARILLA DE PUESTA  A TIERRA 35-35 mm2,4
39121524,CELULA FOTOELECTRICA 220 V 1000 W,4
39121721,AISLADOR ELECTRICO TIPO SUSPENSION DE POLIMERO  DE 36 KV,4
39122113,CRUCETA DE MADERA DE 4 in X 4 in X 1200 mm,4
40101833,PROGRAMADOR PARA CALDERO CON AMPLIFICADOR DE FLAMA UV,4
40141652,VALVULA REDUCTORA DE PRESION,4
40141658,VALVULA DE PURGA DE ACERO FORJADO DE 1.046 in X 2540 PSIG,4
40142008,TUBO FLEXIBLE DE POLIETILENO DE ALTA DENSIDAD (HDPE) DE 1/2 in,4
40142020,MANGUERA REDONDA DE CAUCHO Y LONA DE 3/8 in,4
40151616,ANILLO DE COMPRESION  PARA COMPRESORA DE AIRE,4
40161505,FILTRO DE AIRE PARA MOTOR DE CARGADOR FRONTAL,4
40161602,EQUIPO PURIFICADOR DE AIRE DE AMBIENTE DE 400 m3/h,4
40171601,TUBO DE ACERO LAC ASTM A500 RECTANGULAR C/C DE 100 mm X 50 mm X 6 m X 2 mm,4
40173303,NIPLE DE ACERO INOXIDABLE DE 1 1/4 in X 2 in,4
40183003,Sistema de tuberías de plástico CPVC,4
41101701,CONCENTRADOR CENTRIFUGO DE ACERO DE 0.25 TON,4
41102917,CUCHILLA DESCARTABLE PARA MICROTOMO LOMO ANGOSTO DE 22º ANGULO DE CORTE X 80 mm DE LONGITUD,4
41103203,LAVADOR AUTOMATICO DE PIPETAS,4
41103320,VISCOSIMETRO DIGITAL DE 60000000 Mpas PARA USO DE LABORATORIO,4
41103322,MEDIDOR DIGITAL DE CONSUMO DE ENERGIA ACTIVA DIGITAL MONOFASICO / TRIFASICO,4
41103416,CAMARA BIOCLIMATICA DE ACERO INOXIDABLE 240 L DE -10 C A 100 C,4
41103517,CABINA DE SEGURIDAD BIOLOGICA HORIZONTAL DE BIOSEGURIDAD CLASE II TIPO B2,4
41103806,AGITADOR MAGNETICO CON CALENTADOR DIGITAL,4
41103811,AGITADOR ELECTRICO ORBITAL DE VAIVEN DE SOBREMESA 250 RPM PARA USO DE LABORATORIO,4
41103814,MACRO MOLINO DE ACERO INOXIDABLE TIPO WILLYE DE 15 kg/hora 360 X 600 X 500 mm,4
41103817,MEDIO DE CULTIVO AGAR ORGANICO,4
41104109,BOLSA COLECTORA DE PVC X 150 mL PARA PLASMA,4
41104118,CESTO DE POLIETILENO TIPO JABA X 60 cm X 40 cm X 25 cm APROX.PLANO PARA USO DE ALMACENAMIENTO,4
41104510,ESTUFA DIGITAL ESTERILIZADORA X 53 L APROX. PARA USO DE LABORATORIO,4
41104699,HORNO DE CALENTAMIENTO DE 1400 C PARA ALMACENAMIENTO TERMICO,4
41104906,PLANTA DE OSMOSIS INVERSA PARA TRATAMIENTO DE AGUA,4
41105002,TAMIZADOR DIGITAL CON MALLA DE 200 mm A 300 mm PARA ANALISIS DE PARTICULAS,4
41105108,TUBERIA FLEXIBLE PARA MAQUINA DE OCTANOS,4
41105334,MARCADOR DE PESO MOLECULAR EN GELES DE POLIACRILAMIDA PARA IDENTIFICACION DE ADN 25 BP,4
41105902,SISTEMA DE PREPARACION DE MUESTRAS DE ADN PARA LIBRERIAS GENOMICAS,4
41106216,MEDIO DE CULTIVO AGAR PAPA DEXTROSA USP,4
41106302,KIT PARA CARGA VIRAL VIH 1TIEMPO REAL (INCLUYE COMPONENTES Y CONSUMIBLES) X 48 DETERMINACIONES,4
41111508,BALANZA DE PIE MECANICA CON TALLIMETRO CAPACIDAD 220 Kg SENSIBILIDAD 100 g,4
41111718,"MICROSCOPIO DIGITALTRINOCULAR INVERTIDO CON OBJETIVO DE 10X, 20X, 50X Y 100X Y OCULAR DE 10 X USO METALOGRAFICO",4
41111931,MACROMEDIDOR DE CAUDAL TIPO SONDA,4
41112222,TERMOMETRO DE VIDRIO RANGO -20ºC A 400ºC,4
41112302,SENSOR ANALOGICO PSICROMETRICO,4
41113320,MODULO DE ENSEÑANZA PARA ENSAYO SOBRE MECANICA EN FLUIDOS,4
41113626,IONOMETRO,4
41113642,ANALIZADOR DIGITAL DE ELECTROBISTURI,4
41113706,"MICROSCOPIO DIGITAL 3D CON OBJETIVO DE 35X, 250X, 140X, 1000X, 700X Y 5000X DE MESA CON VIDEO INSPECCION DE FIBRA OPTICA ILUMINACION LED",4
41114402,BAROMETRO DIGITAL METEOROLOGICO CON VISUALIZADOR,4
41115407,ESPECTROFOTOMETRO DIGITAL DE ABSORCION ATOMICA MODO FLAMA,4
41115716,ATOMIZADOR DE VIDRIO BOROSILICATO 125 mL PARA USO DE LABORATORIO,4
41115810,SONDA LASER TIPO RECTA DE 268 cm PARA EQUIPO FOTOCOAGULADOR,4
41115843,EXTRACTOR DIGITAL AUTOMATIZADO DE ADN X 16 MUESTRAS DE 20 ul,4
41116132,CEPA DE CONTROL DE CALIDAD CRIPTOCOCO NEOFORMANS ATCC,4
41116146,DOSAJE DE  MARIHUANA,4
41116501,MEDIDOR DIGITAL DE PRESION CON TRANSDUCTOR PARA AGUA,4
41123304,CAJA DE POLIESTIRENO DE 64 VIALES X 0.5 A 2.0 mL PARA CRIOCONSERVACION,4
42121605,ACEITE ALCANFORADO ETEREO INY 100 mL PARA USO VETERINARIO,4
42131502,GORRO DE TELA NO TEJIDA DE POLIPROPILENO DESCARTABLE NO ESTERIL TIPO GUSANO DE 20 g/m2 X 50 cm PARA USO HOSPITALARIO,4
42131604,GORRO DESCARTABLE DE POLIPROPILENO NO ESTERIL PARA CIRUJANO,4
42131614,PANTALON DE TELA NO TEJIDA DE POLIPROPILENO DESCARTABLE NO ESTERIL DE 45 g/m2 TALLA L PARA USO HOSPITALARIO,4
42142616,TUBO PARA EXTRACCION DE SANGRE DE POLIPROPILENO CON SISTEMA DE VACIO DE 0.5 mL  CON GEL SEPARADOR,4
42143601,CHALECO DRILL 100% ALGODON SARGA 20/1 Ne DE 250 g/m2 COLOR BLANCO PARA PACIENTE,4
42151624,PIEZA DE MANO DE ALTA VELOCIDAD,4
42182802,BALANZA PEDIATRICA DIGITAL,4
42182903,MESA DE EXAMEN PEDIATRICO,4
42183015,LAMPARA DE HENDIDURA,4
42192103,SILLON RECLINABLE MECANICO CON BRAZOS PARA TERAPIA PARENTERAL,4
42192420,BOTIQUIN DE MADERA,4
42192428,MALETIN DE REANIMACION CARDIOPULMONAR CON ASPIRACION INCORPORADA,4
42202001,EQUIPO ELECTRONICO DE GAMMATERAPIA PARA USO CLINICO,4
42203424,SISTEMA DE LIBERACION DE DUCTUS 7 FR,4
42211705,AUDIFONO RETROAURICULAR DIGITAL PROGRAMABLE DE GANANCIA ACUSTICA DE 20 - 40 DECIBELES 3 CANALES,4
42221520,OBTURADOR DESCARTABLE PARA PROLONGADOR DEL SISTEMA DE DIALISIS PERITONEAL,4
42271602,ESPIROMETRO DE PLASTICO TIPO VOLUMETRICO ADULTO,4
42272001,LAPAROSCOPIO,4
42281603,CLORHEXIDINA GLUCONATO 2 g/100 mL SOL 1.5 L,4
42291609,PINZA DE ACERO INOXIDABLE TIPO  KERRISON ANGULADA CORTE INFERIOR 90º DE 2 mm X 25 cm DE USO QUIRURGICO,4
42291614,TIJERA DE ACERO INOXIDABLE COAGULANTE LAPAROSONICA CURVA 23 cm APROX. PARA USO QUIRURGICO,4
42291635,TROCAR DE PVC SIN BALON ADULTO X 5 mm DE 5 mm APROX. PARA CIRUGIA LAPAROSCOPICA,4
42291802,PINZA SACABOCADO STAMMBERGER RECTA 100 mm,4
42294805,EQUIPO DE LAPAROSCOPIA,4
42294807,ESFINTEROTOMO CON ASA DE CORTE 25 mm TRIPLE LUMEN X 190 mm,4
42294924,Instrumentos endoscópicos manuales bipolares o monopolares o accesorios y productos relacionados,4
42295123,TERMINAL DE TITANIO CURVO TIPO ESTANDAR 11.44 cm CON FUNDA PARA PIEZA DE MANO DE ASPIRADOR ULTRASONICO,4
42295424,RECORTADORA DE VELLO TIPO CLIPPER PARA USO QUIRURGICO,4
42295453,KIT DE CATETER DE DRENAJE HIDROFILICO 10 FR X 30 cm,4
42296001,VALVULA AORTICA TIPO BIOLOGICA Nº 23,4
42296007,OCLUSOR DE ACRILICO TIPO PERCUTANEO PARA DEFECTO SEPTAL INTERAURICULAR Nº 024,4
42296321,TORRE DE VIDEOCIRUGIA DIGITAL CON TELESCOPIO 30 GRADOS DE 32 cm PARA HISTEROSCOPICA,4
42311606,HEMOSTATICO TOPICO ABSORBIBLE DE CELULOSA OXIGENADA Y REGENERADA 5 X 7.5 cm,4
42311708,ESPARADRAPO DE TELA 2 in X 10 yd,4
42321610,ESPACIADOR INTERVERTEBRAL CERVICAL DE TITANIO CONVEXO 5 mm RELLENO CON SUSTITUTO OSEO SINTETICO USO QUIRURGICO,4
42322205,SISTEMA DE FIJACION TRANSPEDICULAR DE TITANIO UNIVERSAL,4
43191501,"TELEFONO CELULAR CON MEMORIA 8 GB, PANTALLA 5 in, CAMARA 3.2 MP",4
43191511,TELEFONO IP PANTALLA A COLOR,4
43201604,EQUIPO ELECTRONICO GENERADOR DE PULSOS (PFN),4
43201618,BANDEJA DE CABLES DE GABINETE DE COMPUTO,4
43201803,DISCO DURO EXTERNO HDD USB 3.0 DE 1 TB 2.5 in,4
43211509,TABLETA PAD,4
43211514,KIOSCO MULTIMEDIA - PLATAFORMA VIRTUAL MULTISERVICIO,4
43211710,DISPOSITIVO TOKEN DE SEGURIDAD,4
43211902,MODEM EXTERNO,4
43221721,EQUIPO BASE DE RADIOCOMUNICACION TRONCALIZADO,4
43221727,CABLE TIPO PIGTAIL 60 cm PARA ACCESS POINT Y ANTENA,4
43222622,BALANCEADOR DE CARGA DE RED - LOAD BALANCING,4
43222634,EQUIPO ADMINISTRADOR DE ANCHO DE BANDA - BANDWIDTH MANAGER,4
43222635,MODULO DE AMPLIACION DE 24 PUERTOS PARA SWITCH CORE,4
43222801,EQUIPO INTELIGENTE DE COMUNICACIONES,4
43231507,SOFTWARE (INC. LICENCIA) PARA MANEJO DE PROYECTOS,4
43232101,SOFTWARE (INC. LICENCIA) PARA DISEÑO GRAFICO,4
43232102,SOFTWARE (INC. LICENCIA) PARA DISEÑO ASISTIDO POR COMPUTADORA 2D 3D,4
43232399,SOFTWARE (INC. LICENCIA) PARA GESTION DE REQUERIMIENTOS DE SISTEMA INFORMATICO,4
43232408,LICENCIAS DE SOFTWARE DE PUBLICACION DE APLICACIONES VIA WEB,4
43232505,MODULO EDUCATIVO - REDES DEFINIDAS POR SOFTWARE (SDN),4
43232701,SOFTWARE PARA SERVIDOR DE RED,4
43232799,SOFTWARE (INC. LICENCIA) DE SERVIDOR PARA VIRTUALIZACION,4
43233506,SOFTWARE (INC. LICENCIA) PARA ASISTENCIA POR COMPUTADOR DE CIRCUITOS ELECTRONICOS,4
44101504,EQUIPO CRIPTOGRAFICO,4
44102502,MAQUINA COMPAGINADORA,4
44103101,CINTA PARA IMPRESORA FARGO 2 CARAS CON SPLIT RIBBON YMCKO,4
44103118,PAPEL FILMINA TERMO SELLABLE DE SEGURIDAD DE 54 mm X 85.6  mm,4
44103504,ANILLO DE METAL DOBLE RING DE 1 in,4
44111905,PIZARRA ACRILICA,4
44121513,ESTAMPILLA 50 AÑOS DE LA CONSTRUCCION DEL RADIO OBSERVATORIO DE JICAMARCA,4
44121707,LAPIZ DE COLOR TAMAÑO GRANDE (JUEGO X 12 COLORES),4
45101604,MAQUINA PROCESADORA DE PLACAS ELECTROSTATICAS,4
45111616,PROYECTOR,4
45121504,CAMARA FOTOGRAFICA DIGITAL DE 10.2 MEGAPIXELES,4
46101503,FUSIL DE ASALTO CALIBRE 5.56 X 45 mm,4
46161511,SEMAFORO DE 3 LUCES CON PEDESTAL,4
46161533,BOLARDO FLEXIBLE TIPO CILINDRICO DE POLIURETANO DE 75 cm X 20 cm,4
46181605,ZAPATO DIELECTRICO,4
46181706,PROTECTOR FACIAL RIDIGO DE CASCO DE SEGURIDAD,4
46182211,FAJA DE PROTECCION ABDOMINAL DE MATERIAL ADHESIVO CON TIRANTES DE ELASTICO GRADUABLE,4
46191510,VISOR NOCTURNO (INFRAROJO) TERMICO,4
47111502,LAVADORA DE ACERO INOXIDABLE AUTOMATICA DE VAJILLA 2 CICLOS X 14 CUBIERTOS,4
47121604,ABSORBENTE DE HUMEDAD DE 16 oz,4
47121702,CONTENEDOR DE ACERO GALVANIZADO DE 770 L CON RUEDAS Y TAPA,4
47121804,BALDE DE PLASTICO DE 15 l,4
47131803,DESINFECTANTE LIMPIADOR AROMATICO - PINO X 1 gal,4
47131807,LEJIA (HIPOCLORITO DE SODIO) AL 5%,4
48101511,CARRITO PARA POSTRES,4
48101818,AUTOCLAVE DE 100 l,4
48102101,VITRINA DE ACERO INOXIDABLE DE 2 CUERPO.,4
48111406,EQUIPO ORDENADOR DE TURNO ELECTRONICO CON DISPENSADOR MECANICO,4
49101701,MEDALLA DE BRONCE CON CINTA,4
49171603,GUANTES DE CUERO DE 14 oz PARA BOXEO,4
49221505,RED ALQUITRANADA PARA ARCO DE FUTBOL,4
50112005,CARNE DE RES FRESCO CORTE ASADO,4
50161511,CHOCOLATE EN BARRA SIN AZUCAR,4
50192113,CABALLA EN GRATED EN ACEITE VEGETAL X 170 g,4
50192303,YOGURT X 1 L,4
50192401,GELATINA,4
50192504,JAMONADA DE POLLO,4
50201709,CAFE INSTANTANEO MOLIDO CON CAFEINA,4
50202309,BEBIDA HIDRATANTE,4
50304438,MANDARINA SATSUMA CATEGORIA EXTRA,4
50305105,PAPAYA CATEGORIA I,4
50402807,ACELGA,4
50404201,COL CRESPA CALIDAD PRIMERA,4
50407204,OLLUCO,4
51101503,CLORANFENICOL 250 mg/5 mL SUS 60 mL,4
51102001,CICLOSERINA 250 mg .TAB,4
51102003,ISONIAZIDA 100 mg TAB,4
51102307,GANCICLOVIR (COMO SODICO). 500 mg INY,4
51102326,EFAVIRENZ 600 mg TAB,4
51111614,ETOPOSIDO 100 mg INY 5 mL,4
51111701,BLEOMICINA 15 000 UI (15 mg) INY,4
51111856,LAPATINIB 250 mg TAB,4
51111901,ASPARAGINASA 10000 UI INY,4
51121603,NITROGLICERINA (GLICEROLTRINITRATO) 5 mg/ mL INY 5 mL,4
51121614,MONONITRATO DE ISOSORBIDA 20 mg TAB,4
51131520,PLERIXAFOR 24 MG/1.2 ml INY,4
51131631,DABIGATRAN 150 mg TAB,4
51131740,TICAGRELOR 90 mg TAB,4
51131809,DOBESILATO CALCICO 500 mg TAB,4
51141506,FENOBARBITAL 200 mg INY 2 mL,4
51141509,VIGABATRINA 500  mg TAB,4
51141710,PERICIAZINA 10 mg TAB,4
51151732,DOBUTAMINA 250 mg/20 mL INY 20 mL,4
51152017,BACLOFENO 10 mg TAB,4
51161515,MONTELUKAST 10 mg TAB,4
51161524,BROMURO DE TIOTROPIO 18 ug/DOSIS TAB,4
51161633,DESLORATADINA 5 mg TAB,4
51171608,GLICEROL 1 g/100 g GEL 5 g,4
51171910,PANCREATINA 300 mg TAB,4
51172320,DEFERASIROX 125 mg TAB,4
51182101,DESMOPRESINA 10 mcg/dosis SOL 5 mL,4
51182203,OXITOCINA 10 UI INY 1 mL,4
51182304,OCTREOTIDA 200 mcg/mL INY 5 mL,4
51182415,ACIDO ZOLEDRONICO 4 mg INY,4
51184007,GLICLAZIDA 60 mg TAB,4
51201503,MICOFENOLATO MOFETILO 500 mg TAB,4
51201546,INFLIXIMAB 100 mg INY 10 mL,4
51201569,TOCILIZUMAB 20 mg/mL INY 4 mL,4
51201805,INMUNOGLOBULINA ANTI D (RH) 300 mcg INY,4
51202603,EVEROLIMUS 750 mcg TAB,4
51241128,HIPROMELOSA 10 mg/mL SOL OFT 15 mL,4
51281616,KANAMICINA (COMO SULFATO) 1 g INY 3 mL,4
51281809,MITOXANTRONA 20 mg/10 mL INY 10 mL,4
51282003,TIGECICLINA 50 mg INY,4
51282926,LEVOFLOXACINO 250 mg TAB,4
51283601,RIFAMPICINA 100 mg/5mL SUSP 60 mL,4
51283604,RIFAXIMINA 200 mg TAB,4
51294513,PAROXETINA 20 mg TAB,4
51302404,NISTATINA + ZINC OXIDO 100000UI + 200 mg/100 g CRM 30 g,4
51311802,BILASTINA 20 mg TAB,4
51312203,DESLORATADINA 2.5 mg/5 mL JBE 15 mL,4
51321804,CIPROFIBRATO 100 mg TAB,4
51342710,INTERFERON BETA 1B 0.25 mg/mL INY,4
51361801,DEXMEDETOMIDINA 100 ug/mL INY 2 mL,4
51371803,PETIDINA CLORHIDRATO 50 mg/mL INY 2 mL,4
51371907,METADONA 10 mg TAB,4
51422108,MOMETASONA 50 mcg/dosis AEROSOL 120 Dosis,4
51422312,METILPREDNISOLONA 125 mg INY 2 mL,4
51422410,FLUDROCORTISONA 100 mcg (0.1 mg) TAB,4
51431602,ATOMOXETINA 40 mg TAB,4
51442409,IOBITRIDOL equivalente 300 mg I/mL INY 50 mL,4
51473016,PEROXIDO DE HIDROGENO 10 V SOL 1 L .,4
52121509,SABANA DE DRILL 100% ALGODON DE 270 g/m2 TITULO 20/1 Y 12/1 DE 2.80 m x 1.80 m APROX. SIN ELASTICO COLOR ENTERO PARA USO HOSPITALARIO,4
52141501,REFRIGERADORA ELECTRICA DOMESTICA 490 l APROX.,4
52141506,CONGELADORA ELECTRICA HORIZONTAL DOMESTICA DE 450 l APROX.,4
52141514,PROCESADOR INDUSTRIAL DE ALUMINIO DE 300 kg/h 550 W PARA ALIMENTOS,4
52141601,LAVADORA ELECTRICA DOMESTICA DE 15 kg,4
52141802,ESTUFA ELECTRICA,4
52151814,OLLA DE ALUMINIO DE 26 l APROX.,4
52161510,EQUIPO DE SONIDO,4
53101504,PANTALON CORTO-SHORT DE POLIESTER DE 40/2 Nm 138 g/m2 APROX. MODELO DEPORTIVO CON FORRO PARA CABALLERO,4
53101702,CHOMPA DE LANA PARA CABALLERO,4
53101804,CASACA 100 % POLIESTER DE 150/1 De 165 g/m2 IMPERMEABLE CON FORRO POLAR MANGA LARGA DESMONTABLE 2 BOLSILLOS LATERALES PARA DAMAS,4
53102102,OVEROL DE ALGODON Y POLIESTER MANGA LARGA CON CINTAS REFLECTORAS PARA CABALLERO,4
53102399,ROPA INTERIOR TERMICA DE POLIESTER INCLUYE POLERA MANGA LARGA Y PANTALON PARA CABALLEROS,4
53102520,CAPONA DE LANA Y POLIESTER TAFETAN SARGA DE 2/46 Nm DE 195 g/m2 DE 120 mm X 55 mm APROX. CON  GALON BORDADO,4
53121503,MALETIN DE POLIESTER PARA VIAJE,4
53121602,BOLSO DE LONA TIPO MORRAL CRUZADO,4
53121701,MALETIN DE LONA CON ASA Y BASE REFORZADA,4
55101520,TRIPTICO INFORMATIVO,4
55121608,ETIQUETA ADHESIVA RECTANGULAR DE 38 mm X 45 mm X 1000 UNIDADES APROX.,4
55121803,PASAPORTE DIPLOMATICO,4
55121903,PANEL ELECTRONICO PROGRAMABLE,4
56101520,CASILLERO DE METAL (LOCKER) CON 9 PUERTAS,4
56101538,MUEBLE METALICO LINEAL DE AUTOSERVICIO - TAVOLA PARA 6 BANDEJAS,4
56101710,MESA DE MELAMINA PARA PROYECTOR,4
56121605,TABIQUERIA DE MELAMINA,4
56122003,MODULO DE MELAMINE CON GARRUCHAS CON 4 DIVISIONES,4
60101102,BRAZO ROBOTICO DE FIBRA DE CARBONO CON 6 EJES DE 967 mm X 775 mm DE ALCANCE PARA TRANSPORTE 3K USO DE LABORATORIO,4
60101604,PORTA DIPLOMA DE CUERO,4
60101728,MATERIAL DIDACTICO DE ESTIMULACION X 10 PIEZAS,4
60102301,LIBRO LIBROS: TODO LO QUE HAY QUE LEER,4
60122202,Materiales de acabado,4
60141006,SET DE CONSTRUCCION,4
70111602,SERVICIO DE PREPARACION DE PLANTAS PARA VIVERO,4
70121608,SERVICIO DE PREÑEZ DE GANADO POR METODO DE TRANSFERENCIA DE EMBRIONES,4
70131601,SERVICIO DE LIMPIEZA DE CAMINOS CERCOS Y VIVERO,4
70141703,Servicio de administración de cultivos,4
71101708,SERVICIO DE LIMPIEZA DE SUELOS,4
71122702,SERVICIO DE MANTENIMIENTO CORRECTIVO DE LA UNIDAD DE MOVIMIENTO DE CRUDO,4
71151306,SERVICIO DE DATACIONES E ISOTOPOS DE MUESTRAS DE ROCAS,4
72103304,Servicios de barrido de vías o de áreas de estacionamientos,4
72121402,REMODELACION DE ESTACION DE BOMBEROS VOLUNTARIOS,4
72121405,SERVICIO DE FABRICACION E INSTALACION DE ESTRUCTURAS DE METAL PARA SANTUARIO,4
72141113,SERVICIO DE INSTALACION DE TUBERIA PARA GAS,4
72141124,SERVICIO DE INSTALACION DE TUBERIAS Y CONEXIONES,4
72141203,SERVICIO DE INSTALACION DE ESTRUCTURA PARA MEDICION DE CAUDAL DE AGUA,4
72151201,SERVICIO DE CONSULTORIA EN LA ELABORACION DE EXPEDIENTE TECNICO - AIRE ACONDICIONADO,4
72151305,SERVICIO DE PINTADO DE ESTRUCTURA METALICA DE PUENTE,4
72152103,SERVICIO DE INSTALACION DE AISLAMIENTO TERMICO PARA EDIFICACIONES,4
72152606,SERVICIO DE MANTENIMIENTO CORRECTIVO DE PANELES INFORMATIVOS,4
72153301,SERVICIO DE OPERACION Y ADMINISTRACION DE GRIFOS,4
72153609,SERVICIO DE INSTALACION DE ELECTROBOMBA,4
72154018,SERVICIO DE MANTENIMIENTO DE PILETAS,4
72154502,SERVICIO DE FABRICACION DE PUENTE GRUA,4
73152112,SERVICIO DE MANTENIMIENTO CORRECTIVO VALVULAS DE CONTROL DE AGUA DE BOCATOMA,4
76111504,SERVICIO DE LIMPIEZA DE VENTANA,4
76121701,CONSULTORIA DE ELABORACION DE MEJORA DE TRATAMIENTO DE AGUAS RESIDUALES Y REUSO,4
76122203,SERVICIO DE INHUMACIÓN DE RESTOS HUMANOS,4
77101501,SERVICIO DE ELABORACION DE ESTUDIO DE RIESGOS AMBIENTALES DE TRANSPORTE DE HIDROCARBUROS POR DUCTOS,4
77101502,SERVICIO DE ACTUALIZACION DE PLAN DE RECUPERACION DE CALIDAD AMBIENTAL,4
77101601,SERVICIO DE CONSULTORIA EN FORMULACION DE PLAN DE DESARROLLO SOSTENIBLE,4
77121504,SERVICIO DE ANALISIS Y MONITOREO DE EMISIONES GASEOSAS Y AIRE,4
80111604,Necesidad de personal técnico temporal,4
80111621,SERVICIO DE DESARROLLO DE INVESTIGACION EN SALUD,4
80141601,SERVICIO DE REPRESENTACION EN ACTIVIDADES PROMOCIONALES,4
80161603,SERVICIO DE CONSULTORIA PARA ELABORACION DEL EXPEDIENTE TECNICO DE EQUIPOS BIOMEDICOS,4
80161702,CONSULTORIA DE ACTUALIZACION DE CASOS DE REPOSICION DE ACTIVOS,4
80171603,SERVICIO DE CONSULTORIA EN FORTALECIMIENTO DE MECANISMOS DE DIFUSION,4
81101501,SERVICIO DE PERFORACION RELACIONADO CON LA CONSTRUCION,4
81101713,SERVICIO DE IMPLEMENTACION DE SISTEMA DE TELEMETRIA,4
81102101,SERVICIO DE CONSULTORIA PARA ELABORACION DEL ESTUDIO DE DETERMINACION DE LA LINEA DE ALTA MAREA (LAM) Y LA FRANJA RIBEREÑA,4
81111706,SERVICIO DE IMPLEMENTACION DE CABLEADO ESTRUCTURADO DE RED LAN Y TRANSFERENCIA DE CONOCIMIENTO,4
81112004,SERVICIO DE SOPORTE EN RECUPERACION DE BASE DE DATOS EN CASO DE CATASTROFE,4
81112106,SERVICIO DE MEMBRESIA AL CATALOGO DE NACIONES UNIDAS,4
81112107,SERVICIO DE REGISTRO DE DOMINIO EN INTERNET,4
81112302,SERVICIO DE MANTENIMIENTO PARA SOLUCION DE ALMACENAMIENTO EXTERNO SAN - STORAGE AREA NETWORK,4
81112308,SERVICIO DE MANTENIMIENTO PREVENTIVO DE LA UNIDAD DE ALMACENAMIENTO DE DISCOS EXTERNOS,4
82111503,SERVICIO ESPECIALIZADO DE APOYO EN LA INVESTIGACION CIENTIFICA,4
82112055,SERVICIOS DE INTERPRETACION,4
82131601,SERVICIO DE AEROFOTOGRAFIA,4
82131604,SERVICIO DE FOTOGRAFIA,4
83101509,SERVICIO DE CONSUMO DE AGUA DE RIEGO,4
84121607,SERVICIO DE FINANCIAMIENTO DE ARRENDAMIENTO OPERACIONAL,4
85122001,SERVICIO DE PROTESIS DENTAL,4
85131709,SERVICIO DE SECUENCIAMIENTO GENETICO,4
86101610,SERVICIO DE ELABORACION DE ESTUDIO E INVESTIGACION GEOFISICA,4
86121803,CONSULTORIA EN TEMAS DE ENSEÑANZA SUPERIOR NO UNIVERSITARIA,4
86132101,CONSULTORIA PARA ELABORACION DE PLAN DE ESTUDIO PARA EDUCACION SUPERIOR,4
90111504,SERVICIO DE ALQUILER DE CASA DE CAMPO,4
90141701,SERVICIO DE ENTRENAMIENTO EN DEPORTES,4
90152101,Servicio de asistencia personal,4
91111602,SERVICIO LAVADO Y LIMPIEZA PISCINAS,4
93101607,SERVICIO DE ANALISIS DE DATOS ESTADISTICOS,4
93141506,SERVICIO DE ASISTENCIA TECNICA EN PROTECCION SOCIAL,4
93142009,SERVICIO DE ELABORACION DE PROYECTOS,4
94132004,SERVICIO DE DEFENSA LEGAL DE REGIDORES,4
95122103,MEJORAMIENTO DE INFRAESTRUCTURA DE ALBERGUES,4
95141706,SERVICIO DE ALMACEN DE OBRA,4
10122002,"ALIMENTO A BASE DE HIERBAS, VERDURAS, FRUTAS Y/O LEGUMINOSAS FRESCAS PARA REPTILES",3
10151814,SEMILLA DE ACHIOTE - BIXA ORELLANA L.,3
10161502,PLANTON DE CAFE - COFFEA ARABICA,3
10161571,PLANTON DE ARANDANO - VACCINIUM MYRTILLUS,3
10161699,PLANTA DE FLOR GERANIO - PELARGONIUM X HORTORUM,3
11111604,PIEDRA DE GRANITO,3
11131502,CUERO TIPO GUANTE,3
11151508,FIBRA DE ALPACA,3
11151702,TELA DE ALGODON 1 m X 1 m,3
11161704,TELA BRAMANTE CRUDO 2.50 m ANCHO 50% ALGODON 50% POLIESTER DE 150 g/m2,3
11162112,Tejidos revestidos,3
11162113,TAPIZ SINTETICO,3
11162123,CINTA DE ALGODON DE 1 cm,3
12142004,ARGON,3
12142101,ACETILENO GASEOSO,3
12161704,SOLUCION TAMPON (BUFFER) pH 4.0,3
12164509,AGLUTINANTE DE CAUCHO ESTIRENO-BUTADIENO,3
12181601,ACEITE SINTETICO CLP HC 220,3
13102013,PLANCHA DE POLICARBONATO SOLIDA OPACA DE 8 mm X 1.05 m X 3.87 m APROX.,3
13111001,ADHESIVO EPOXICO PARA ANCLAJES X 5 KG,3
13111016,POLIETILENO TRANSPARENTE TIPO INFRALENE 8 Ám X 6 m X 50 m,3
14111518,FORMATO DE FICHA DE DATOS,3
14111801,BOLETO DE ENTRADA PARA VISITA A MUSEO TARIFA ADULTO,3
14111821,FORMATO DE PEDIDO DE RACIONES ALIMENTICIAS,3
15121508,HIDROLINA,3
20101709,MOLINO PULVERIZADOR PARA MUESTRAS,3
20111603,ROTOMARTILLO DE 1500 W,3
20122215,TANQUE DE ACERO INOXIDABLE DE 2000 L PARA ENFRIAMIENTO DE LECHE,3
20122822,Tubos múltiples para lodo,3
20142903,TANQUE DE ACERO INOCXIDABLE DE 300 L HORIZONTAL PARA MADURACION,3
21101905,ARETE DE IDENTIFICACION DE PLASTICO TIPO PALETA PARA GANADO SIN RADIOFRECUENCIA,3
22101501,JUEGO DE ACCESORIOS PARA EQUIPO COMPENSADOR DE PRESION DE CARGADOR FRONTAL,3
22101629,BANDEJA DE ACERO INOXIDABLE 10 cm X 40 cm X 50 cm PARA SECADO DE AGREGADOS,3
23101507,MAQUINA TUPI,3
23121612,AGUJA PARA MAQUINA INDUSTRIAL CABO GRUESO  Nº 16,3
23141704,MAQUINA APARADORA DE CUEROS,3
23151506,MAQUINA LAMINADORA DE LATEX,3
23152104,DECANTADOR CENTRIFUGO HORINZONTAL DE 10 TN/H,3
23152203,BANCO DE PRUEBA PORTATIL PARA MEDICION DE HIDROMETRO,3
23152911,CAMBRADORA DE CORTES O CAPELLADAS PARA CALZADO,3
23181502,MAQUINA PULPEADORA DE ACEITUNA DE 2 HP 150 Kg/h,3
23181518,CAMARA DE FERMENTACION PARA MASA DE PANADERIA/PASTELERIA,3
23181804,MAQUINA PARA HACER HELADO DE 2 HP,3
23189999,TEMPERADOR DOSIFICADOR DE ALIMENTOS,3
23191006,MAQUINA MEZCLADORA DE TIERRA,3
23231101,MAQUINA SIERRA CINTA DE 20 in,3
23241506,MAQUINA CORTADORA A PLASMA INVERSORA,3
23241801,MAQUINA TALADRO DE COLUMNA DE 700 W,3
23242507,FRESADORA VERTICAL UNIVERSAL CNC DE 1.30 m X 1.50 m X 2.15 m 2200 W,3
23251704,MAQUINA ESTAMPADORA,3
23271401,SOLDADURA POR ARCO SUMERGIDO: REPUESTOS Y ACCESORIOS,3
23271813,CABLE ELECTRICO FLEXIBLE DE COBRE TIPO WS AWG 2/0 DE MAQUINA DE SOLDAR,3
24101619,GRUA PUENTE MONORRIEL DE 15 t,3
24101711,PLATAFORMA DE DESPLAZAMIENTO SOBRE RIELES,3
24102006,BANCO DE TRABAJO (TIPO MESA) DE MADERA DE 80 cm X 1.2 m X 2 m,3
24102208,INFLADOR PARA PELOTA,3
24111801,TINA DE ACERO INOXIDABLE DE 1.25 L,3
24111802,BALON PARA GAS LICUADO DE PETROLEO DE 45 kg,3
24111812,POZA DE CONCRETO PARA PILETA,3
24112005,TACHO DE ACERO INOXIDABLE DE 65 L,3
24131601,CONGELADORA INDUSTRIAL HORIZONTAL ELECTRICA DE 105 L,3
24141517,PELICULA DE POLIETILENO CON EXTRUSION MULTICAPA Y ADITIVOS ESTABILIZANTES PARA CULTIVO DE PLANTAS DE 6 m X 50 m,3
25111718,EMBARCACION MARITIMA PARA PATRULLAJE,3
25111804,CANOA BIPERSONAL,3
25131506,AVION A REACCION DE PASAJEROS,3
25131601,HELICOPTERO DE PASAJEROS,3
25161505,BICICLETA MONTAÑERA ARO 27 in,3
25172011,AMORTIGUADOR,3
25172509,CAMARA 11.00 X 16 TR15,3
25174002,ENFRIADOR DE ACEITE DE MOTOR DE GRUPO ELECTROGENO,3
25174004,ENFRIADOR DE AIRE DE ADMISION DE MOTOR DE GRUPO ELECTROGENO,3
25202507,Ventanas de aeronaves,3
26101732,BUJIA PARA MOTOR DE CAMIONETA,3
26101764,JUEGO DE REPUESTOS PARA CAMISETA DE MOTOR ESTACIONARIO X 6 PIEZAS,3
26111503,VARIADOR DE VELOCIDAD,3
26111602,RODETE DE ACERO INOXIDABLE PARA TURBINA PELTON,3
26111606,ANILLOS LABERINTICOS REPUESTO DE TURBINA,3
26111611,GENERADOR ELECTRICO 1000 W,3
26111801,FAJA PARA MOTOR DE TORRE DE ILUMINACION,3
26121517,CONDUCTOR DE COBRE CONCENTRICO TIPO SET DE 2X4 mm2 CON CUBIERTA DE PVC,3
26121603,CABLE DE CONTROL DE COBRE TIPO N2XSY 7 X 2.5 mm2,3
26121606,CABLE COAXIAL RG-14,3
26121660,CONDUCTOR ELECTRICO DE COBRE DESNUDO TEMPLE BLANDO DE 25 mm2,3
26141807,Ventanas de vidrio con plomo en celda caliente,3
27111515,TALADRO ELECTRICO PORTATIL INALAMBRICO DE 20 V,3
27111953,ESCOFINA PARA HERRADO DE 50 cm X 4.5 cm,3
27112003,RASTRILLO DE JARDINERIA DE FIERRO DE 14 DIENTES CON MANGO DE MADERA,3
27112142,HERRAMIENTA MANUAL MULTIUSO,3
27112830,Suministros y accesorios del destornillador,3
27112838,DISCO DE CORTE PARA METAL DE 4 1/2 in X 1/8 in,3
27113201,JUEGO DE HERRAMIENTAS MANUALES X 60 PIEZAS,3
27121602,CILINDRO HIDRAULICO TELESCOPICO PARA TOLVA DE CAMION VOLQUETE,3
27131502,PISTOLA SOPLADORA DE AIRE,3
30102012,CALAMINA GALVANIZADA DE ZINC 1.80 m X 80 cm X 22 mm,3
30102215,PLANCHA DE ACRILICO TRANSPARENTE DE 6 mm X 1.22 X 2.44 m,3
30102304,PLATINA DE ACERO 3/8 in x 4 in x 6 m,3
30103606,TIJERAL DE MADERA TORNILLO 1.15 m X 4.64 m X 5.00 m,3
30121713,ALCANTARILLA DE METAL 1.8 MM X 24 IN,3
30141514,PLANCHA DE POLIESTIRENO EXPANDIDO DE 15 cm X 30 cm X 1.20 m,3
30181504,LAVADERO DE GRANITO,3
30222057,Sistema de tuberías,3
30265012,PLANCHA DE ALUZINC GALVANIZADO ONDULADO DE 3600 mm X 800 mm X 0.22 mm,3
30265302,BARRA REDONDA HIERRO FUNDIDO,3
31151506,"SOGUILLA DE CAÑAMO DE 1/4""",3
31161620,PERNO DE CABEZA HEXAGONAL DE ACERO DE 5/16 in X 19H X 2 in CON ARANDELA,3
31201616,PEGAMENTO PARA PVC,3
31201702,Sellante de impregnación,3
31211502,PINTURA AL AGUA,3
31282214,COSPEL DE PLATA,3
32101523,MEZCLADORA DE 16 CANALES,3
32101630,REGULADOR DE VOLTAJE AUTOMATICO 40 KW 220 V PARA GRUPO ELECTROGENO,3
32101638,TARJETA ELECTRONICA DE CONTROL PARA SEMAFORO CON FASES,3
32141010,TUBO FOTOMULTIPLICADOR SEMIESFERICO,3
39101614,LUMINARIA DECORATIVA DE ALUMINIO DE ALUMBRADO PUBLICO INDIRECTO PARA LAMPARAS DE HALOGENURO METALICO,3
39101628,LAMPARA LED DE 32 W 3000 lm 3000 K E27,3
39101902,BALASTO DE LAMPARA DE VAPOR DE SODIO ELECTRONICO DE 50 W,3
39111509,PASTORAL DE ACERO GALVANIZADO DE 38 mm,3
39111525,LUMINARIA CON LAMPARA DE VAPOR DE SODIO DE 70 W,3
39111544,LUMINARIA LED TIPO PROYECTOR DE 32 W 2800 lm 2500 K RH IP65,3
39112508,Luminarias con luz negra y ultravioleta,3
39121012,Reactores,3
39121032,TRANSFORMADOR DE CORRIENTE TIPO TOROIDAL DE 100/5 A CLASE  0.5,3
39121033,TRANSFORMADOR MIXTO DE TENSION Y CORRIENTE DE 10/0.1 KV 50/5 A CON CLASE TC 0.2S Y CLASE TT 0.2,3
39121039,GENERADOR ELECTRICO DE SISTEMA DE CELDA DE COMBUSTIBLE DE HIDROGENO DE 3000 W,3
39121324,CAJA METALICA DE PROTECCION DE 70 cm X 60 cm X 20 cm PARA TABLERO ELECTRICO,3
39121424,CUBIERTA AISLANTE DE CONECTOR AI-Cu SP 15,3
39121428,CONECTOR DE CABLE ELECTRICO TIPO CUÑA DE ALUMINIO/COBRE DE 60-120 mm2 - 10-70 mm2,3
39121452,EMPALME PARA CABLE DE 185 mm2,3
39121529,CONTACTOR ELECTRICO TRIFASICO DE 65 A 220 V,3
39121632,REGISTRADOR DE CALIDAD DE TENSION,3
39121701,ESPIGA PARA AISLADOR TIPO PIN ANSI 56-2,3
39122208,AUTOMATICO PARA ELECTROBOMBA DE AGUA BLANDA,3
40101607,VALVULA DE CONTROL DE AIRE DE 5/32 in,3
40101836,INTERCAMBIADOR DE CALOR DE CARCASA Y TUBOS DE 300 °F 300 PSI,3
40141609,VALVULA DE PASO DE PVC DE 1/2 in PN 10 CON ROSCA,3
40141616,ACTUADOR NEUMATICO DE ALUMINIO DE 6 in PARA VALVULA MARIPOSA,3
40141630,"MEZCLADORA DE 4""",3
40141641,ELECTROVALVULA SOLENOIDE DE 2 VIAS DE 1/4 in CON BOBINA DE 220 V,3
40141738,TAPA Y MARCO DE HIERRO DUCTIL PARA BUZON 60 cm DE DIAMETRO CON SEGURO,3
40142004,MANGUERA SUBMARINA DE GOMA NBR - ELASTOMERO REFORZADO CON ALAMBRES TEXTILES Y RECUBIERTO CON CAUCHO SINTETICO DE 10 in X 10 1/4 in X 225 lb,3
40142014,MANGUERA PARA SUCCION Y DESCARGA DE PETROLEO TUBO INTERIOR DE CAUCHO DE 4 in X 30 ft,3
40142207,SENSOR DE NIVEL DE AGUA,3
40151532,BOMBA DE IMPULSION TIPO ORUJERA DE 2.5 HP 200 V 1.5 - 2500 L,3
40151533,BOMBA HIDRAULICA PARA DIRECCION HIDRAULICA DE CAMION,3
40151725,DISCO DE SELLO MECANICO PARA BOMBA CENTRIFUGA,3
40151730,ANILLO DE FIERRO CON 4 ALABES PARA ELECTROBOMBA CENTRIFUGA,3
40161513,FILTRO DE COMBUSTIBLE PARA MOTOR DE AERONAVE,3
40161515,FILTRO HIDRAULICO PARA TANQUE DE TRACTOR,3
40161525,BASE DE FILTRO DE COMBUSTIBLE  PARA MOTOR ESTACIONARIO,3
40161609,"SISTEMA DIGITAL CON LAMPARA UV Y FILTROS DE 0,22 Ám X 54 cm x 29 cm x 38 cm PARA PURIFICACION DE AGUA",3
40171506,Tubería comercial de aleación ferrosa,3
40171512,"TUBO CUADRADO DE 5/8"" x 5/8"" X 2 mm X 6mm",3
40171518,TUBO PARA AGUA DE CPVC CLASE 10 DE 1 1/4 in X 5 m,3
40171617,TUBO PARA LINEA DE DESAGUE DE PVC-U UF - SN 4 200 mm X 6 m,3
40171620,TUBO DE PVC PARA FLUIDOS A PRESION LINEA DE SANEAMIENTO CLASE 15 200 MM X 6 M,3
40171621,TUBO DE ACERO INOXIDABLE DE 1 1/2 in X 6 m,3
40171622,Tubería de acero inoxidable sin costuras industrial,3
40171708,ADAPTADOR DE TUBERIA DE PVC DE 63 mm EMBONE HEMBRA/ROSCA MACHO,3
40172005,CURVA DE PVC TIPO UF CLASE 10 DE 110 mm X 90º PARA SOLDAR O PEGAR,3
40172506,CONECTOR DE TUBERIA DE FIERRO GALVANIZADO DE 1 1/2 in,3
40172608,ACOPLE RAPIDO DE PVC DE 1 1/2 in CON ROSCA,3
40172899,CODO DE POLITILENO DE ALTA DENSIDAD (HDPE) 160 mm X 45°,3
40173804,ABRAZADERA DE REPARACION DE ACERO INOXIDABLE DE 200 mm X 200 mm,3
40174903,UNION TIPO DRESSER FLEXIBLE DE HIERRO FUNDIDO DUCTIL ISO 2531 PN 16 DN 200 mm,3
41101707,PRENSA DE RODILLO DE CALOR DE LABORATORIO DE 0 A 2 mm X 20 cm,3
41102403,INCINERADOR DE SOLIDOS,3
41102426,REJILLA METALICA ASBESTO DE 16 cm X 16 cm,3
41102605,AIREADOR ELECTRICO PARA ACUARIO,3
41103010,REFRIGERADORA ELECTRICA VERTICAL DE +2 C A 6 C X 610 L APROX.  PARA BANCOS DE SANGRE,3
41103025,GEL REFRIGERANTE PARA CONSERVACION DE LA CADENA DE FRIO EN TRASLADO,3
41103303,DENSITOMETRO OSEO DIGITAL RANGO 0 a 5 0D DE SOBREMESA,3
41103401,EQUIPO DE MEDICION PARA CONTAMINACION AMBIENTAL,3
41103418,CAMARA TERMICA DE 0 C A 30 C PARA GENERACION DE MICROCLIMAS,3
41103706,EQUIPO DE BAÑO MARIA DE 14 L,3
41104015,EXTRACTOR DE MUESTRAS DE SUELOS COMPACTOS,3
41104017,FRASCO DE POLIPROPILENO DE 30 mL CON TAPA Y ESPATULA PARA MUESTRA DE HECES,3
41104126,FRASCO DE  POLIESTIRENO X 100 mL CON TAPA ROSCA REMOVEDOR Y ANTIBIOTICO PARA HEMOCULTIVO EN ADULTO,3
41104304,DIGESTOR POR MICROONDAS,3
41105304,TRANSILUMINADOR DIGITAL LUZ ULTRAVIOLETA - UV PARA ELECTROFORESIS,3
41106204,MEDIO DE CULTIVO CALDO PARA HEMOCULTIVO PEDIATRICO,3
41111502,BALANZA DIGITAL CAPACIDAD DE 40 kg SENSIBILIDAD 5 g,3
41111503,BALANZA MECANICA,3
41111509,BALANZA DE PLATAFORMA ELECTRONICA DE 100 TONELADAS SENSIBILIDAD 1000 g APROX.,3
41111605,EQUIPO MECANICO DE 4500 kgf PARA PRUEBA CBR DE CAMPO,3
41111613,TELEMETRO DIGITAL PORTATIL LASER 40m PARA MEDIR DISTANCIA,3
41111921,JAULA METALICA DE 348 mm x 250 mm x 285 mm PARA PROTECCION DE SENSOR DE VELOCIDAD Y DIRECCION DE VIENTO,3
41111929,SENSOR DIGITAL PORTATIL DE TEMPERATURA DE SUELO,3
41111938,SENSOR DIGITAL DE PH PARA MEDIDOR MULTIPARAMETRO: PH/CONDUCTIVIDAD/OXIGENO/TEMPERATURA,3
41111948,CONTADOR DIGITAL DE LEUCOCITOS,3
41113024,HIDROMETRO,3
41113036,MICROPLACA DE POLIPROPILENO 96 POCILLOS FONDO PLANO PARA ANTIGENO LEUCOCITARIO HUMANO (HLA),3
41113114,EQUIPO DIGITAL DE CONDUCTIVIDAD TERMICA,3
41113119,ANALIZADOR DIGITAL DE GASES ANHIDRIDO CARBONICO,3
41113308,ANALIZADOR DE ELECTROLITOS,3
41113625,CAMARA DE CAMPO ELECTRICO PARA DETECCION DE IONIZACION NUCLEAR,3
41113635,MEGOMETRO DIGITAL,3
41113638,OSCILOSCOPIO DIGITAL A COLOR DE 200 MHZ,3
41113669,DETECTOR DIGITAL MANUAL DE TENSION ELECTRICA,3
41113670,TELUROMETRO DIGITAL PORTATIL DE ALTA FRECUENCIA RANGO 0 A 20000 OHMNIOS PARA MEDIR RESISTENCIA DE PUESTA A TIERRA,3
41113699,BALANZA DIGITAL CON TALLIMETRO CAPACIDAD 500 Kg SENSIBILIDAD 200 g,3
41113710,SENSOR DIGITAL PORTATIL  LIMNIMETRICO,3
41114106,REGISTRADOR ELECTRICO SISMICO,3
41114205,POSTE DELINEADOR DE CONCRETO X 1 m CON LAMINA RETRORREFLECTANTE DE 0.15m X 0.15 m APROX.PARA SEÑALIZACION,3
41114401,ANEMOMETRO DIGITAL PARA USO METEREOLOGICO,3
41114404,ECOSONDA DIGITAL PORTATIL PARA USO DE NAVEGACION,3
41114418,TARJETA ELECTRONICA DE MODULO TRANSMISOR DE SENSOR DE VISIBILIDAD,3
41114635,EQUIPO PORTATIL DIGITAL POR FLUORESCENCIA DE RAYOS X PARA ANALISIS NO DESTRUCTIVO DE METALES PRECIOSOS,3
41115311,FOTOMETRO DIGITAL SEMI AUTOMATICO DE SISTEMA ABIERTO,3
41115313,AUTOREFRACTOMETRO DIGITAL PORTATIL DE MANO,3
41115316,RETROREFLECTOMETRO DIGITAL PORTATIL,3
41115320,GENERADOR ELECTRONICO DE BARRAS DE COLOR PARA AJUSTES Y LOCALIZACION DE FALLAS DE VIDEOS,3
41115603,POTENCIOMETRO DE MESA RANGO DE -2 A 20 PH Y -30 C A 130 C PARA USO DE LABORATORIO,3
41115701,DETECTOR AUTOMATICO DIGITAL TIPO EVAPORATIVO PARA DISPERSION DE LUZ,3
41115822,SISTEMA DE IDENTIFICACION + ANTIBIOGRAMA DE BACTERIAS GRAM POSITIVOS,3
41116003,REACTIVO PARA GASES ELECTROLITOS Y METABOLITOS SANGUINEOS ARTERIALES,3
41116009,Reactivos de analizadores histológicos,3
41116014,CREATININA CINETICA,3
41116102,"REACTIVO DEL GRUPO SANGUINEO ANTI ""D""",3
41116113,ESTANDAR DE ARSENICO DE 1000 mg/L,3
41116140,TUBOS DE POLIPROPILENO DESCARTABLES CON TAPA ROSCA DE ALTA HERMETICIDAD PARA RECOLECCION DE MUESTRAS DE HECES PARA 3 DIAS EN EXAMEN PARASITOLOGICO SERIADO,3
41116148,SOLUCION DE LIMPIEZA PARA CITOMETRO DE FLUJO X 5 L,3
41122108,ASA DE SIEMBRA DE POLIESTIRENO DESCARTABLE DE 10 uL,3
41122410,PAPEL TIPO PARAFILM 10 cm X 35 m APROX.,3
41122601,LAMINA PORTA OBJETO 25 mm X 75 mm,3
41122704,RECUBRIDOR DE PELICULA ELECTRICO DE ELECTRODO TERMICO X 200 C DE 500 mm X 350 mm X 320 mm,3
41122808,BANDEJA DE ACERO QUIRURGICO PARA ALMACENAMIENTO DE INSTRUMENTAL 10 cm X 20 cm X 5 cm CON TAPA,3
42121801,EQUIPO DE INSEMINACION,3
42121802,SEMEN DE BOVINO RAZA BRAHAMAN BLANCO EN PAJILLA,3
42132106,MANTA TERMICA ADULTO 1.55 m X 1.02 m,3
42142542,CLAMP VASCULAR DE TITANIO TIPO SATINSKY 20.5 cm X 8 in PARA OCLUSION TANGENCIAL,3
42142706,PRESERVATIVOS SIN NONOXINOL,3
42142802,PINZA DE ACERO INOXIDABLE TIPO MIXTER CURVA 23 cm PARA USO QUIRURGICO,3
42143513,PANTOSCOPIO,3
42152423,IONOMERO DE VIDRIO FOTOCURABLE POLVO/LIQUIDO DE 5 g/5.5 mL PARA BASE,3
42152505,SILLON DENTAL HIDRAULICO,3
42161607,BOMBA DEAREADORA PARA MAQUINA DE HEMODIALISIS,3
42181516,ESTIMULADOR TIPO AUDIFONO ADULTO PARA ELECTROMIOGRAFO,3
42182018,FIBROSCOPIO - BRONCOFIBROSCOPIO,3
42182601,LAMPARA ELECTRICA (MAYOR A 1/8 UIT) 1 LED CUELLO DE GANZO,3
42191703,"UNIDAD PARA SUMINISTRO DE GASES, VACIO Y ELECTRICIDAD",3
42192002,FUNDA DE DRILL 100% ALGODON DE 270 g/m2 Y 1.2 m x 0.9 m APROX. COLOR BLANCO PARA FRAZADA DE CUNA DE RECIEN NACIDO,3
42201708,GEL PARA ECOGRAFIA,3
42201903,CHASIS PARA PELICULA RADIOGRAFICA 14 in X 17 in CON PANTALLA SENSIBLE AL VERDE,3
42202105,EQUIPO DE BRAQUITERAPIA,3
42203403,INTRODUCTOR PARA CATETER PERCUTANEO 7.0 FR X 13 cm APROX. PARA USO QUIRURGICO,3
42203706,KIT DE REVELADO PARA PLACAS RX (ACIDO FIJADOR - REVELADOR 828 mL - 828 mL),3
42203802,KIT DE MATERIAL MEDICO PARA INYECTOR AUTOMATICO EN PROCEDIMIENTO DE RESONANCIA MAGNETICA,3
42231701,SONDA NASOGASTRICA DE SILICONA Nº 16,3
42241507,FERULA ORTOPEDICA DE PVC TALLA ADULTO CON ADAPTADOR MULTIUSOS PARA MIEMBRO SUPERIOR,3
42241512,CABESTRILLO DE MALLA DE POLIESTER CON INMOVILIZADOR PARA BRAZO TALLA L USO ORTOPEDICO,3
42251623,ULTRASONIDO PARA TERAPIA,3
42261805,CAMARA PARA CONSERVACION DE CADAVERES,3
42271903,TUBO ENDOTRAQUEAL CON CUFF BALON DE ALTO VOLUMEN Y BAJA PRESION CON ORIFICIO DE MURPHY 8.0 mm PARA USO QUIRURGICO,3
42271904,TUBO DE TRAQUEOTOMIA Nº 8 CON CUFF DE BAJA PRESION,3
42271910,SET DE TRAQUEOTOMIA DESCARTABLE,3
42272006,HISTEROMETRO SIMS METALICO MALEABLE 32 cm,3
42272220,TARJETA ELECTRONICA DE CONVERSION PARA VENTILADOR VOLUMETRICO,3
42272224,FILTRO ANTIBACTERIAL VIRAL+INTERCAMBIADOR DE CALOR HUMEDAD ADULTO PARA CIRCUITO CORRUGADO,3
42281509,CONTENEDOR DE FIERRO DE BIOSEGURIDAD PARA RESIDUOS SOLIDOS 1.20 m X 90 cm X 90 cm,3
42281807,INDICADOR MULTIPARAMETRO A VAPOR DE ETILENO LECTURA RAPIDA PARA ESTERILIZACION,3
42281810,KIT DE REPUESTOS PARA MANTENIMIENTO DE ESTERILIZADOR A VAPOR,3
42291630,HOJA DE BISTURI DESCARTABLE Nº 15 PARA USO QUIRURGICO,3
42293107,RETRACTOR DE ACERO INOXIDABLE TIPO MENISCO 13 cm APROX. PARA USO QUIRURGICO,3
42293501,TUBO DE ASPIRACION TIPO BAKEY 9 mm X 28 cm PARA USO HOSPITALARIO,3
42294219,MINIPLACA DE TITANIO RECTA 8 ORIFICIOS CON SISTEMA DE 1.5 mm PARA USO QUIRURGICO,3
42295105,SET INSTRUMENTAL PARA ATENCION DE PARTO X 15 PIEZAS,3
42295119,EQUIPO DE RAYOS LASER ARGON DE ULTIMA GENERACION PARA USO CLINICO,3
42295130,TUBULADURA DE JEBE DE 1/4 in X 3/32 in,3
42295131,VITRINA METALICA PARA INSTRUMENTAL QUIRURGICO,3
42295420,CATETER DE DRENAJE BILIAR 8.5 FR,3
42295437,SET INSTRUMENTAL DE CURACIONES X 9 PIEZAS,3
42295471,AGUJA DE ACERO GRADO MEDICO DESCARTABLE TOPE AJUSTABLE Nº 15 g X 40 mm PARA ASPIRACION DE MEDULA OSEA,3
42295516,ESFINTER URINARIO ARTIFICIAL,3
42295911,STENT DE NITINOL CON MALLA AUTOEXPANDIBLE PARA TROMBECTOMIA MECANICA 6 mm X 40 mm APROX.,3
42296803,MICROFORCEP DE ACERO INOXIDABLE TIPO BAYONETA 20 cm MORDEDURA 3 mm USO QUIRURGICO,3
42301501,SIMULADOR DE ENTRENAMIENTO AVANZADO RCP CON MANIQUI DE PVC UNISEX ADULTO CUERPO ENTERO,3
42311505,VENDA ELASTICA 4 in X 5 yd,3
42311510,APOSITO DE ESPUMA (POLIURETANO) CON PLATA IONICA 1.2 % CON HIDROFIBRA (CARBOXIMETILCELULOSA SODICA) 25 cm X 30 cm APROX. PARA HERIDAS,3
42311604,ESPONJA HEMOSTATICA DE COLAGENO 10 cm X 20 cm,3
42312005,ADHESIVO TOPICO PARA PIEL - 2 OCTYLCIANOCRILATO 0.5 mL,3
42321504,CLAVO INTRAMEDULAR DE ACERO INOXIDABLE BLOQUEADO PARA FEMUR DIAMETRO 11 mm PARA USO QUIRURGICO,3
42321505,PLACA BLOQUEADA DE ACERO INOXIDABLE 8 AGUJEROS X 4.5 mm PARA FEMUR DISTAL DE USO QUIRURGICO,3
43191504,TELEFONO,3
43201410,TARJETA CON CHIP ELECTRONICO,3
43201501,TARJETA ELECTRONICA PARA COMUNICACIONES DE DSPs,3
43201601,CHASIS DE SERVIDOR TIPO BLADE,3
43201802,CAJA DE ALMACENAMIENTO PARA SISTEMA DE ALMACENAMIENTO DE INFORMACION - STORAGE,3
43201813,UNIDAD DE ALMACENAMIENTO DE DISCOS EXTERNOS,3
43201830,DISCO DURO INTERNO SSD SATA DE 1 TB 2.5 in,3
43202010,MEMORIA PORTATIL USB DE 8 GB,3
43211520,"COMPUTADORA DE ESCRITORIO CON PROCESADOR CORE I7 DE 4.20 GHZ, MEMORIA RAM 16 GB, DISCO DURO 1 TB HDD + TECLADO USB + MOUSE USB + SISTEMA OPERATIVO, SIN PANTALLA",3
43211701,LECTORA DE CODIGO DE BARRAS,3
43212108,IMPRESORA TERMICA BLANCO Y NEGRO SIMPLE TAMAÑO 170 mm X 209 mm 300 ppp,3
43212110,IMPRESORA - COPIADORA - FAX TIPO ESCRITORIO INYECCION A COLOR DUPLEX TAMAÑO A3 DE 250 HOJAS 4800 X 1200 ppp CON ESCANER DE 1200 ppp,3
43221525,INTERCOMUNICADOR,3
43222827,TRANSMISOR DE SEÑAL DE RED DE PUNTO A PUNTO,3
43231506,SOFTWARE (INC. LICENCIA) PARA GESTION LOGISTICA,3
43231508,SOFTWARE (INC. LICENCIA) PARA INVENTARIO DE HARDWARE Y SOFTWARE,3
43231601,SOFTWARE (INC. LICENCIA) PARA ADMINISTRACION TRIBUTARIA,3
43231602,LICENCIA DE SOFTWARE DE PLANIFICACION DE RECURSOS EMPRESARIALES,3
43232103,SOFTWARE (INC. LICENCIA) PARA GESTION DE VIDEOS,3
43232603,SISTEMA DE CONTROL DE EQUIPAMIENTO INFORMATICO,3
43232615,SOFTWARE (INC. LICENCIA) DE RECONOCIMIENTO FACIAL,3
43232902,SOFTWARE (INC. LICENCIA) PARA SERVIDOR DE COMUNICACIONES,3
43232911,SOFTWARE (INC. LICENCIA) PARA EMULACION DE TERMINAL DE CONECTIVIDAD DE RED,3
43233201,SOFTWARE (INC. LICENCIA) DE RESPALDO PARA SERVIDOR,3
43233701,SOFTWARE (INC. LICENCIA) DE SISTEMA DE PROTECCION DE CORREO ELECTRONICO ANTI-SPAM,3
44101727,MUEBLE DE IMPRESORA FIJO DE MADERA,3
44101808,CALCULADORA CIENTIFICA,3
44102905,HERRAMIENTAS DE LIMPIEZA,3
44103105,TINTA COLOR NEGRO PARA IMPRESORA DE GRAN FORMATO INYECCION,3
44103112,CINTA DE TINTA DE COLOR PARA IMPRESORA DE TARJETA,3
44103502,LAMINA PARA ENMICADO DE 10 cm X 13.5 cm APROX. PARA 1 HOJA,3
44111515,CAJA ORGANIZADORA DE PLASTICO DE 18 cm X 35 cm X 49 cm APROX.,3
44111604,CAPSULA DE ACRILICO PARA MONEDAS,3
44111904,PANEL DE CONTROL,3
45101502,IMPRESORA OFFSET,3
45101506,MAQUINA IMPRESORA PARA IMPRENTA,3
45101707,PLANCHA DE METAL DE 0.30 mm X 591 mm X 700 mm PARA MAQUINA DE IMPRESION OFFSET,3
45111603,PANTALLA ECRAN,3
45111723,UNIDAD DE GRABACION,3
46101899,CASQUILLO DE LATON MILITAR DE CALIBRE 9 mm X 19 mm,3
46111501,GRANADA DE GAS LACRIMOGENO CS DE 37 mm DE 1 CUERPO,3
46161504,SEMAFORO VEHICULAR LED DE POLICARBONATO DE 3 LUCES UNA CARA,3
46161605,BOYA DE RESCATE DE PLASTICO,3
46171613,DETECTOR DE GAS SULFURO DE HIDROGENO (H2S),3
46171624,EQUIPO DE RAYOS X PARA PAQUETES TIPO TUNEL,3
46181527,PANTALON ANTIFLAMA,3
46181546,GORRO DE POLIÉSTER,3
46181612,BORCEGUIES BOX CALF COLOR NEGRO,3
46182307,ARNES DE SEGURIDAD DE POLIESTER DE 3 ANILLOS,3
46191601,EXTINTOR,3
46191603,MANGUERA CONTRA INCENDIO PLANA DE CAUCHO DE 1 1/2 in SIN ACOPLES,3
46221501,TRAJE ANTIEXPLOSIVOS,3
47101539,TRATAMIENTO DE BIODEGRADACION CON MICROORGANISMOS EN MATERIA ORGANICA Y AGUAS RESIDUALES DOMESTICAS,3
47101602,ADITIVO LIQUIDO ANTIINCRUSTANTE PARA CALDERO,3
47111503,SECADORA INDUSTRIAL PARA ROPA DE 120 kg,3
47131601,RECOGEDOR DE METAL TAMAÑO MEDIANO,3
47131829,ANTISARRO PARA WATER,3
47132102,KIT DE PRODUCTOS DE LIMPIEZA X 13 PIEZAS,3
48101514,MARMITA DE 200 l,3
48111101,MAQUINA EXPENDEDORA DE BEBIDAS FRIAS,3
48111108,Dispensadoras de medicamentos,3
48111401,CAJERO AUTOMATICO,3
49101709,PLATOS RECORDATORIOS EN GENERAL,3
49121504,BOLSA DE DORMIR IMPERMEABLE,3
49131605,ESCOPETA CALIBRE 12,3
49141502,VALVULA DE DRENAJE PARA RECIPIENTE DEL SISTEMA DE AIRE DE 3 ETAPAS PARA BUCEO,3
49161526,PLATO DE PLASTICO PARA SEÑALIZACION DE ENTRENAMIENTO DEPORTIVO,3
49161707,TESTIMONIO DE RELEVOS PARA ATLETISMO,3
49171501,BARRA FIJA PARA GIMNASIA,3
49171502,COLUMPIO SUBE Y BAJA,3
49221503,GUANTE DE MATERIAL SINTETICO,3
49221506,COLCHONETA DE ESPUMA DE 1.00 m X 20.00 cm X 60.00 cm APROX. CON FORRO DE POLIESTER,3
49221519,ESPADA DE METAL PARA OFICIAL,3
49221599,RACKS METALICO PARA SCULLS INDIVIDUALES,3
49241599,"JUEGO INFANTIL CON DOS COLUMPIOS, MALLA TREPADORA, PUENTE Y DOS TOBOGANES",3
50111525,CARNE DE CABRITO FRESCA CORTE CANAL ENTERO,3
50112010,MILANESA DE POLLO,3
50161814,MELAZA,3
50192403,MIEL DE ABEJA,3
50193104,CREMA DE HABAS,3
50201706,CAFE ORGANICO MOLIDO,3
50202306,BEBIDA GASEOSA,3
50221303,HARINA INSTANTANEA DE MAIZ AMILACEO,3
50305044,NARANJA WASHINGTON NAVEL CATEGORIA I,3
50305608,PIÑA (AL PESO),3
50307044,COCONA,3
50401730,PALTA FUERTE CATEGORIA EXTRA,3
50405104,AGUAYMANTO,3
50405601,AJI AMARILLO ENTERO FRESCO,3
50406421,CAMOTE MORADO,3
50406501,TOMATE.,3
50407070,YUCA CATEGORIA I,3
50423810,AJO ENTERO CALIDAD PRIMERA,3
50425538,AJI PANCA ENTERO SECO,3
50501510,ACIDO ASCORBICO 1 g TAB,3
51101582,TOBRAMICINA 300 mg / 5mL SOLUCION PARA INHALACION 5mL,3
51101811,KETOCONAZOL 200 mg TAB,3
51101914,ARTSESUNATO + MEFLOQUINA 100mg +200 mg TAB,3
51102002,ETAMBUTOL 400 mg TAB,3
51102321,ZIDOVUDINA 50 mg/5 mL JBE 240 mL,3
51102339,GANCICLOVIR (COMO SODICO) 500 mg INY,3
51102344,LAMIVUDINA + ZIDOVUDINA 150 mg + 300 mg TAB,3
51102836,DEXAMETASONA + TOBRAMICINA 1 mg + 3 mg / 5 mL SOL OFT 5 mL,3
51102862,OXITETRACICLINA + POLIMIXINA B 500 mg + 1000000 UI/100 g UNG OFT 6 g,3
51111650,PEMETREXED 500 mg INY,3
51111704,MITOMICINA 2 mg INY 2 mL,3
51111745,ALEMTUZUMAB 30 mg/mL INY,3
51111820,LETROZOL 2.5 mg TAB,3
51111863,OCTREOTIDA 20 mg INY,3
51112006,PAZOPANIB 400 mg TAB,3
51112020,ALECTINIB 150 mg TABLETA,3
51112301,BUSULFANO 6 mg/mL CONCENTRADO PARA SOL PARA PERFUSION X 10 mL,3
51112402,DACARBAZINA 200 mg INY,3
51122110,NIMODIPINO 30 mg  TAB,3
51124101,FOSFATO DE ADENOSINA 6 mg INY 2 mL,3
51131817,ELTROMBOPAG 50 mg TAB,3
51141563,LACOSAMIDA 50 mg TAB,3
51142108,KETOPROFENO 100 mg INY,3
51142130,LEFLUNOMIDA 20 mg TAB,3
51142155,CLONIXINATO DE LISINA 125 mg TAB,3
51142235,TRAMADOL CLORHIDRATO 50 mg TAB,3
51142618,METILFENIDATO CLORHIDRATO 20 mg TAB LM,3
51144014,METILFENIDATO 10 mg TAB,3
51151920,TOLTERODINA 4 mg TAB LIB PRO,3
51161811,BROMHEXINA 8 mg/5 mL JBE 120 mL,3
51171527,BETAINA CLORHIDRATO 400 mg TAB,3
51171628,POTASIO FOSFATO DIBASICO + POTASIO FOSFATO MONOBASICO 139.4 mg + 54.4 mg INY 20 mL,3
51171709,EXTRACTO DE LEVADURA 4.4 g/100 g CRM 24 g,3
51171802,GRANISETRON 1 mg TAB,3
51171926,SEVELAMERO 800 mg TAB,3
51171932,CINITAPRIDA 1 mg TAB,3
51172328,SmcgAMMADEX 100 mg/mL INY 2 mL,3
51172479,SODIO BICARBONATO 100 g/100 g PLV 200 g,3
51181520,PIOGLITAZONA 15 mg TAB,3
51182004,TESTOSTERONA ENANTATO 250 mg/mL (equiv 180 mg de testosterona/mL) INY 1 mL,3
51182014,DUTASTERIDA 0.5 mg TAB,3
51191604,SOLUCION DE LACTATO SODICO COMPUESTA (LACTATO RINGER) SOL 1 L,3
51192406,DIOSMINA + HESPERIDINA 450 mg + 50 mg TAB,3
51192456,RIBOFLAVINA SOLUCION ISOTONICA 0.1 % (CON HIDROXIPROPILMETILCELULOSA) INY 1.5 ML Amp,3
51201608,VACUNA CONTRA LA INFLUENZA (ANTIGENO TIPO A (H1N1 + H3N2) + ANTIGENO TIPO B) INY 10 DOSIS ADULTO,3
51201617,SUERO ANTIRRABICO HETEROLOGO 1000 UI INY,3
51201647,VACUNA ANTITUBERCULOSA (BCG) ( INMUNOMODULADOR CEPA TICE) 50 mg INY,3
51202414,USTEKINUMAB 45 mg / 0.5 mL Amp .,3
51202803,SIROLIMUS 1 mg TAB,3
51203101,CICLOSPORINA 50 mg INY 1 mL,3
51241103,BIMATOPROST 300 mcg/mL SOL OFT 3 mL,3
51241235,CALCITRIOL 1 mcg/ mL INY,3
51262404,LABETALOL CLORHIDRATO 5 mg/mL INY 4 mL,3
51263139,METOPROLOL 100 mg TAB LIB PRO,3
51272901,PROPOFOL 20 mg/mL INY 50 mL,3
51273829,TROLAMINA 670 mg EMUL 93 g,3
51281626,TOBRAMICINA 60 mg/mL SOL 5 mL,3
51281708,SULTAMICILINA 375 mg TAB,3
51282004,CLORANFENICOL 1 g/100 g UNG OFT 3.5 g,3
51283110,CLOFAZIMINA 100 mg TAB,3
51284911,SULFAMETOXAZOL + TRIMETOPRIMA 80 mg + 16 mg/5 mL SOL INY,3
51302309,ISOCONAZOL  1 g/100 g CRM 60 g,3
51302403,NATAMICINA 50 mg/mL SOL OFT 10 mL,3
51313403,BETAHISTINA 16 mg TAB,3
51313702,Bosentán,3
51333410,ZIPRASIDONA 40 mg TAB,3
51341904,MARAVIROC 300 mg TAB,3
51342304,ENTECAVIR 0.5 mg TAB,3
51343503,TENOFOVIR 300 mg TAB,3
51351609,FULVESTRANT 250 mg/5 mL INY 5 mL,3
51383801,ADAPALENO 100 mg/100 g CRM 30 g,3
51402204,DULOXETINA 30 mg  TAB LIB RET,3
51411605,NITROGLICERINA 5 mg/ DIa PARCHE TRANSDERMICO,3
51422415,HIDROCORTISONA 20 mg TAB,3
51432306,OLMESARTAN 40 mg TAB,3
51442711,TECNECIO 99 m X mCi,3
52101505,ALFOMBRA DE FIBRA DE POLIPROPILENO BCF DE 4.5 mm X 1.40 m APROX.,3
52141533,PLANCHA ELECTRICA A VAPOR,3
52141550,MAQUINA PARA HACER YOGUR - YOGURTERA,3
52141805,BIOMBO DE ACERO INOXIDABLE DE 2 CUERPOS,3
52151612,BATIDORA DE MANO DE ACERO INOXIDABLE,3
52151709,CUBIERTO DE ACERO INOXIDABLE DE 12 PIEZAS,3
52152002,ENVASE DE PLASTICO DE 1 l APROX. CON TAPA,3
52161520,MICROFONO INALAMBRICO DE 50 - 16000 Hz DE MANO UHF,3
52161540,SWITCHER DE VIDEO DIGITAL,3
52161545,VIDEOGRABADORA DIGITAL DVRW DE 16 CANALES,3
53101502,PANTALON CORTO-SHORT DE ALGODON Y POLIESTER POLIALGODON DE 40/2 Nm 220 g/m2 APROX. MODELO DEPORTIVO CON FORRO Y PRETINA DE ELASTICO  Y CORDON PARA CABALLERO,3
53101704,CHOMPA CERRADA DE ACRILICO Y LANA CUELLO JORGE CHAVEZ PARA DAMA,3
53102401,MEDIA DE NAILON,3
53102502,CORBATA DE POLIESTER TAFETAN DE 50 g/m2 APROX. PARA CABALLERO,3
53102503,SOMBRERO DE TELA INDIGO DE 339 g/m2 APROX.CENTRO DE ESPUMA Y ALAMBRE DE POLIESTIRENO TIPO SAFARI PARA CABALLERO,3
53102504,GUANTE DE CUERO UNISEX,3
53102999,CASACA 100% POLIESTER POLAR DE 220 g/m2 APROX. ANTIPILLING SIN FORRO MANGA LARGA SIN CAPUCHA PARA CABALLERO,3
53103003,CAMISETA DE ALGODON JERSEY DE 155 g/m2 APROX. MANGA CORTA CUELLO CAMISERO PARA DAMA,3
53121704,CARTAPACIO DE CUERO,3
55111506,SUSCRIPCION A BASE DE DATOS DE INFORMACION ENERGETICA MINERA E HIDROCARBUROS,3
55121606,ETIQUETA ADHESIVA CIRCULAR COLOR BLANCO DE 115 mm X 100 UNIDADES APROX.,3
55121704,PRECINTO DE SEGURIDAD DE METAL DE 35.00 cm APROX.,3
55121718,LETRERO DE SEÑALIZACION DE POLIESTIRENO DE 6 cm X 17 cm APROX,3
55121905,ASTA DE MADERA,3
56101510,MAMPARA DE ALUMINIO CON VIDRIO TEMPLADO DE 6 mm CORREDIZA DE 2 HOJAS,3
56101513,CAMA CUNA FIJA DE METAL,3
56101522,SILLON GIRATORIO DE METAL,3
56101543,56101706-00379999\tMESA DE REUNION DE METAL Y MDF LAMINADO CIRCULAR DE 1.20 m APROX. PARA 4 PERSONAS,3
56112106,CARPETA DE MADERA UNIPERSONAL,3
56121301,PLATAFORMA DE MADERA DE 4.00 m X 13.80 m APROX. PARA MODULO PRE FABRICADO,3
56121502,SILLA DE ESTUDIANTE DE PRIMARIA FIJA DE MADERA DE 35 cm X 34.5 cm X 68 cm,3
56131602,POSTE DE METAL PARA MOBILIARIO,3
56131703,PARANTE DE ACERO GALVANIZADO,3
60101606,DIPLOMA,3
60102401,ABACO DIDACTICO HORIZONTAL DE MADERA X 100 CUENTAS,3
60102801,JUEGO DIDACTICO DE MULTIBASE DE PLASTICO X 121 PIEZAS,3
60106607,DISPOSITIVO DE MOVIMIENTO LINEAL,3
60121008,AFICHE SEGURIDAD VIAL SEÑALES REGULADORAS,3
60122009,CORDON DE ESTADO MAYOR COLOR DORADO,3
60124314,PLASTILINA DE BARRA TAMAÑO JUMBO X 6 UNIDADES,3
60131001,PIANO DE MADERA DE MEDIA COLA,3
60141002,MUÑECA ARTICULADA DE PLASTICO DE 20 cm APROX.,3
70111701,SERVICIO DE MANTENIMIENTO DE PLANTAS PARA BIOHUERTOS,3
70121705,SERVICIO DE ELABORACION DE PROGRAMA DE PRODUCCION Y ALIMENTACION DE GANADO,3
70131706,SERVICIO DE ZONIFICACION ECOLOGICA Y ECONOMICA DE LA CUENCA HIDROLOGICA,3
70141706,SERVICIO DE REVISION DE EXPEDIENTE TECNICO DE CULTIVOS Y CRIANZA DE ANIMALES,3
70141804,SERVICIO DE SIEMBRA DE CULTIVO,3
70141903,SERVICIO DE COSECHA DE CULTIVO,3
70142010,SERVICIO DE PODA Y LIMPIEZA DE PLANTACIONES,3
70161703,SERVICIO DE CONSULTORIA PARA ELABORACION DE ESTUDIO DE HABITAT,3
70171503,SERVICIO DE CONSULTORIA PARA ELABORACION DE ESTUDIO DE POTENCIAL HIDROENERGETICO,3
70171705,Servicios de gestión o mantenimiento de tuberías,3
70171707,SERVICIO DE CONSTRUCCION DE POZO DE AGUA,3
71121119,SERVICIO DE DISTENSIONAMIENTO DE TUBERIA,3
71122903,SERVICIO DE SUPERVISION DE LA CONSTRUCCION DE BARCAZAS,3
72151003,SERVICIO DE MANTENIMIENTO CORRECTIVO DE SISTEMA DE CLIMATIZACION DE AUTOMOVIL,3
72151102,SERVICIO DE INSTALACION DE ROCIADORES PARA SISTEMA CONTRA INCENDIOS,3
72151801,SERVICIO DE MANTENIMIENTO PREVENTIVO DE CAJERO AUTOMATICO,3
72151906,SERVICIO DE INSTALACION DE RED COMPLEMENTARIA DE ALCANTARILLADO CON CONEXION DOMICILIARIA,3
72152204,SERVICIO DE INSTALACION DE PISO PORCELANATO,3
72152710,CONSTRUCCION DE GAVIONES,3
72153504,SERVICIO DE HIDROLAVADO DE AILADORES ELECTRICOS DE REDES ELECTRICAS,3
72153604,SERVICIO DE INSTALACION DE CORTINAS,3
72154003,SERVICIO DE MANTENIMIENTO DE ESTRUCTURAS DE METAL DE TOLDOS,3
72154037,SERVICIO DE MANTENIMIENTO PREVENTIVO DE PUERTA DE BOVEDA,3
72154061,SERVICIO DE ALQUILER DE PURIFICADOR DE AIRE,3
72154401,SERVICIO DE INSTALACION DE SISTEMA DE AGUA PARA EQUIPO DE OSMOSIS,3
73152102,REPARACION DE EQUIPO DE ESTACION TOTAL,3
76121601,SERVICIO DE RECOJO DE DESPERDICIOS PUBLICOS (BASURA),3
76122004,ELABORACION DE EXPEDIENTE TECNICO RELACIONADO CON RESIDUOS SOLIDOS,3
77101604,SERVICIO DE RECOPILACION DE DATOS DE LINEA BASE DE CALIDAD DE SUELO Y AGUAS SUBTERRANEAS,3
77101704,SERVICIO DE ANALISIS DE SUMINISTRO ELECTRICO CON ENERGIA ALTERNATIVA,3
77101707,SERVICIO DE ELABORACION DE LINEA BASE DE DIVERSIDAD GENETICA DE CALABAZA,3
77102003,SERVICIO DE ELABORACION DE DIAGNOSTICO INTEGRAL DE INVASION DE FAJA DE SERVIDUMBRE EN LA LINEA DE TRANSMISION,3
77111508,SERVICIO DE  EVALUACION DEL RIESGO DESASTRES Y VULNERABILIDAD CAMBIO CLIMATICO,3
77131502,SERVICIO DE MONITOREO Y MODELAMIENTO COMPUTARIZADO PARA LA DETERMINACION DEL DERRAME DE PETROLEO,3
78101604,Servicio de transporte de vehículos,3
78101702,SERVICIO DE TRANSPORTE DE CARGA ACUATICO INTERNACIONAL,3
78121501,"SERVICIO DE FOTOCOPIADO, MODULADO Y EMBALAJE",3
78131802,SERVICIO DE ALMACENAMIENTO ADUANERO,3
80111609,"SERVICIO DE ADMINISTRACION, MONITOREO Y SEGUIMIENTO DE LA PLATAFORMA Y ACTIVIDADES COMERCIALES DEL GAS NATURAL",3
80122001,SERVICIO ESPECIALIZADO EN MATERIA LEGAL,3
80131501,ALQUILER DE INMUEBLES (CASA / DEPARTAMENTO),3
80141802,SERVICIO DE RESPALDO DE CORREO ELECTRONICO,3
80161505,SERVICIO DE ADMINISTRACION DEL CENTRO DE CONTROL Y MONITOREO DE UNIDADES DE TRANSPORTE,3
80171602,SERVICIO DE DESARROLLO CREATIVO DE PIEZAS DE COMUNICACION PARA REDES SOCIALES,3
81101517,SERVICIO DE ELABORACION DE MAQUETA,3
81111802,SERVICIO DE MANTENIMIENTO PREVENTIVO DEL SISTEMA DE CONTROL DE ASISTENCIA,3
81111804,SERVICIO DE MANTENIMIENTO PREVENTIVO DE ENLACE DE FIBRA OPTICA,3
81111809,SERVICIO DE DESARROLLO DE SISTEMAS,3
81131502,SERVICIO DE ANALISIS DE ESTUDIO DE LINEA DE BASE DE USO TIEMPO Y DEMANDA COGNITIVA,3
81141503,SERVICIO DE INSPECCION RADIOGRAFICA DE SOLDADURAS,3
81141603,SERVICIO DE ASESORIA EN ASUNTOS DE GESTION EMPRESARIAL Y FINANZAS,3
81141702,SERVICIO DE ELABORACION DE INFORME DE AVANCE DE OBRA,3
81161601,SERVICIO DE ADMINISTRACION DE MENSAJERIA INSTANTANEA Y WHATSAPP,3
82101505,SERVICIO DE PUBLICIDAD EN VOLANTES,3
82111901,SERVICIO DE ASESORIA EN PRENSA Y DIFUSION EN MEDIOS DE COMUNICACION,3
83101601,SERVICIO DE TRANSPORTE TERRESTRE DE GAS NATURAL,3
84121601,SERVICIO DE COMPENSACION DE FONDOS,3
84122001,SERVICIO DE CLASIFICACION Y EMBALAJE DE NUMERARIO,3
85121612,SERVICIO DE ATENCION MEDICA EN TRAUMA SHOCK,3
85121614,SERVICIO ESPECIALIZADO EN NEUROCIRUGIA,3
85121901,"SERVICIO DE FABRICACION DE ESTUPEFACIENTES, PSICOTROPICOS Y OTRAS SUSTANCIAS FISCALIZADAS",3
85122101,SERVICIO DE ATENCION DE CAMARA HIPERBARICA,3
85266005,SERVICIO DE RECARGA DE OXIGENO,3
86101508,CURSO EN TEMAS DE GESTION AMBIENTAL,3
86101607,CURSO DE ACTUALIZACION PROFESIONAL DE TELECOMUNICACIONES,3
86101705,CURSO DE TEMAS DE GESTION PUBLICA,3
86101715,ESPECIALIZACION EN SEGURIDAD MANTENIMIENTO Y OPERACION DE MAQUINARIA PESADA,3
86131601,SERVICIO DE ENSEÑANZA DE MUSICA,3
86131602,SERVICIO EN TEMAS DE DANZAS,3
86132099,SERVICIO DE CAPACITACION EN ADMINISTRACION ESTRATEGICA,3
86132201,TALLERES DE  FORTALECIMIENTO DEL LIDERAZGO EN LA COMUNICACION ORGANIZACIONAL,3
90141603,SERVICIO DE BUCEO,3
91101504,SERVICIO DE CLASES DE AEROBICOS Y EJERCICIOS,3
92111501,SERVICIO DE CONCILIACION DE INFORMACION,3
93121615,SERVICIO DE DEMARCACION TERRITORIAL,3
93141703,SERVICIO DE RESTAURACION Y MONTAJE DE PIEZAS PARA EXPOSICION,3
93141811,Servicios promocionales,3
95141701,"AULA PREFABRICADA DE METAL TIPO HELADAS DE 10.35 m X 12.35 m CON AISLAMIENTO TERMICO, PLATAFORMA DE CONCRETO Y RAMPA DE ACCESO",3
99999999,JUEGO DE SALVAMENTO PARA SUBESTACION ELECTRICA X 7 PIEZAS,3
10141609,NARICERA CROMADA PARA BOVINOS,2
10151501,SEMILLA DE FRIJOL VARIEDAD HUEVO PALOMA,2
10151507,SEMILLA DE PEPINILLO - CUCUMIS SATIVUS,2
10151510,SEMILLA DE AJO - ALLIUM SATIVUM VARIEDAD NAPURI,2
10151513,SEMILLA DE MAIZ AMARILLO DURO HIBRIDO AG-003 (AL PESO),2
10151614,SEMILLA DE ARROZ - ORYZA SATIVA L. VAR CAPIRONA (AL PESO),2
10151902,SEMILLA DE FLORES CLAVEL DE 10 g,2
10152002,SEMILLA DE PINO - PINUS RADIATA,2
10152004,PLANTON DE COLLE - BUDDLEJA CORIACEAE,2
10152014,SEMILLA TORNILLO - CEDRELINGA CATENAEFORMES,2
10161513,ARBOL DE PALMERA - HYOPHORBE LAGENICAULIS,2
10161517,ARBOL DE QUINUAL - POLYLEPIS RACEMOSA,2
10161539,ARBOL DE PALO ROSA - ASPIDOSPERMA POLYNEURON,2
10161577,ARBOL MEIJO - HIBISCUS TILIACEUS,2
10161636,PLANTA DE MACHIQUES DE PIÑA - ANANAS SATIVUS SCHULT,2
10171607,FERTILIZANTE SULFATO DE MAGNESIO HEPTAHIDRATADO CRISTALIZADO SOLUBLE CON16% MgO,2
10171802,HONGO MICORRIZICO POLVO,2
10217807,PLANTA DE FLOR GERANIO - PELARGONIUM PELTATUM ROJO,2
10341501,ARREGLO FLORAL CON PEDESTAL,2
11101507,LAMINA DE GRAFITO AL 99.99 % DE 100 mm X 50 mm X 2mm USO CONDUCTOR ELECTRICO,2
11101522,CARBON ACTIVADO EN POLVO,2
11111501,TIERRA TURBA,2
11111605,PIEDRA MARMOL TRAVERTINO,2
11121604,MADERA LUPUNA 4 mm X 1.20 m X 2.40,2
11121608,CAÑA DE BAMBU DE 8 mm X 101.6 mm,2
11121701,ASERRIN,2
11121703,MUSGO,2
11121705,MICROTONO CON PROTECCION DE CUCHILLAS MOVILES PARA USO DE LABORATORIO,2
11121810,Sorgo de escobas o tampico o piasava,2
11122003,FIBRA METALICA,2
11131609,SEMEN DE BOVINO RAZA BROWN SWISS SEXADO EN PAJILLA,2
11151512,FIBRA DE VIDRIO DE 4 mm,2
11161702,TELA DRIL SANFORIZADO X 1.70 m DE ANCHO COLOR VERDE CLINICO,2
11161799,"TELA POPELINA DE COLOR 1.50 m ANCHO, 65% ALGODON Y 35% POLYESTER",2
12131708,FULMINANTE EXPLOSIVO,2
12141902,HIDROGENO,2
12142005,GAS HELIO UHP,2
12161703,BUFFER ANODO PARA ANALIZADOR GENETICO 3500 X 4 UNIDADES,2
12161902,DETERGENTE NO IONICO PARA USO DE LABORATORIO,2
12161913,ACEITE VEGETAL AGRICOLA,2
12164401,ANTIESPUMANTE INDUSTRIAL ORGANICO,2
12171510,COLORANTE  AZUL VICTORIA B,2
12171602,DIOXIDO DE TELURO,2
12181501,CERA EN PASTA PARA PULIR PINTURA,2
12352005,XILOL Q.P.,2
12352108,BETA PROPIOLACTONA,2
13101904,UREA 46% N,2
14111507,PAPEL BOND 120 g TAMAÑO A4,2
14111514,CUADERNO CUADRICULADO CON INDICE DE PAPEL BOND DE 60 g TAMAÑO A5 X 100 HOJAS APROX. EMPASTADO,2
14111810,FORMATO DE ACTIVIDADES DIARIAS,2
14121605,PAPEL KRAFT 75 g DE 75 cm X 1.20 m APROX.,2
14121901,PAPEL BULKY DE 50 g TAMAÑO OFICIO,2
15101510,GAS NATURAL LICUADO (GNL),2
15101702,PETROLEO INDUSTRIAL N° 6,2
20101504,CORTADORA DE TESTIGOS DE 1 HP 220 V,2
20101711,MARTILLO DE ACERO PARA PERFORACION DE POZOS,2
20102102,EQUIPO DE PERFORACION DIAMANTINA,2
20102104,ANILLO DE BUNA NITRILO DE 4 in DE TAPON PARA MAQUINA DE PERFORACION,2
20122202,MATERIAL REFRACTARIO PARA QUEMADOR,2
20122503,Unidades de tubería continua,2
20142902,TANQUE CILINDRICO RIGIDO DE FIBRA DE VIDRIO DE 1000 L,2
21101514,SUBSOLADOR,2
21101707,RANA DESBROZADORA PARA TRACTOR DE 1.20 m,2
21101709,BRAZO REGULADOR PARA EMPACADORA,2
21102301,AGROFILM CALIBRE10 PARA INVERNADERO,2
21111506,BOYA DE DEFENSA TIPO SALCHICHA,2
22101505,APISONADORA DE PLANCHA,2
22101607,PAVIMENTADORA DE 8 m,2
22101705,ZAPATA PARA TRACTOR ORUGA,2
22101715,PLANTA FIJA DOSIFICADORA DE CONCRETO DE 80 tn/h,2
22101716,Equipo de conversión de maquinaria de construcción,2
22101802,Elevador de plataforma,2
22101903,MEZCLADOR - REFINADOR DE BILLAS DE CACAO,2
23101506,CHANCADORA PRIMARIA DE 280 TM/h,2
23101508,DIAMANTE PARA CORTAR PORCELANATO 10 mm,2
23101513,FRESADORA UNIVERSAL,2
23111502,PIEZA PARA DISYUNTOR DEL SISTEMA ELECTRICO DE MEDIA TENSION DE REFINERIA,2
23121509,MAQUINA ENCONADORA DE HILOS,2
23121511,LAVADORA DE FIBRA DE LANA DE AUQUENIDO,2
23151606,MAQUINA BLOQUETERA,2
23152907,Suministros para maquinaria de embalaje,2
23153020,FLEJE PARA MAQUINA ENVASADORA,2
23153503,CABINA DE PINTADO DE 3.00 m X 6.00 m X 2.50 m,2
23153701,Herramienta de pulso,2
23181501,LLENADORA DE BOTELLAS - LLENADORA DE LATAS,2
23181504,AGITADOR DE TAMICES,2
23181506,MAQUINA LIMPIADORA DE QUINUA,2
23201006,SOPORTE DE TUBO PARA HORNO DE COLUMNA DE VACIO,2
23231299,SIERRA CIRCULAR INDUSTRIAL DE 16 in 5 HP,2
23241610,MAQUINA CORTADORA DE TUBO DE 3 in,2
23242306,CENTRO DE TORNEADO CNC,2
23271407,MAQUINA DE SOLDAR INVERTER TIG AC/DC DE 220 V 170 A,2
23271712,"LIQUIDO PARA INSPECCION DE SOLDADURA (LIMPIADOR, REVELADOR Y PENETRANTE) DE 12 oz",2
23271808,FUNDENTE EN PASTA DE 50 g PARA SOLDADURA DE PLATA,2
23271810,ELECTRODO DE SOLDADURA E6011 DE 1/8 in,2
23271812,VARILLA DE SOLDADURA ER410 DE 1.2 mm,2
23271818,ALAMBRE QUEMADO Nº 16,2
23281603,HORNO DE TRATAMIENTO TERMICO CON GAS PROTECTOR PARA METALES PRECIOSOS,2
24101505,CARRETILLA HIDRAULICA,2
24101606,APILADORA ELECTRICA,2
24101623,GRUA TELESCOPICA,2
24101637,ESLINGA REDONDA DE NAILON DE 1 1/4 in X 1 m,2
24101641,GRILLETE TIPO U DE ACERO DE 54 mm,2
24101701,FAJA TRANSPORTADORA CON RODILLO,2
24101799,FAJA TRANSPORTADORA CON MOTOR,2
24111501,BOLSA DE LONA 1.2 m X 90 cm,2
24111510,BOLSO DE DRIL TIPO MORRAL,2
24111513,BOLSA CON FUELLE DE TELA TOCUYO DE 35 cm X 38 cm X 9 cm CON ASA DE MANO,2
24111804,CILINDRO DE CALIBRACION CO,2
24111806,MAQUINA LAVADORA DE INMERSION,2
24112902,JABA DE PLASTICO DE 14 cm X 43 cm X 60 cm,2
24121806,PORONGO DE ALUMINIO DE 30 L,2
24122003,BOTELLA DE VIDRIO VINERA DE 750 ml,2
24141601,PLASTICO PARA EMBALAR CON BURBUJAS DE AIRE DE 50 cm,2
25101804,CHASIS PARA MOTOCICLETAS Y EQ. AFINES,2
25101913,CAMION REFRIGERADO DE 85 m3 35 t,2
25101917,Camión de plataforma,2
25101934,CARROZA,2
25111902,HELICE DE BRONCE PARA BUQUE,2
25121604,VAGON TOLVA,2
25131507,AVION DE HELICES DE PASAJEROS,2
25131602,HELICOPTERO DE CARGA,2
25131604,HELICOPTERO DE RESCATE,2
25132005,AVION ULTRALIGERO,2
25171502,SEGURO BRAZO PLUMILLA,2
25171708,PASTILLA DE FRENO,2
25171901,LLANTA 215/60R17,2
25171903,ARO DE ACERO Nº 20 PARA LLANTA DE VOLQUETE,2
25172009,Cojinetes,2
25172409,REPUESTOS PARA EL SISTEMA DEL DISPENSADOR DE COMBUSTIBLE,2
25172601,COBERTOR PARA CAMIONETA 4X4,2
25173902,ARRANCADOR PARA VOLQUETE,2
25174803,CORREA DE NAILON 50 mm DE 5 TONELADAS DE 5.00 m,2
25181714,SEMIREMOLQUE,2
25191605,EQUIPO MEDIDOR DE PRESION Y RECARGA DE SISTEMA HIDRAULICO Y NEUMATICO DE AERONAVE,2
25191830,ALINEADOR DE LUCES DE VEHICULOS,2
25201502,PALA DE AERONAVE,2
25201604,PROCESADOR DE DATOS PARA SISTEMA DE ALERTA DE TRAFICO Y EVASION DE COLISIONES DE AERONAVE,2
25201701,SISTEMA DE RADIO NAVEGACION PARA AERONAVE,2
25201702,REGISTRADOR DE DATOS DE VUELO PARA AERONAVE,2
25201901,PIROCARTUCHO PARA BOTELLA CONTRAINCENDIO DE MOTORES DE AERONAVE,2
25202503,LAMPARA PARA AERONAVE,2
26101506,MOTOR AUXILIAR PARA AVION,2
26101704,SOPORTE MOTOR,2
26101710,"PIEZAS PARA REPARACION (EMPAQUES, FLOTADOR, DIFUSOR, PASADOR) DE CARBURADOR DE MOTOR DE TRACTOR",2
26101720,TURBO DE MOTOR DE GENERADOR,2
26101742,MANGUERA DE COMBUSTIBLE DE MOTOR ESTACIONARIO,2
26101765,AMORTIGUADOR PARA MOTOR DE AERONAVE,2
26111524,COJINETES DEL MOTOR GENERADOR PARA GRUPO ELECTROGENO,2
26111610,GENERADOR SINCRONO DE 1.2 KVA 0-1800 RPM,2
26112002,DISCO DE EMBRAGUE PARA CAMIONETA,2
26112004,KIT DE REPUESTOS PARA REPARACION DE BOMBA DE EMBRAGUE DE SIST. DE TRANSMISION CAMION VOLVO NL 10 6X4,2
26112006,BOMBA DE EMBRAGUE PARA OMNIBUS,2
26121520,ALAMBRE DE ACERO INOXIDABLE Nº 16,2
26121608,CABLE AUTOPORTANTE DE ALUMINIO 3 X 25 X N25 mm2,2
26121642,CABLE DE CONTROL INSTRUMENTACION APANTALLADO DE 4 X 12 AWG,2
27111503,REPUESTO DE CUCHILLA DE 18 mm X 100 mm,2
27111507,"ADQUISICION DE MAQUINARIAS Y EQUIPOS PARA EL PLAN DE NEGOCIO: MEJORAMIENTO E IMPLEMENTACION DEL TALLER DE ESTRUCTURAS METALICAS DE LA CORPORACION ARQCIVIL SAC EN LA URBANIZACION VILLA HERMOSA CASERIO DE LUCMA DISTRITO DE SAN MARCOS, PROVINCIA DE HUAR",2
27111508,"SERRUCHO DE 14""",2
27111509,BARRENO DE ACERO DE 7/8 in X 3 ft,2
27111548,SERRUCHO DE 14 in,2
27111748,LLAVE PICO DE LORO PARA GASFITERIA,2
27111755,LLAVE HEXAGONAL METRICA EN FORMA DE Y 8 mm A 12 mm,2
27111812,WINCHA DE FIBRA DE VIDRIO DE 100 m,2
27111908,PIEDRA AFILADORA DE 4 in X 4 in,2
27112017,BARRETA REDONDA DE ACERO DE 1 in X 1.50 m,2
27112027,ESCOBA PARA JARDIN DE 22 DIENTES CON MANGO,2
27112040,"SONDA ELECTRONICA MULTIPARAMETRO CON SENSORES DE CONDUCTIVIDAD, TEMPERATURA Y OXIGENO",2
27112045,TRACTOR CORTACESPED,2
27112103,ABRAZADERA DE PVC 1 in X 2 in,2
27112135,"ALICATE DE PRESION PARA TERMINALES ELECTRICOS DE 8""",2
27112146,AJUSTADOR DE METAL PARA CARPINTERIA,2
27112504,CUÑA DE MADERA TORNILLO DE 0 A 6 in X 12 in X 48 in,2
27112601,ESPATULA DE ACERO DE 10 in,2
27112704,AMOLADORA ELECTRICA DE MANO DE 7 in 2200 W,2
27112720,LLAVE DE TORQUE 20 in X 100 in,2
27112809,"CAJA PARA HERRAMIENTAS 12""",2
27112826,MAQUINA CALADORA,2
27112916,FILTRO TIPO CANASTA DE DESGASIFICADOR Y FILTRO DE 3 in DE SISTEMA DE DESPACHO DE COMBUSTIBLE,2
27131614,Adaptadores neumáticos,2
27131707,Juegos de reparación de cilindros neumáticos o sus componentes,2
30102005,LAMINA DE ACERO INOXIDABLE ASTM A240 TIPO 304 DE 0.005 in X 1.83 m X 15.24 m,2
30102203,PLANCHA DE ACERO ASTM A36 1/4 in X 2 m X 6 m,2
30102224,PLANCHA DE FIBRA DE MADERA DE ALTA DENSIDAD 3 mm X 90 cm X 1.10 m,2
30102303,PLATINA DE FIERRO DE 2 in X 3/16 in X 6 m,2
30102306,PERFIL DE ALUMINIO CON FELPA DE 10 mm X 3.05 m,2
30102409,BARRA REDONDA LISA DE COBRE DE 5/8 in X 2.40 m,2
30103201,REJILLA DE DRENAJE DE PISO RECTANGULAR DE ACERO DE 0.25m X 1.00 m,2
30103619,MODULO PRE FABRICADO DE FIBROCEMENTO 2.50 m X 4.00 m X 5.00 m,2
30121708,Baldosa tipo ladrillo,2
30131604,Ladrillos de piedra,2
30131609,Ladrillo fabricado,2
30131703,BALDOSA DE FIBROCEMENTO DE 50 cm X 50 cm X 4 mm,2
30141503,AISLANTE TERMICO DE TUBO DE ESPUMA ELASTOMERICA DE 1/2 in X 1.5 m,2
30141512,MALLA DE PLASTICO DE 1 m X 20 m,2
30141513,LADRILLO REFRACTOR,2
30141601,PANEL AISLANTE ACUSTICO IGNIFUGO DE 61 cm X 122 cm,2
30151607,VENTILADOR ELECTRICO PARA TECHO,2
30151703,CANALETA DE ACERO CON ALUZINC DE 22.5 cm X 15 cm,2
30151802,REVESTIMIENTO DE PARED EXTERIOR TRANSPIRABLE MINERAL,2
30161501,AGLOMERADO DE MADERA DE 18 mm X 2.44 m X 1.22 m,2
30161602,PLANCHA TERMOACUSTICA TRAPEZOIDAL DE 2 mm X 0.83 m X 4.95 m,2
30161702,ZOCALO DE MADERA TORNILLO DE 4 in X 1 in,2
30161707,PISO VINILICO DE 1.6 mm,2
30171605,VENTANA DE ALUMINIO SISTEMA VITROVEN CON VIDRIO TEMPLADO DE 6 mm,2
30171612,VENTANA DE ALUMINIO PROYECTANTE CON VIDRIO LAMINADO DE 6 mm,2
30171705,VIDRIO DOBLE TRANSPARENTE DE 1.05 m X 80 cm X 4 mm,2
30172001,COMPUERTA DE FIERRO GALVANIZADO CON VOLANTE 5 cm X 1/4 in X 1.50 m,2
30172002,COMPUERTA DE FIERRO DE 40 cm  X 60 cm,2
30181515,TANQUE ELEVADO PARA INODORO,2
30181603,ASIENTO Y TAPA DE MELAMINA PARA INODORO DE 42.5 cm X 36 cm,2
30181702,LLAVE DE DUCHA DE BRONCE CROMADO DE 1/2 in MANUAL,2
30181804,"CAÑO DE LAVATORIO X 1/2""",2
30191802,MOLDE DE ENCOFRADO DE TAPA DE BUZON DE FIERRO DE 1.90 m,2
30222001,Puentes de Acero,2
30222099,GUARDAVIAS METALICAS,2
30222308,Estaciones meteorológicas,2
30241511,ESTACA CUADRADA DE MADERA LAGARTO CASPI DE 2 in X 2 ft,2
30261701,FLEJES LAMINADOS DE LATON EN BOBINAS,2
30265803,CALAMINA DE PLASTICO DE 1.2 mm X 3.50 m X 1.10 m COLOR ROJO,2
31151505,CABLE DE ACERO DE 1 1 /2 in DE 6 X 19 CON ALMA DE ACERO,2
31161601,"PERNO DE ANCLAJE DE FIERRO GALVANIZADO DE 1/2"" X 3""",2
31161610,PERNO TIPO OJO DE FIERRO GALVANIZADO DE 5/8 in X 14H X 2 in CON ARANDELA TUERCA Y CONTRATUERCA,2
31161614,PERNO DE  ACERO 3/4 in X 3 in CON TUERCA,2
31161619,ESPARRAGO DE ACERO DE 3/4 in X 12 in,2
31162006,"CLAVO DE ACERO BLANCO DE 2""",2
31162409,PASADOR PARA AERONAVE,2
31162411,ANILLO DE ACERO DE 48 mm,2
31162414,"ABRAZADERA DE PVC DE 110 mm X 1/2""",2
31162901,ABRAZADERA DE ACERO DE 5 1/2 in PARA MUELLE DE CAMIONETA,2
31162903,ABRAZADERA TIPO TORNILLO SIMPLE DE FIERRO GALVANIZADO DE 3/4 in,2
31162904,ABRAZADERA TIPO RETENIDA SIMPLE DE 3 PERNOS DE FIERRO GALVANIZADO DE 135mm X 1 1/2 in X 3/16 in,2
31163021,ACOPLAMIENTO FLEXIBLE DE JEBE CON ACERO AL CARBONO ESTANDAR E40,2
31171504,RODAMIENTO 90 mm X 50 mm X 19 mm PARA TRACTOR,2
31171527,CONO DE DIRECCION,2
31171704,ENGRANAJE PARA TRANSMISION DE MOTOR DE MOTONIVELADORA,2
31171802,RUEDAS PARA CARRO TRANSPORTADOR,2
31181699,SELLO ELASTOMERICO PARA VALVULA DE GLOBO DE 250 mm,2
31181704,SELLO MECANICO DE 1 3/8 in,2
31191504,Telas abrasivas,2
31191513,MICROESFERAS DE VIDRIO ABRASIVAS,2
31201502,CINTA ADHESIVA AISLANTE DE 1 1/2 in X 3.3 yd,2
31201512,CINTA ADHESIVA TRANSPARENTE DE 2 in X 10 yd,2
31201602,FRAGUA PARA CERAMICO,2
31201605,MASILLA ELASTOMERICA,2
31201622,PEGAMENTO EPOXICO DE 2 COMPONENTES,2
31211509,IMPRIMANTE PARA PARED,2
31211512,IMPRIMANTE PARA PARED,2
31211518,PINTURA ANTICORROSIVO ESMALTE,2
31211704,IMPERMEABILIZANTE LIQUIDO,2
31211801,REMOVEDOR DE PEGAMENTO,2
31251504,ACTUADOR NEUMATICO DE CILINDRO 50 DE 3 A 15 PSI,2
31351406,Conjuntos de tubería ligada no metálicos,2
31371205,JUEGO DE LOSAS Y CODO REFRACTARIOS PARA COCINAS ARTESANALES X 5 PIEZAS,2
31411701,SELLO CONDUIT CORTA FUEGO DE FIERRO GALVANIZADO DE 3/4 in,2
31411804,DIAFRAGMA PARA MOTOFUMIGADORA,2
32101628,MICROCONTROLADOR DE DATOS,2
32111701,CELULA FOTOELECTRICA DE 220 V 600 W,2
32121602,INTERRUPTOR AUTOMATICO TIPO CAJA MOLDEADA DE 3 X 160 - 380 V DE 25 KA,2
32121902,RESONADOR 16 MHz,2
32131005,Paquetes de circuitos integrados,2
32151503,BARRA DE ILUMINACION LED DE 1.42 m,2
32151705,CONTROLADOR LOGICO PROGRAMABLE - PLC CON SISTEMA DE RECUPERACION,2
39101601,LAMPARA FOTOCURADO,2
39111501,EQUIPO DOBLE PRISMATICO ELECTRONICO 2 FLUORESCENTES X 36 W,2
39111503,LUMINARIA TIPO FAROLA CON FOCO AHORRADOR DE 22 W,2
39111524,LUMINARIA DE VAPOR DE SODIO 150 W EQUIPO COMPLETO,2
39111616,KIT DE ILUMINACION,2
39111809,FILTROS SPUM,2
39111810,ARRANCADOR DE LAMPARA DE VAPOR DE SODIO DE 70 W,2
39112010,MANGUERA DE LUCES LED X 100 m,2
39112503,CIRCULINA DE LUCES PARA VEHICULO DE 12 V,2
39121004,FUENTE DE PODER DE 450 W 12 V,2
39121006,ADAPTADOR DE CORRIENTE PARA CENTRAL DE ALARMAS,2
39121017,FUENTE DE ALIMENTACION,2
39121022,Transformadores electrónicos,2
39121025,TRANSFORMADOR 100 V - 240 V,2
39121107,SISTEMA DE ILUMINACION ANTIBACTERIANA-ANTIMICOTICA,2
39121301,TABLERO ELECTRICO DE PVC DE 4 POLOS PARA ADOSABLE,2
39121303,CAJA DE PASO DE SOBREPONER CUADRADA DE PVC DE 8 in X 8 in X 4 in,2
39121310,SENSOR DE MOVIMIENTO PARA ENCENDIDO DE LUCES,2
39121407,CONECTOR  PARA EMPALME TELEFONICO MULTIPAR 2 CONDUCTORES,2
39121409,CONECTOR BIMETALICO PARA CONDUCTOR 35 mm2,2
39121419,CONECTOR DE TUBO A CAJA DE FIERRO GALVANIZADO DE 2 in,2
39121432,TERMINAL DE CABLE DE COMPRESION DE COBRE/CADMIO DE 50 mm2,2
39121436,ELECTRODO DE COBRE ELECTROLITICO DE 25 mm,2
39121442,JUEGO DE CABLES ELECTRICOS PARA MODULO DE ENSEÑANZA DE NEUMATICA Y ELECTRONEUMATICA,2
39121602,INTERRUPTOR TERMOMAGNETICO EN CAJA MOLDEADA DE 3 X 100 A,2
39121628,FUSIBLE TIPO CHICOTE 15 KV,2
39121633,INTERRUPTOR DE POTENCIA TRIPOLAR TRIFASICO DE 60 KV,2
39121635,ESTABILIZADOR DE VOLTAJE 1500 VA,2
39121638,SECCIONADOR DE POTENCIA TRIPOLAR DE 15 KV / 150 KV-BIL / 200 A,2
39122119,PERFIL ESTRUCTURAL TIPO SPR PARA TORRE DE TRANSMISION DE 138 kV,2
39122231,INTERRUPTOR DE CONMUTACION SIMPLE PARA SOBREPONER,2
39122238,FOTOCELDA CREPUSCULAR PARA ENCENDIDO DE ALUMBRADO,2
39122331,RELE DE TENSION TRIFASICA 220 V,2
39131704,BANDEJA PORTACABLE DE FIERRO TIPO MALLA DE 30 cm X 10.5 cm X 3 m,2
39131706,TUBO PARA INSTALACIONES ELECTRICAS DE PVC SAP DE 4 in X 3 m,2
39131709,CANALETA DE JEBE DE 2 in X 3 m,2
39131719,TUBO DE PVC PARA INSTALACIONES ELECTRICAS SEL DE 1 in X 3 m,2
40101502,EXTRACTOR DE AIRE TIPO CENTRIFUGO,2
40101703,EVAPORADOR PARA EQUIPO DE AIRE ACONDICIONADO TIPO DUCTO DE 180000 BTU,2
40101704,"CONDENSADOR PARA EQUIPO DE AIRE ACONDICIONADO DE 60,000 BTU",2
40101799,TERMOSTATO DIGITAL REGULABLE PARA EQUIPO DE AIRE ACONDICIONADO INDUSTRIAL,2
40101806,BOMBA DE CALOR DE 1.5 HP 17100 BTU,2
40101823,INTERCAMBIADOR DE CALOR DE TUBOS,2
40101902,DESHUMEDECEDOR DE AMBIENTE TIPO COMERCIAL DE 33 L X DIA,2
40102001,CALDERO AUTOMATICO PIROTUBULAR HORIZONTAL,2
40102099,CALDERO,2
40141602,VALVULA DE AGUJA DE ACERO INOXIDABLE ASTM A276 DE 1/4 in PN 210 CON ROSCA,2
40141605,"VALVULA SOLENOIDE DE 1/2"" 24 V 60 HZ 10.5 W 125 PSI PARA AGUA",2
40141619,VALVULA MARIPOSA DE FIERRO FUNDIDO 1/8 in,2
40141622,VALVULA CHECK HORIZONTAL DE HIERRO FUNDIDO DE 6 in PN 16 CON BRIDA,2
40141625,VALVULA TIPO MANGUITO PERFORADO DN 1200 PN 16 CON ACTUADOR ELECTRICO,2
40141651,VALVULA DE AIRE TRIPLE FUNCION DE HIERRO FUNDIDO DUCTIL DE 100 mm PN 16 CON BRIDA,2
40141744,REJILLA DE ANGULO Y PLATINAS DE FIERRO DE 2 in PARA SUMIDERO,2
40141901,TUBO DE ABASTO DE FIERRO GALVANIZADO DE 7/8 in X 7/8 in X 40 cm,2
40142002,"MANGUERA DE AIRE DE 2 1/4""",2
40142201,REGULADOR DE PRESION DE GASES DE 2900 PSI A 145 PSI CON MANOMETRO,2
40151506,BOMBA DE PRUEBA HIDROSTATICA MANUAL DE 1000 PSI,2
40151507,Bombas de irrigación,2
40151524,BOMBA DE ACEITE PARA MOTOR ESTACIONARIO,2
40151607,COMPRESOR DE 1/3 HP PARA CONGELADORA,2
40151615,TURBO COMPRESOR PARA CAMIONETA,2
40151712,EMPAQUE DEL MULTIPLE PARA MOTOBOMBA,2
40151732,EJE DE BOMBA DE AGUA DE 2.44 in X 87.5 in,2
40151802,ELEMENTO SEPARADOR PARA COMPRESOR,2
40161529,Filtro tubular,2
40161701,Centrifugadoras de laboratorio,2
40171513,TUBO DE FIERRO FUNDIDO DUCTIL DE 6.8 mm X 9 27/32 in X 6 m,2
40171602,TUBO DE ACERO AL CARBONO ASTM A53 Y ANSI B1.20.1 REDONDO S/C DE 1/2 in X 6 m CEDULA 40,2
40171625,TUBO DE FIERRO GALVANIZADO DE 4 in X 1 m,2
40171704,ADAPTADOR DE TUBERIA DE HIERRO GALVANIZADO DE 1/2 in EMBONE HEMBRA/ROSCA MACHO,2
40171709,ADAPTADOR DE TUBERIA DE CPVC DE 3/4 in EMBONE HEMBRA/ROSCA MACHO,2
40172403,TAPA DE FIERRO FUNDIDO PARA RESERVORIO DE 60 cm X 60 cm,2
40172508,CONECTOR DE TUBO A CAJA DE PVC SAP DE 3/8 in,2
40172801,CONECTOR CODO DE BRONCE OD 8 mm X 1/4 IN,2
40172815,CODO DE ACERO GALVANIZADO DE 1 1/2 in X 90º CON ROSCA,2
40173304,NIPLE DE PVC DE 1/2 in X 1 in,2
40174611,TEE DE POLIETILENO DE ALTA DENSIDAD (HDPE) DE 4 in X 4 in CON ROSCA,2
40181806,Ensamblaje de tubería soldada de acero,2
40182803,Tuberia con terminacion de acero inoxidable extruida,2
40183002,TUBO DE PVC SAL DE 6 19/64 in X 6 m PARA DESAGUE,2
41102404,CALENTADOR PORTATIL DE FLUIDOS PARA USO DE LABORATORIO,2
41103022,TERMO PORTA VACUNAS 1.7 L,2
41103202,LAVADOR ULTRASONIDO DE 40 L,2
41103311,MANOMETRO DE ACERO INOXIDABLE AISI 304 DE 4 1/2 in DE DIAL RANGO DE 0 - 10 Kg/cm2 CON CONEXION DE 1/2 in NTP INFERIOR PARA BOMBA DE DESCARGA DE COMBUSTIBLES,2
41103317,ACCESORIOS PARA EL INSTRUCTOR DE TENSIÓN,2
41103328,UNIDAD DE ASPIRACION MECANICA PARA RED DE VACIO,2
41103502,CAMPANA EXTRACTORA DE GAS,2
41103714,EQUIPO DIGITAL PARA BAÑO DE FLOTACION PARA CORTES DE TEJIDO,2
41103816,MAGNETO DE TEFLON DE 3 in X 1/2 in CON ANILLO CENTRAL,2
41103909,ROTADOR SEROLOGICO DE 230 mm VELOCIDAD 250 RPM,2
41104023,SONDA DE POLIETILENO  1 1/4 in X 24 in APROX. PARA TOMA DE MUESTRAS DE AGUAS SUBTERRANEAS,2
41104123,ENVASE DE PLASTICO CON TAPA ROSCA PARA ESPUTO 60 mL,2
41104125,CAJA CONSERVADORA DE TEMPERATURA DE POLIETILENO COOLER X 20 L,2
41104201,REACTIVO METASULFITO DE SODIO P.A. PARA PURIFICACION DE AGUA,2
41104214,FILTRO MEMBRANA POLICARBONATO ESTERIL 0.22 Ám X 3 in X 3 in P/EQUIPO OSMOSIS REVERSA MILLI-Q MILLIPORE,2
41104612,HORNO DE CRISOL BASCULANTE 1400 C APROX. PARA USO EN FUNDICION,2
41104801,DISPENSADOR DE POLIPROPILENO DE  4 in X 75 m X 100 mm PARA PELICULA AUTOSELLANTE,2
41104803,ROTAVAPOR,2
41104808,EXTRACTOR DE FIBRA CRUDA DE 6 POSICIONES HASTA 3 g,2
41104899,EQUIPO MANUAL DE EXTRACCION EN FASE SOLIDA,2
41104907,EQUIPO MANUAL DE FILTRACION POR MEMBRANA,2
41104919,FILTRO DE CARBON ACTIVADO 0.5 Á X 4.5 in X 10 in,2
41104921,FILTRO DE MEMBRANA NITRATO DE CELULOSA 0.45 Ám X 47 mm,2
41104928,RECIPIENTE DE DE POLIETILENO DE ALTA DENSIDAD X 140 L APROX. CON TAPA PARA ALMACENAMIENTO INTERMEDIO DE RESIDUOS SOLIDOS,2
41105321,PCR EN TIEMPO REAL POR COLORANTES FLUORESCENTES X 500 DETERMINACIONES,2
41105515,Material de limpieza o estabilización de ácido ribonucleico (ARN),2
41106218,MEDIO DE CULTIVO AGAR BASE SANGRE,2
41106402,PRIMER 474 INTRON3 R 5' CGCGGTGGGGTGTGGAAGGAGT 3',2
41106514,CELULAS DE GLANDULA MAMARIA DE RATON LINEA CELULAR MCF7,2
41106702,SISTEMA PORTABLE DE MEDICION DE FOTOSINTESIS CON FLUOROMETRO,2
41111601,MICROMETRO DE PROFUNDIDAD DIGITAL  DE 25 A 50 mm,2
41111623,MEDIDOR POR ULTRASONIDO DE ESPESOR DE MATERIALES DIGITAL,2
41111625,MEDIDOR DIGITAL DE DEFLEXION,2
41111702,"MICROSCOPIO MECANICO MONOCULAR CON OBJETIVOS DE  4X,10X,40X,100X Y OCULAR DE 10X",2
41111724,SONDAS PARA MICROSCOPIAS DE FUERZA ATOMICA PARA MICROSCOPIO DE FUERZA ATOMICA,2
41111725,"MICROSCOPIO  DIGITAL BINOCULAR CON OBJETIVO DE 4X,10X, 40X Y 100 X Y OCULARES DE 10 X DE LUZ POLARIZADA",2
41111736,FUNDA DE POLIETILENO ESTERIL 1.20 m X 2.0 m APROX. PARA MICROSCOPIO,2
41111799,ESTEREOSCOPIO,2
41111811,Equipos de estación para experimentación en frío,2
41111820,DETECTOR DIGITAL PORTATIL DE TERMOLUMINISCENCIA,2
41111901,CONTADOR DIGITAL DE DE RADIACION,2
41111908,REGISTRADOR ELECTRICO DE TIEMPO Y PROFUNDIDAD - TDR,2
41111924,SENSOR DIGITAL PORTATIL DETECTOR DE O2,2
41111926,SENSOR DE ACERO INOXIDABLE PARA PROFUNDIDAD,2
41111927,SENSOR DE PRESION PARA COMPRESOR DE AIRE,2
41112111,TRANSDUCTOR ELECTRONICO EXTERNO DE 200 KHZ PARA EQUIPO ECOSONDA,2
41112201,CALORIMETRO SEMIAUTOMATICO ISOPERIBOLICO PARA ANALISIS FISICOQUIMICO,2
41112209,TERMOSTATO DE ACERO INOXIDABLE CON BULBO CAPILAR DE 0º - 250º C - 15 AMP,2
41112221,MEDIDOR DIGITAL PORTATIL DE PORCENTAJE DE CONCENTRACION DE CO2 PARA INCUBADORA DE CULTIVO,2
41112304,TERMOHIGROMETRO DIGITAL DE PARED DE -50 A 70 C  RANGO DE HUMEDAD DE 20 A 99% PARA USO DE LBORATORIO,2
41112404,REGULADOR ANALOGICO DE PRESION DOBLE ETAPA DE 8 A 10 bar PARA VENTILADOR VOLUMETRICO,2
41112405,REGISTRADOR DE DATOS PORTATIL CON GPRS/GSM,2
41112410,TRANSMISOR DE PRESION DE 4-20 MA PARA VAPOR DE ESTERILIZADOR A VAPOR,2
41112422,MODULO DE ENSEÑANZA PARA APLICACIONES EN HIDRAULICA,2
41112510,MODULO DE ENSEÑANZA BANCO DE ENSAYO DESCARGA HORIZONTAL POR ORIFICIOS,2
41112702,CONTADOR DIGITAL DE GRANOS/SEMILLAS,2
41112704,ANALIZADOR DE FIBRA,2
41113002,REACTIVO LUMINOL PARA REVELADO DE MANCHAS DE SANGRE,2
41113042,DESCREMADORA DE LECHE,2
41113051,EQUIPO ELECTRICO PARA PRUEBA DE ESTABILIDAD Y OXIDACION,2
41113111,ANALIZADOR DIGITAL DE GASES OZONO TROPOSFERICO,2
41113120,ANALIZADOR DIGITAL DE MONOXIDO DE CARBONO (CO),2
41113310,TIRA REACTIVA PARA DETERMINACION TRIGLICERIDOS EN SANGRE,2
41113332,TERMOCUPLA  PARA EL MICRODESTILADOR AUTOMATICO ISL,2
41113407,ANALIZADOR DIGITAL DE CALIDAD PARA RAYOS X AUTOMATIZADO,2
41113602,INDICADOR DIGITAL DE TORQUE PARA MOTOR DE AERONAVE,2
41113617,SISTEMA DE MEDICION DE INTENSIDAD DE CAMPO CON GPS,2
41113637,CONTROLADOR DE CARGA DE 10 AMP,2
41113679,EQUIPO DIGITAL DE PRUEBA DE TRANSFORMADORES DE TENSION,2
41113739,EQUIPO ELECTRICO PARA ESTUDIO DE FRECUENCIAS ELECTROMAGNETICAS,2
41113804,MODULO DE ENSEÑANZA DE FISICA PENDULO DE REVERSION,2
41114105,EQUIPO MANUAL DE REFRACCION SISMICA,2
41114521,EQUIPO MECANICO DE COMPRESION,2
41114604,CAMARA DIGITAL DE NIEBLA SALINA PARA USO DE LABORATORIO,2
41114611,DUROMETRO DIGITAL PORTATIL PARA MEDIR LA DUREZA,2
41114612,PROBADOR MANUAL DE GUANTES QUIRURGICOS,2
41114614,PIEZA DEL SISTEMA DE INYECCION DE LA MUESTRA PARA EL ANALISIS DE METALES EN MATRICES OLEOSAS Y ACUOSAS.,2
41114620,MAQUINA ELECTRONICA UNIVERSAL DE ENSAYO DE TRACCION PARA HIDRAULICA,2
41115304,CONTADOR REGRESIVO PARA SEMAFORO,2
41115305,Medidores de frecuencia eléctrica,2
41115306,INTERFEROMETRO DIGITAL PORTATIL PARA PRUEBAS OPTICAS,2
41115309,LUXOMETRO DIGITAL,2
41115312,REFRACTOMETRO DIGITAL DE MESA 140 x 100 x 235 mm PARA MEDICION DE FLUIDOS,2
41115332,EQUIPO DIGITAL CON EMISION DE ELECTRONES PARA DETERMINAR LA CONSTANTE DE PLANCK,2
41115418,BOMBA DE AIRE  PARA ESPECTROFOTOMETRO,2
41115609,MEDIDOR DIGITAL DE CONTACTO CON SONDA DE 20 cm DE CONDUCTIVIDAD ELECTRICA,2
41115705,CROMATOGRAFO ELECTRONICO AUTOMATICO DE LIQUIDOS CON DETECTOR DE MASAS Y TIEMPO DE VUELO,2
41115715,INYECTOR MULTIMODO PARA CROMATOGRAFO DE GASES,2
41115719,EQUIPO DIGITAL DE CROMATOGRAFIA DE GASES,2
41115802,REACTIVO ALANINA P.A.,2
41115820,LAMINA PORTAOBJETO DE 4 mm DE DIAMETRO NUMERADAS CON FONDO DE TEFLON AZUL X 24 POCILLOS PARA PRUEBAS DE INMUNOFLUORESCENCIA INDIRECTA-IFI,2
41115826,CAMARA DE IONIZACION DE METROLOGIA DE RADIOISOTOPOS DEL LABORATORIO,2
41116006,ENZIMA ENDONUCLEASA DE RESTRICCION BAMH I,2
41116012,PROTEINAS TOTALES AUTOMATIZADA,2
41116122,KIT CALIBRACION PARA PCR (6 FRASCOS X 1 mL),2
41116124,SUSTITUTO DE XILENO,2
41116128,TEST DE ANTIGENO CA 125 METODO AUTOMATIZADO,2
41119999,MODULO DE ENSENANZA PARA EL PROCESAMIENTO DE MATERIAL PLASTICO MEDIANTE INYECCION,2
41121517,CAJAS PORTA PUNTERAS (TIPS) DE POLIETILENO PARA 96 PUNTERAS DE 10 ÁL,2
41121609,PUNTA DE PIPETAS-TIPS UNIVERSAL DE POLIPROPILENO DESCARTABLE SIN FILTRO DE 500 uL - 5000 uL EN RACK PARA PIPETA,2
41121701,TUBO DE POLIPROPILENO 15 mL PARA PCR CON TAPA,2
41121703,TUBO  DE POLIPROPILENO FONDO CONICO X 15 mL APROX. CON TAPA ROSCA PARA CENTRIFUGA,2
41121709,TUBO CAPILAR CON HEPARINA,2
41121802,AGITADOR DE TUBOS,2
41121803,VASO DE PRECIPITADOS DE VIDRIO GRADUADO 600 mL,2
41121804,MATRAZ AFORADO DE VIDRIO BOROSILICATO CLASE A 200 mL CON TAPA DE VIDRIO PARA USO DE LABORATORIO,2
41121808,BURETA AUTOMATICA DIGITAL DE 50 mL,2
41121813,CONTENEDOR DE POLIPROPILENO DE BIOSEGURIDAD DE 7.6 L,2
41122101,PLACA PETRI DE PLASTICO ESTERIL 15 mm X 100 mm,2
41122106,HISOPO DE POLIESTER ESTERIL PARA USO DE LABORATORIO,2
41122409,MODULO AVANZADO PARA EXPERIMENTOS DE OPTICA,2
41122804,GRADILLA DE POLIPROPILENO PARA 96 TUBOS DE 0.2 mL,2
41122806,SOPORTE DE POLIPROPILENO PARA BOLSA COLECTORA DE SANGRE,2
41123201,MUESTRA BIOLOGICA ESTANDAR CON ADN Y BACTEREOFAGO EN MICA,2
42121507,JERINGA INYECTORA DE SEMEN PARA PAJILLA PARA USO VETERINARIO,2
42121604,FENILBUTAZONA + SALICILATO DE METILO + ALCANFOR + LANOLINA + ESENCIA DE TREMENTINA + VASELINA PURA 3.0g + 5.0g + 5.0g +3.0g +8.0g +76g UNGÜENTO X 200 g PARA USO VETERINARIO,2
42131504,"KIT DE ROPA PARA PACIENTE (BATA, PANTALON, SABANA)",2
42131508,PIJAMA DE FRANELA PARA CABALLERO TALLA M,2
42131612,MANDILON DE DRILL 250 g/m2 DE 20/1 Ne Y 12/1 Ne TALLA L CUELLO NERU CON ABERTURA CON TIRAS DE AMARRE POSTERIOR Y PECHERA TIPO MARSUPIA DELANTERA DE MANGA RECTA LARGA COLOR ENTERO PARA CIRUGIA,2
42132103,"SOLERA DE BRAMANTE DE 2.00 m x 1.50 m (CON URDIEMBRE 100% ALGODON, 20/1 Ne,74 hilos/pulgada TRAMA 100% ALGODON,16/1 Ne,56 hilos/pulgada) TAFETAN 1/1 Y GRAMAJE 180 g/m2 PARA PACIENTE",2
42132108,FUNDA DE DRILL 100% ALGODON DE 270 g/m2 TITULO 20/1 Y 12/1 DE 1.5 m x 0.4 m APROX. COLOR ENTERO PARA BALON DE OXIGENO,2
42132201,Cajas o dispensadores de guantes médicos,2
42132204,MANOPLA DE LONA ACOLCHADO 100% ALGODON DE 450 g/m2 TITULO 8/1 Y 8/1 DE 0.32 m x 0.34 m APROX. CON TIRA DE AJUSTE COLOR BLANCO PARA USO HOSPITALARIO,2
42141601,Equipos de ingreso para el cuidado del enfermo,2
42141607,URINARIO DE PLASTICO FEMENINO (CHATA) PARA ADULTO,2
42141611,BOLSA DE LONA 100%ALGODON DE 1.1m X 2.0m Y 450g/m2 CRUDA PARA ROPA HOSPITALARIA,2
42141801,EQUIPO ELECTRONICO DE FISIOTERAPIA POR ELECTROTERAPIA CON ESTIMULACION BIOFEEDBACK COMBINADA CON ULTRASONIDO PARA USO CLINICO,2
42141808,PLACA DE RETORNO INDIFERENTE ADULTO,2
42142108,COMPRESA CALIENTE ESTANDAR,2
42142302,FORMATO CLINICO DE SOLICITUD DE RECETA ENDOSCOPIA ALTA BLOCK X 100 HOJAS,2
42142402,TUBO DE ASPIRACION TRANSPARENTE 1/4 in X 3/32 in X 1.8 m,2
42142504,AGUJA DE BIOPSIA DE MAMA Nº 14 G X 10 cm,2
42142529,EXTENSOR DE AGUJA DE ACERO QUIRURGICO 4 in,2
42142535,AGUJA DE BLOQUEO NERVIOSO PERIFERICO DE ACERO INOXIDABLE TIPO DESCARTABLE 22 g X 9 cm PARA ANESTESIA,2
42142601,JERINGA DE IRRIGACION 60 mL,2
42142602,JERINGA ASEPTO DESCARTABLE 100 mL,2
42142707,STENT URETRAL DE MALLA METALICA DE 6.0 cm,2
42142709,CATETER DE POLIURETANO DESCARTABLE  DE NEFR PERCUTANEA 8 FR X 30 cm PARA USO QUIRURGICOOSTOMIA,2
42142733,CATETER DE POLIURETANO DESCARTABLE  URETERAL DOBLE J6 FR X 25 cm PARA USO QUIRURGICO,2
42142901,ANTEOJOS DE RESINA BLANCA OD +2.50 SPH OI +2.50 SPH CON MONTURA DE METAL,2
42142913,"LENTE DE CONTACTO BLANDO DESCARTABLE, SPH:-4.00, BC: MEDIUM, DIAMETRO: 14.20 X 4 UNI",2
42144101,FRASCO DE PLASTICO CON 1 CAMARA PARA SISTEMA DE DRENAJE TORACICO 1.15 L,2
42151660,SUCCIONADOR DE PLASTICO DESCARTABLE DE USO DENTAL,2
42151701,VALVULA REGULADORA DE AIRE,2
42151805,DISCO DE LIJA DENTAL GRANO FINO USO ODONTOLOGICO,2
42152208,MICROMOTOR DENTAL,2
42152476,CONO DE GUTAPERCHA Nº 40 DE 30 mm PARA USO ODONTOLOGICO,2
42171911,MALETIN DE REANIMACION CARDIOPULMONAR,2
42171921,CONTENEDOR ALUMINIO ANONIZADO PARA USO QUIRURGICO DE 46 cm X 28 cm  DE 10 cm APROX.,2
42181716,CABLE ECG,2
42181803,SENSOR DIGITAL TIPO PULSOXIMETRO AL 99% PACIENTE ADULTO,2
42181804,OXISENSOR II ESTERIL PARA PULSIOXIMETRO NO ESTERIL,2
42181903,MONITOR DE GASTOCARDIACO HEMODINAMICO,2
42182012,ESPECULO NASAL DE ACERO INOXIDABLE TIPO COTTLE 14 cm PARA USO QUIRURGICO,2
42182014,EQUIPO OFTALMOLOGIA,2
42182206,TERMOMETRO CLINICO ORAL,2
42182211,CAMARA TERMOGRAFICA,2
42182401,AUDIOMETRO COMPUTARIZADO,2
42182702,CINTA METRICA RETRACTIL DE FIBRA DE VIDRIO PARA PERIMETRO ENCEFALICO DE 2.00 m,2
42182705,EQUIPO DE BIOIMPEDANCIA,2
42182904,INFANTOMETRO,2
42183002,TOPOGRAFO CORNEAL,2
42183020,EQUIPO ANALIZADOR DEL CAMPO VISUAL,2
42183028,MICROTIPS 45º KELMAN 0.9 mm PARA EQUIPO ALCON (CURVA),2
42183037,PROYECTOR ELECTRICO DE 6.1 m PARA OPTOTIPOS LCD,2
42191704,COMPRESORA DE AIRE (USO ODONTOLOGICO),2
42192101,SILLON RECLINABLE CON BRAZOS PARA DONANTE DE SANGRE PLEGABLE PORTATIL,2
42192107,SILLON ELECTRICO PARA EXAMEN MEDICO,2
42192419,RESERVORIO DE PLASTICO DESCARTABLE ESTERIL DE 100 mL PARA DESECHO DE SUCCION,2
42192802,EQUIPO ELECTRONICO DESTRUCTOR DE AGUJAS DE USO CLINICO,2
42201711,TRANSDUCTOR DE ULTRASONIDO,2
42201812,UNIDAD DE CONTACTO PARA MESA RAYOS X,2
42201814,TUBO RADIOGENO PARA EQUIPO RAYOS X,2
42201815,EQUIPO ELECTRONICO DE RADIOTERAPIA PARA USO CLINICO,2
42201904,NEGATOSCOPIO CON PANTALLA DE TUBOS FLUORESCENTES DE PARED DE 2 CUERPO,2
42203001,SWITCH DE NIVEL DE AGUA PARA ACELERADOR LINEAL,2
42203402,CATETER CORONARIO DE NAILON Y ALAMBRE TIPO JUDKING DERECHO 6 FR X 100 cm ASA Nº 4.0,2
42203405,CATETER BALON DE CAUCHO BLANDO DESCARTABLE 4.0 mm X 10 mm PARA ANGIOPLASTIA CORONARIA,2
42203413,COIL PARA EMBOLIZACION ENDOVASCULAR 3 mm X 6 cm APROX.,2
42203422,SUSTANCIA PARA SISTEMA EMBOLIZANTE X 6 mL,2
42203428,VALVULA HEMOSTATICA ROTATIVA DE DOBLE LUMEN,2
42221501,CATETER DE POLIURETANO DESCARTABLE ARTERIAL RADIAL Nº 22 G PARA USO QUIRURGICO,2
42221512,CANULA VENOSA DE PVC ANGULADA Nº 28 PARA CIRCULACION EXTRACORPOREA,2
42221606,CLIP VASCULAR DE TITANIO MINI RECTO PERMANENTE DE 6 mm PARA ANEURISMA,2
42221803,MANGA DE POLIETILENO ESTERIL PARA LAPAROSCOPIA 18 cm X 2 m,2
42222306,KIT DESCARTABLE RECUPERADOR SANGUINEO,2
42241706,CALZADO ORTOPEDICO TALLA 34 CON ACORTAMIENTO,2
42241802,ESTIMULADOR NERVIO VAGO,2
42242003,GANCHO DE TITANIO TIPO LAMINAR DERECHA DE 2.5 cm PARA PROTESIS,2
42242109,MALLA TUBULAR DE GASA ELASTICA ORTOPEDICA 2 in PARA FIJACION DE APOSITOS,2
42271702,CONCENTRADOR DE OXIGENO,2
42271703,MEZCLADOR DE OXIGENO,2
42272002,ATOMIZADOR,2
42272209,JUEGO CIRCUITO CORRUGADO ADULTO DESCARTABLE PARA VENTILADOR MECANICO,2
42272213,EQUIPO DE PRESION RESPIRATORIA DESCARTABLE,2
42272301,RESUCITADOR MANUAL ADULTO,2
42281526,INCUBADORA DE CO2,2
42281916,MANGA MIXTA PAPEL Y PLASTICO PARA ESTERILIZACION SIN FUELLE 40 cm X 200 m,2
42291601,MANGO PARA ADAPTADOR,2
42291613,CUCHILLA DE ACERO INOXIDABLE RECTA X 9 mm DE 12 cm APROX. PARA CRANEOTOMIA,2
42291627,FRESA DE ACERO INOXIDABLE TIPO ROSEN DE 4.3 mm PARA CORTE EN CRANEOTOMIA,2
42291703,PERFORADOR ELECTRICO PARA TRAUMATOLOGIA,2
42291713,ADQUISICION DE BROCA DE 13 mm X 9MM DE DIAMETRO X 75 mm PARA PERFORACION CRANEAL ADULTO,2
42291801,LIGADURA DE HEMORROIDES,2
42292103,LLAVE DE PVC TRIPLE VIA DESCARTABLE USO HOSPITALARIO,2
42293103,PUNTA DE ENDOLASER PARA EQUIPO PUREPOINT 23 G,2
42293127,RETRACTOR DE HERIDAS DESCARTABLE,2
42293506,BOMBILLA DE JEBE PARA ASPIRACION Nº 06,2
42293524,TUBO DE SUCCION PVC TRANSPARENTE 4 in X 1/4 in X 18 m,2
42294002,ESPATULA-CITOCEPILLO CON ENVOLTURA INDIVIDUAL,2
42294202,SISTEMA DE FIJACION EXTERNA PARA TRANSPORTE OSEA,2
42294207,SET INSTRUMENTAL QUIRURGICO DE CIRUGIA DENTAL X 15 PIEZAS,2
42294213,SET INSTRUMENTAL QUIRURGICO DE LAPAROTOMIA EXPLORATORIA X 107 PIEZAS,2
42294504,REGLA BIOMETRICA PORTATIL,2
42294523,AZUL DE TRIPAN SOL PARA CIRUGIA DE CATARATAS,2
42294528,HIALURONATO S. /HIALURONATO S. + CONDROITIN S. S. 10 mg/mL/ 30 mg/mL + 40 mg/mL SOL 0.55 mL / 0.5 mL,2
42294907,CEPILLO DESCARTABLE 11.5 mm PARA CITOLOGIA ENDOCERVICAL,2
42294908,CLIP DE TITANIO ML X 6,2
42294910,CABEZAL DE CAMARA PARA ENDOSCOPIO,2
42294919,GUIA HIDROFILICA DE NINITOL DESCARTABLE CURVA DURA DE 0.035 in X 180 cm PARA USO QUIRURGICO,2
42294941,SET DE MATERIAL MEDICO PARA DRENAJE BILIAR 8.5 FR X 25 cm,2
42294954,CANASTILLA EXTRACTORA DE CALCULOS BILIARES DE ALAMBRE NITINOL 11 mm X 2.2 FR X 115 cm APROX,2
42294959,ESFINTEROTOMO ESTERIL DE DOBLE LUMEN PUNTA ESTANDAR DE 7 FR X 25 mm PARA PRECORTE,2
42295011,VIDEOENDOSCOPIO,2
42295141,SISTEMA DE MONITOREO INTRAOPERATIVO DE 4 PIEZAS,2
42295202,SIERRA QUIRURGICA ELECTRICA DE USO QUIRURGICO,2
42295305,SISTEMA DE LIGADURA MULTIBANDA PARA VARICES ESOFAGICAS,2
42295505,IMPLANTE PARA GLAUCOMA VALVULADO,2
42295515,SUSTITUTO DE DURAMADRE DE COLAGENO DE 7.5 cm X 7.5 cm,2
42295602,SISTEMA DE DERIVACION VENTRICULO PERITONEAL DE PRESION BAJA NEONATAL,2
42296003,VALVULA CARDIACA DE ACERO INOXIDABLE MITRAL Nº 31 MEDIDOR CONICO,2
42296213,SIMULADOR DE AUSCULTACION CARDIACA Y PULMONAR CON MANIQUI DE PVC ADULTO MEDIO CUERPO SUPERIOR PARA ENSEÑANZA,2
42296324,GABINETE DE ACERO INOXIDABLE CON TANQUE DE AIRE COMPRIMIDO 1.5 L PARA OTORRINOLARINGOLOGIA,2
42296817,MALETIN DE CUERO PARA INSTRUMENTAL/EQUIPO MEDICO QUIRURGICO SIN TAPA X 30 cm DE 50 cm APROX.,2
42311504,APOSITO DE HIDROFIBRA 20 cm X 30 cm CON CONCENTRADO DE PLATA 1.2%,2
42311546,VENDA ELASTICA ADHESIVA 1 in X 5 yd PARA LESIONES,2
42311607,HEMOSTATICO TOPICO ABSORBIBLE DE CELULOSA OXIGENADA Y REGENERADA 10 cm X 203 cm,2
42311903,SET DE DRENAJE TORAXICO DESCARTABLE DOBLE CAMARA,2
42312007,RECARGA DE GRAPADORA QUIRURGICA LINEAL CORTANTE ENDOSCOPICA 45 mm X 2.5 mm PARA CIRUGIA ABIERTA,2
42312009,GRAPADORA QUIRURGICA CIRCULAR CURVA PARA CIRUGIA ABIERTA 25 mm,2
42312010,RECARGA PARA GRAPADORA QUIRURGICA LINEAL CORTANTE ENDOSCOPICA 60 mm X 4.8 mm PARA LAPAROSCOPIA,2
42312011,RECARGA PARA GRAPADORA QUIRURGICA LINEAL CORTANTE ENDOSCOPICA 60 mm X 3.5 mm,2
42312105,PASTA HIDROCOLOIDE PARA OSTOMIA,2
42312401,APOSITO DE ALGINATO DE CALCIO GEL X 85 g,2
42321503,INJERTO DE TEJIDO OSEO CRUNCH,2
42321506,TORNILLO DE BLOQUEO 2.7 mm X 40 mm,2
42321707,SISTEMA DE PLACA DE BLOQUEO DE ACERO INOXIDABLE DE 5.0 mm DE DIAMETRO PARA CADERA PEDIATRICA,2
42321808,ARTICULACION DE RODILLA MODULAR ENDOESQUELETICA DE POLIPROPILENO POLICENTRICA DE PROTESIS MIEMBRO INFERIOR,2
43191510,RADIO TRANSCEPTOR PORTATIL DE MANO FRS/GMRS 462-467 Mhz,2
43191616,CENTRAL DE COMUNICACIONES,2
43201402,MEMORIA RAM DDR3 4 GB 1666 MHz,2
43201503,UNIDAD CENTRAL DE PROCESO CON TECLADO INCORPORADO,2
43201531,TARJETA DE VIDEO PCI EXPRESS DE 4 GB CON PUERTO HDMI DVI,2
43211515,Estación de trabajo,2
43211602,MODULO DE ENSEÑANZA ESTACION DE AUTOMATIZACION Y MANUFATURA INTEGRADA CON VISION ARTIFICIAL,2
43211609,ADAPTADOR MINI HUB USB DE 1 A 4 PUERTOS,2
43211708,MOUSE OPTICO CON PUERTO USB,2
43211711,ESCANER DE ESCRITORIO CON ALIMENTADOR AUTOMATICO DUPLEX TAMAÑO A3 DE 1200 ppp,2
43211729,LECTOR OPTICO DE MARCAS,2
43211806,"SOPORTE DE MUÑECA DE TECLADO DE MICROFIBRA, GEL Y TELA DE 7 cm X 45 cm X 1.5 cm",2
43211901,MONITOR (OTROS),2
43211903,SISTEMA DE AMINISTRACION DE COLAS,2
43211909,MONITOR LCD CON RETROILUMINACION LED 23.0 in,2
43212104,IMPRESORA TIPO PORTATIL INYECCION A COLOR DUPLEX TAMAÑO A4 DE 50 HOJAS 1200 X 1200 ppp SIN ESCANER,2
43212105,IMPRESORA LASER,2
43212107,IMPRESORA PARA PLANOS - PLOTTERS,2
43212113,IMPRESORA TERMICA PORTATIL DE ETIQUETAS ALFANUMERICA Y SIMBOLOS,2
43221712,ANTENA PARABOLICA,2
43221719,TORRE METEOROLOGICA DE USO AERONAUTICO FRANGIBLE RETICULAR ARTICULADA DE 10 m,2
43221730,TRANSMISOR DE SEÑAL HDMI SOBRE UTP,2
43222621,CONSOLA MULTIPLEXOR KVM,2
43223329,ANALIZADOR DIGITAL DE ESPECTRO OPTICO PORTATIL DE 1650 nm,2
43223343,"MALETA DE HERRAMIENTAS PARA RED LAN (ALICATE PRESION, CABLE, ADAPTADOR RED, PROBADOR CA, LLAVE FRANCESA, PONCHADOR CORTE, WINCHA, PONCHADOR IMPACTO, TIJERA, PROBADOR CABLE, PELACABLE, PULSERA ANTIESTATICA, ALICATE LORO, PORTACABLE, ALICATE PINZA, ALICATE CORTE, LLAVES ALLEN, MULTIMETRO, LLAVES, DADOS, LINTERNA, ESPEJO TELESCOPIO, JALADOR CABLE, DESTORNILLADORES)",2
43231501,SOFTWARE DE CENTRO DE LLAMADAS O SOPORTE TECNICO,2
43231604,SOFTWARE DE ANALISIS FINANCIERO,2
43232312,SOFTWARE (INC. LICENCIA) DE MANEJO DE PORTALES,2
43232314,SOFTWARE SISTEMA DE INFORMACION GERENCIAL,2
43232402,SOFTWARE (INC. LICENCIA) PARA DESARROLLO DE APLICACIONES,2
43232407,ADQUISICON DE 18 LICENCIAS SOFWARE PARA MODELADO 3D PARAMETRICO,2
43232610,"SOFTWARE (INC. LICENCIA) PARA ANALISIS ECONOMETRICO, PREDICCION Y SIMULACION",2
43232803,SOFTWARE (INC. LICENCIA) PARA ADMINISTRACION PARA REDES WIRELESS,2
43232903,SOFTWARE ( INC. LICENCIA) PARA CENTRO DE CONTACTO,2
43232907,SOFTWARE ( INC. LICENCIA) PARA RED DE ALMACENAMIENTO,2
43232908,LICENCIA PARA TELEFONIA IP,2
43232915,SOFTWARE ( INC. LICENCIA) PARA INTERCONECTIVIDAD DE PLATAFORMAS,2
43233204,SOFTWARE (INC. LICENCIA) PARA EQUIPOS DE RED PRIVADA VIRTUAL (VPN) O DE SEGURIDAD DE RED,2
43233601,SOFTWARE (INC. LICENCIA) PARA CONTROL DE TRAFICO EN TIEMPO REAL,2
43233603,SOFTWARE SCADA,2
43239999,SOFTWARE EDUCATIVOS DE SIMULACION DE INGENIERIA,2
44101501,FOTOCOPIADORA MULTIFUNCIONAL,2
44101601,MAQUINA CORTADORA PARA BOBINA DE PAPEL,2
44101799,COOLER PARA MEMORIA RAM TIPO FANS,2
44101809,CALCULADORA ELECTRONICA DE 14 DIGITOS,2
44102501,CONTADOR ELECTRONICO DE BILLETES,2
44102801,ROLADORA,2
44102802,MAQUINA ENCUADERNADORA,2
44103004,FUSOR PARA IMPRESORA MULTIFUNCIONAL LASER,2
44103107,UNIDAD DE SUMINISTRO DE TONER PARA FOTOCOPIADORA MULTIFUNCIONAL,2
44103110,CABEZAL DE IMPRESION DE COLOR NEGRO PARA IMPRESORA LASER,2
44103124,CINTA LAMINADORA HOLOGRAFICA PARA IMPRESORA DE TARJETAS DE 250 LAMINADOS LADO 1,2
44111601,CANGURO DE DRIL,2
44111907,TABLERO DIGITALIZADOR ELECTRONICO,2
44112001,Directorios o repuestos,2
44121505,SOBRE MANILA MEMBRETADO 90 g TAMAÑO A4,2
44121701,BOLIGRAFO (LAPICERO) DE TINTA SECA PUNTA GRUESA ECOLOGICO CON LOGOTIPO,2
44121708,PLUMON MARCADOR DE TINTA AL AGUA PUNTA GRUESA JUEGO X 12 COLORES,2
44121905,MEMBRANA DE JEBE PARA SELLO AUTOENTINTABLE DE 18 mm X 47 mm APROX.,2
44122005,FORRO DE PLASTICO TIPO LAMINA TRANSPARENTE DE 28.7 m X 46.3 m APROX.,2
44122011,CARPETA EN CARTULINA FOLCOTE PLASTIFICADA CON LOGOTIPO INSTITUCIONAL TAMAÑO A4,2
44122032,CARPETA EN CARTULINA TAMAÑO A4 CON LOGOTIPO,2
45101512,Impresora de transferencia térmica para aplicaciones comerciales de impresión,2
45101616,LIQUIDO LIMPIADOR DE MANTILLA PARA  MAQUINA DE IMPRESION OFFSET,2
45101702,MAQUINA ANILLADORA PERFORADORA,2
45101705,MAQUINA PARA REBAJAR,2
45111602,PROYECTOR DE LUZ LED,2
45111606,CUBO DE RETROPROYECCION MODULAR DE PANTALLA LED DE 10.00 m X 5.00 m,2
45111704,CONSOLA PARA CONTROL DE AUDIO,2
45111901,SISTEMA DE INTERPRETACION SIMULTANEA,2
45121520,VIDEO CAMARA PARA COMPUTADORA ROTACION 360º,2
45121602,TRIPODE METALICO,2
45121613,MODULO CONTROLADOR DE MOVIMIENTO DEL DOMO PARA CAMARA CCTV,2
45121709,Procesador de película automatizado,2
45121810,CINTA DE EMPALME PARA MICROFILM DE 1000,2
45141501,ARRANCADOR DE REVELADOR,2
45141502,FIJADOR DE PELICULA,2
46101501,AMETRALLADORA,2
46101504,PISTOLA,2
46101506,CAÑON PARA FUSIL,2
46151504,OVEROL TACTICO ANTIMOTIN DE POLIESTER Y ALGODON PARA ADULTO,2
46151508,CASCO PROTECTOR BALISTICO NIVEL III,2
46151604,ALCOHOLIMETRO,2
46151709,RELOJ MARCADOR ELECTRONICO POR HUELLA DIGITAL,2
46161501,PISTOLA DE SEÑALES LUMINOSAS AERONAUTICAS LED ROJO BLANCO VERDE DE 12 W 1000 lm,2
46161503,BOYA METEOROLOGICA/OCEANOGRAFICA,2
46161514,TACHA REFLECTIVA CIRCULAR DE 19 mm COLOR BLANCO,2
46161705,COMBINADA HIDRAULICA PARA RESCATE,2
46171515,LLAVERO PUBLICITARIO,2
46171599,TUBO DE FIERRO CUADRADO 1.5 mm X 1 in X 2 in X 6 m,2
46171606,SIRENA MOVIL,2
46171608,SENSOR DE MOVIMIENTO PARA SEGURIDAD,2
46171635,DETECTOR GAS MULTIPLE,2
46181516,MANGA DE POLIETILENO DE 10 MICRAS X 40 cm DE ANCHO,2
46181541,Guantes resistentes a los químicos,2
46181545,JUEGO DE OVEROL Y PONCHO IMPERMEABLES,2
46181802,GAFAS DE SEGURIDAD MULTIPROPOSITO DE POLICARBONATO TRANSPARENTE PROTECCION UV ANTINIEBLA,2
46181809,MAMELUCO 2 PIEZAS DE SEGURIDAD ENTERIZO TELA DRILL DE 7.9 Onz/Yd2 o similar 100 % ALGODÓN O SIMILAR DE BAJA PROPAGACION DEL FUEGO COLOR Azul PANTONE 280 C o en CMKY: C:100; M:70; Y:0; K:30,2
46181811,LENTE PROTECTOR OCULAR PARA LUZ HALOGENA,2
46181901,PROTECTOR DE OIDOS,2
46182208,CERCO CON DIENTE COLOR NEGRO,2
46182301,CUERDA DE NYLON 3/4 in X 100 m,2
46182302,DESCENSOR TIPO 8 PARA USOS DE RESCATE,2
46182310,DISPOSITIVO PROTECTOR PARA DESLIZAMIENTO DE CUERDAS PARA RESCATE,2
46189999,BOLSA DE POLIESTER Y NYLON DE 24 in X 18 in X 18 in CON CIERRE VELCRO Y CINTAS RETROREFLECTANTES PARA EL TRASLADO DE EQUIPOS,2
46191608,GRIFO CONTRA INCENDIO,2
46191614,CAMARA DE ESPUMA CONTRA INCENDIO PARA TANQUE DE TECHO FIJO,2
47101521,SISTEMA DE FILTRACION,2
47101530,SISTEMA DE CONTROL DE OLORES PARA TRAMIENTO DE AGUA RESIDUALES,2
47101606,ADITIVO LIQUIDO ANTICORROSIVO PARA CALDERO,2
47111601,PLANCHADORA DE RODILLO A VAPOR DE 3100 mm 220 V TRIFASICO,2
47121602,ASPIRADORA ELECTRICA 1200 W,2
47121603,HIDROLAVADORA INDUSTRIAL ELECTRICA DE 190 BAR Y CAUDAL 1000 L/H DE 7500 W,2
47121605,ESCOBILLA CIRCULAR PARA LAVAR PISO DE 11 in,2
47121810,TELA FRANELA DE 51 cm X 72 cm APROX.,2
47131502,TOALLA DE FELPA DE COLOR 25 cm X 25 cm PARA LIMPIEZA,2
47131702,"KIT DE HIGIENE (TOALLA DE MANO, PASTA DENTAL, CEPILLO DE DIENTES, JABON DE TOCADOR Y PEINE)",2
47131705,ANILLO DE CERA PARA INODORO CON GUIA,2
47131802,CERA EN PASTA COLOR NEUTRAL PARA PISO,2
47131819,SODA CAUSTICA,2
47131902,ABSORBENTE DE GRASA Y PRODUCTOS QUIMICOS EN GRANULOS,2
48101601,BATIDORA INDUSTRIAL ELECTRICA DE 30 l PARA PANADERIA,2
48101702,DISPENSADOR DE AGUA CON PEDESTAL,2
48101711,SURTIDOR DE AGUA ELECTRICO - DISPENSADOR ELECTRICO,2
49101602,ESPADA DE HONOR DE ACERO INOXIDABLE PARA OFICIAL,2
49101609,ADORNO NAVIDEÑO ESTRUCTURA METALICA TIPO COPO DE NIEVE DE 2.50 m APROX.,2
49101612,HOLOGRAMA DE SEGURIDAD CIRCULAR DE 15 mm DIAMETRO,2
49121502,COLCHON DE ESPUMA DE 1.83 m X 68 cm X 15 cm  CON ALMOHADA (JUEGO) TIPO MILITAR,2
49141504,ALMOHADILLA LATERAL PARA CASCO,2
49141506,TRAJE ISOTERMICO PARA BUCEO DE NEOPRENO DE 16 mm,2
49141606,LENTES DE SILICONA PARA NATACION,2
49161608,PELOTA DE PLASTICO PARA VOLEIBOL Nº 5,2
49201503,BICICLETA ESTACIONARIA MECANICA,2
49201516,EQUIPO DE GIMNASIO MULTIUSOS,2
49201602,DISCO DE METAL PARA LEVANTAMIENTO DE PESAS DE 5 kg APROX.,2
49221502,ARCO DE DE METAL CON TABLERO DE BASQUET PARA FULBITO,2
49221507,CASTILLO GRADUABLE DE METAL CON TABLERO DE VIDRIO PARA BALONCESTO,2
49241712,"Químicos para piscinas, spas o piscinas de hidromasajes",2
50111549,CARNE DE ALPACA,2
50151515,LECHE DE SOYA,2
50171548,EUCALIPTO,2
50171550,PIMIENTA MOLIDA NEGRA,2
50171707,VINAGRE DE VINO TINTO,2
50192901,FIDEO SURTIDO PARA SOPA X 10 kg,2
50201713,TE FILTRANTE,2
50202206,PISCO QUEBRANTA,2
50202305,JUGO DE FRUTAS,2
50202310,AGUA MINERAL SIN GAS X 7 L APROX.,2
50221202,MODULO PROTEICO DE ALTO VALOR BIOLOGICO 250 g,2
50301518,MANZANA DELICIA,2
50301526,MANZANA CHILENA ROJA,2
50301597,MANZANA ISRAEL,2
50301718,PLATANO DE  ISLA,2
50304202,LIMON,2
50304503,MANGO CRIOLLO (AL PESO),2
50304611,MELON,2
50305301,DURAZNO,2
50305309,DURAZNO CATEGORIA EXTRA,2
50305401,PERA DE AGUA (AL PESO),2
50327035,GUANABANA,2
50401847,VAINITA CALIDAD PRIMERA,2
50402001,BROCOLI,2
50402601,COLIFLOR,2
50403201,CHOCLO ENTERO,2
50405320,CEBOLLA BLANCA (AL PESO),2
50405706,PAPA NATIVA AMARILLA VARIEDAD AMBO,2
50405708,PAPA HUAMANTANGA,2
50405709,PAPA HUAYRO CALIDAD PRIMERA,2
50405710,PAPA PERUANITA CALIDAD PRIMERA,2
50421828,FRIJOL ZARANDAJA,2
50434003,ALVERJA SECA ENTERA,2
51101546,NORFLOXACINO 400 mg TAB,2
51101555,AZTREONAM 1 g INY,2
51101818,TERBINAFINA 250 mg TAB,2
51101910,CLOROQUINA 150 mg TAB,2
51102310,LAMIVUDINA 150 mg TAB,2
51102346,LAMIVUDINA + NEVIRAPINA + ZIDOVUDINA 150 mg + 200 mg + 300 mg TAB,2
51102819,BETAMETASONA + CLOTRIMAZOL + GENTAMICINA 50 mg + 1 g + 100 mg/100 g CRM 20 g,2
51111507,CICLOFOSFAMIDA 1 g INY,2
51111509,IFOSFAMIDA 1 g INY,2
51111665,TIOGUANINA 40 mg TAB,2
51111729,TRIOXIDO DE ARSENICO 1 mg (1 mL) INYECTABLE 10 mL,2
51111746,IPILIMUMAB 5 mg/mL SOL INY PARA INFUSION,2
51111821,TAMOXIFENO (COMO CITRATO) 20 mg TAB,2
51111828,CIPROTERONA 50 mg TAB,2
51111865,RALOXIFENO 60 mg TAB,2
51112001,CAPECITABINA 150 mg TAB,2
51121555,GLIMEPIRIDA 4 mg TAB,2
51121758,NITROPRUSIATO DE SODIO 50 mg INY,2
51121764,QUINAPRIL 20 mg TAB,2
51124503,GLIMEPIRIDA 2 mg TAB,2
51131642,ILOPROST 10 mcg/mL INY,2
51131907,COMPLEJO PROTROMBINICO HUMANO INY,2
51132001,PENTOXIFILINA 400 mg TAB LIB PRO,2
51141566,SULFATO DE MAGNESIO 10 % (EQUIVALENTE A 0.8 mEq/mL de mg)  X 10 mL,2
51141605,PAROXETINA 20 mg TAB,2
51142001,PARACETAMOL 120 mg/5 mL JBE  60 mL,2
51142227,OXICODONA 5 mg TAB,2
51142403,ERGOTAMINA TARTRATO + CAFEINA 1 mg + 100 mg TAB,2
51142504,SELEGILINA 5 mg TAB,2
51143104,BISMUTO SUBSALICILATO 87.33 mg/5 mL SUS 100 mL,2
51151510,GALANTAMINA 8 mg TAB,2
51151599,FENOTEROL 5 mg/mL SOL INH 20 mL,2
51151642,FLAVOXATO 200 mg TAB,2
51151748,"NAFAZOLINA 0,1% SOL OFT 15 mL",2
51151812,PROPRANOLOL CLORHIDRATO 40 mg TAB,2
51151817,TAMSULOSINA 400 ug (0.4 mg) TAB,2
51151906,ISOXSUPRINA 10 mg INY 2 mL,2
51161638,KETOTIFENO 1 mg TAB.,2
51162617,CLOPERASTINA 10 mg/5 mL JBE 120 mL,2
51162626,DEXTROMETORFANO BROMHIDRATO 15 mg/5 mL JBE 100 mL,2
51171973,ALGLUCOSIDASA ALFA 5 mg POLVO CONCENTRADO SOL PARA PERFUSION,2
51172202,PREPARADO FOSFORICO MINERAL INY 100 mL,2
51172303,DIMERCAPROL 50 mg/mL INY 2 mL,2
51172412,ALUMINIO HIDROXIDO + DIMETICONA 20 mg + 40 mg TAB,2
51173007,TRIBENOSIDO + LIDOCAINA 5 g + 2 g/100  g CRM 30 g CON APLICADOR RECTAL,2
51181517,METFORMINA CLORHIDRATO 850 mg TAB,2
51181570,SITAGLIPTINA 100 mg TAB,2
51181805,LEVONORGESTREL 1.5 mg TAB,2
51181902,DANAZOL 200 mg TAB,2
51181912,FOLICULO ESTIMULANTE HORMONA 150 UI INY,2
51182417,RISEDRONATO SODICO 35 mg TAB,2
51182423,ACIDO IBANDRONICO 2 mg/2mL INY 2 mL,2
51183001,OCTREOTIDE ACETATO DE LIBERACION LENTA 20 mg AMPOLLA,2
51191555,MONONITRATO DE ISOSORBIDA 40 mg TAB,2
51191902,AMINOACIDOS PARA INSUFICIENCIA RENAL INY 500 mL,2
51191913,ACITRETINA 25 mg TAB.,2
51192429,CALCIO CARBONATO + COLECALCIFEROL 1.25 g + 400 UI TAB,2
51201540,ETANERCEPT 25 mg INY,2
51201615,VACUNA ANTINEUMOCOCICA CONJUGADA 13-VALENTE INY 1 DOSIS,2
51201625,VACUNA ANTIAMARILICA 1000 DL/0.5 mL INY 1 DOSIS,2
51201705,VACUNA CONTRA ENFERMEDAD DE NEWCASTLE LIOFILIZADA X 1000 DOSIS,2
51201811,TALIDOMIDA 100 mg TAB,2
51202409,INFLIXIMAB 100 mg INY 10 mL,2
51212504,GADOPENTETATO MEGLUMINA 469 mg/mL INY 15 mL,2
51241104,BRINZOLAMIDA + TIMOLOL 10 mg + 5 mg/mL SUS OFT 5 mL,2
51241121,"ALCOHOL POLIVINILICO 1,4% SOL OFT 15 mL",2
51281702,AMOXICILINA 1 g TAB,2
51281801,IDARUBICINA 5 mg INY,2
51282909,CIPROFLOXACINO 200 mg INY 10 mL,2
51283002,CLINDAMICINA 100 mg OVU,2
51283101,ANIDULAFUNGINA 100 mg INY,2
51283104,COLISTINA 150 mg INY,2
51283401,BENZATINA BENCILPENICILINA 2400000 UI INY,2
51284108,CEFTAZIDIMA 500 mg INY,2
51284901,SULFAMETOXAZOL + TRIMETOPRIMA 400 mg + 80 mg INY 5 mL,2
51292205,MOSAPRIDA 5 mg TAB,2
51302313,ECONAZOL 1 g/100 g CRM 30 g,2
51302401,AMFOTERICINA B 50 mg INY,2
51302502,TERBINAFINA 250 mg TAB,2
51311701,MECLOZINA CLORHIDRATO 25 mg TAB,2
51312103,OLOPATADINA 2 mg/mL SOL OFT 5 mL,2
51313401,CLORFENAMINA 2 mg/5ml JBE 60 mL,2
51333701,CITICOLINA 1 g TAB,2
51352413,ETINILESTRADIOL + LEVONORGESTREL 30 mcg + 150 mcg BLISTER 21 TAB + 7  Tab CON SUSTANCIA SIN EFECTO TERAPEUTICO,2
51381904,OXOLAMINA 50 mg/5 mL JBE 100 mL,2
51381905,PARECOXIB 40 mg INY 2 mL,2
51383504,KETOROLACO 60 mg INY 2 mL,2
51383507,INDOMETACINA 25 mg TAB,2
51383905,"CLONIXINATO DE LISINA + VITAMINA B1, B6, B12 100 mg AMPOLLA 4 mL",2
51391602,AMINOFILINA 25 mg/mL INY 10 mL,2
51412004,CILOSTAZOL 100 mg TAB,2
51413204,SILDENAFILO 100 mg TAB,2
51421503,LOTEPREDNOL 5 mg/mL SUS OFT  5 mL,2
51422202,FLUOROMETOLONA 1 mg/mL SUS OFT 5 mL,2
51422303,BETAMETASONA 50 mg/100 g CRM 30 g,2
51422408,DEFLAZACORT 30 mg TAB,2
51433804,LEVOSIMENDAN 12.5 mg/ mL INY 5 mL,2
51434901,AMLODIPINO BESILATO + VALSARTAN 13.87 mg + 160 mg TAB,2
51441579,IOVERSOL 320 mg/mL INY 100 mL,2
51461602,CONDROITINA SULFATO SODICO + GLUCOSAMINA SULFATO 1.2 g + 1.5 g PLV 4.135 g,2
51473104,"NITROFURAL 200 mg/100 g (0,2 %) POM 500 g",2
51473502,NITRATO DE PLATA 10 mg/mL SOL 15 mL,2
52121505,ALMOHADA DE FIBRA DE POLIESTER DE 45 cm X 65 cm APROX. CON FORRO DE ALGODON Y POLIESTER ANTIALERGICA,2
52121701,TOALLA DE FELPA DE BAÑO,2
52131501,CORTINA ROLLER SCREEN DE 1.25 m X 2.53 m APROX.,2
52141502,HORNO DOMESTICO ELECTRICO MICOONDAS DE 32 l PARA ALIMETOS,2
52141524,LICUADORA ELECTRICA DOMESTICA DE 3 VELOCIDADES,2
52141526,CONTRATACION PARA LA ADQUISICION DE CAFETERIA MOVIL CON EQUIPAMIENTO Y ACONDICIONAMIENTO PARA EL PLAN DE NEGOCIO DENOMINADO: MEJORAMIENTO DEL AREA DE CONTROL DE CALIDAD Y COMERCIALIZACION DE DERIVADOS DE CAFÉ A TRAVES DE UN PUNTO DE VENTA MOVIL D,2
52141540,MAQUINA EMPACADORA AL VACIO PARA QUESO,2
52141546,CAMPANA EXTRACTORA METALICA DE 400 W DE 1050 m3/h DE 100 cm X 100 cm,2
52141708,MAQUINA PLANCHADORA INDUSTRIAL,2
52151504,VASO DESCARTABLE DE FECULA DE MAIZ DE 354.88 ml APROX. CON TAPA,2
52151604,COLADOR DE ACERO INOXIDABLE DE 36 cm,2
52151619,MAQUINA DIVISORA - CORTADORA DE MASA,2
52151704,CUCHARA DE ACERO INOXIDABLE,2
52151811,PLANCHA DE FIERRO FUNDIDO DE 1/2 in X 35 cm X 72 cm PARA COCINA,2
52152018,LONCHERA DE TELA,2
52152019,JUEGO DE UTENSILIOS DE COCINA DE ACERO INOXIDABLE X 2 PIEZAS,2
52161509,EQUIPO DE SONIDO TIPO MINICOMPONENTE,2
52161512,PARLANTE DE 2000 W,2
52161514,AUDIFONO CON MICROFONO,2
52161533,MEGAFONO,2
53101604,BLUSA DE POLIESTER Y ELASTANO CREPPE DE 116 g/m2 APROX. CUELLO CAMISERO MANGA LARGA PARA DAMA,2
53101805,ABRIGO DE POLIESTER POLAR DE 240 g/m2 APROX. ANTIPILLING MANGA LARGA CON CAPUCHA PARA BEBE,2
53101905,"CONJUNTO PARA BEBE (CHAQUETA, GORRO, PANTALON)",2
53102002,FALDA DE LANILLA PARA DAMA,2
53102204,TRAJE TIPICO DE MARINERA,2
53102309,PROTESIS MAMARIA DE GEL POLIMERO EXTERNA,2
53102518,PENACHO DE PLUMAS PARA KEPI,2
53102717,UNIFORME DEPORTIVO PARA CABALLERO,2
53102802,ROPA DE BAÑO DE LYCRA TIPO ENTERIZO PARA DAMA,2
53111603,ZAPATO DE CUERO PARA NIÑO,2
53111801,SANDALIA DE JEBE PARA CABALLERO,2
53121502,JUEGO DE MALETIN DE POLIESTER PARA VIAJE,2
53121605,CARTUCHERA DE KODRA,2
53121706,MALETIN DE ALGODON Y NAILON PARA COMPUTADORA PORTATIL,2
53131502,CREMA DENTAL PARA NIÑOS X 90 g,2
53131613,CREMA HIDRATANTE FACIAL,2
53131627,JABON DESENGRASANTE LIQUIDO PARA MANOS,2
53131634,REPELENTE DE INSECTOS PARA PIEL X 100 mL,2
54101703,LAMINADORA AUTOMATICA DE CHAPAS Y FLEJES PRECIOSOS,2
55101516,LIBRO CERRAJERIA,2
55101522,GLOBO TERRAQUEO,2
55121503,IDENTIFICADOR DE MALETA DE LANA TIPO POMPON,2
55121731,TRIANGULO DE SEGURIDAD,2
55121908,SOPORTE EXPOSITOR DE CARTELES - BANNER STANDS,2
56101509,ALACENA DE MELAMINA,2
56101514,TABURETE FIJO DE METAL,2
56101518,RACK DE METAL PARA TELEVISOR,2
56101528,PASTO ARTIFICIAL DECORATIVO,2
56101702,PLANOTECA DE MELAMINA,2
56101706,MESA DE REUNIONES,2
56101713,ESCRITORIO DE MELAMINA EN FORMA DE L SIN GAVETA,2
56111701,Escritorio no modular o muebles organizadores,2
56111907,CARRO TRANSPORTADOR DE POLIETILENO PARA MATERIALES DE LIMPIEZA,2
56112002,MODULO DE MELAMINA PARA COMPUTADORA,2
56141503,JARDINERA MACETERO DE CERAMICA,2
56141703,ESTATUA DE BRONCE,2
60102606,JUEGO DE BLOQUES LÓGICOS CON TEXTURA X 4 PIEZAS DE FIGURAS GEOMETRICAS,2
60102611,JUEGO DIDACTICO DE BLOQUES LOGICOS DE PLASTICO X 48 PIEZAS,2
60102714,TANGRAMA DE MADERA,2
60102910,ADORNO ALCANCIA DE CERDO DE CERAMICA,2
60104204,Suministros de ecología de agua,2
60104810,ANALIZADOR DE ALEACIONES CON ESPECTROSCOPIO LASER DE 625 nm PORTATIL,2
60104904,Kits de electricidad,2
60106104,MODULO DIDACTICO DE ELECTRICIDAD-ELECTRONICA,2
60106213,MODULO DIDACTICO DE ELEMENTOS DE ELECTRO NEUMATICA,2
60121005,LAMINA DE SEGURIDAD MEMBRETADA PARA BREVETES DE 11 cm X 60 m,2
60121133,PAPEL DE SEGURIDAD DE 29.7 cm X 21 cm,2
60121201,TEMPERA X 30 mL APROX. X 7,2
60122005,TELAR CIRCULAR PARA TEJIDO DE PUNTO,2
60122701,Medios o pinturas para esmaltado,2
60124304,HORNO PARA COCCION DE YESO,2
60124515,JUEGO DE ESTIMULACION TEMPRANA PARA NIÑOS MENORES DE 3 AÑOS X 63 PIEZAS,2
60131104,SAXOFON ALTO EN MI BEMOL,2
60131405,BOMBO,2
60131510,LIMPIADOR DE CLARINETE,2
60141102,AJEDREZ CON TABLERO DE MADERA,2
60141105,ROMPECABEZAS  DE MADERA X 10 PIEZAS,2
60141201,CIRCUITO DE PSICOMOTRICIDAD DE ESPUMA DE ALTA DENSIDAD X 8 PIEZAS,2
60141306,AUTOMOVIL DE JUGUETE,2
60141401,DISFRAZ DE ALIMENTOS,2
60999999,JUGUETE DE PLASTICO INTERACTIVO MUSICAL CON MOVIMIENTO PROPIO CANCIONES Y LUZ  PARA ESTIMULACION TEMPRANA,2
70111707,Servicios de mantenimiento del césped en carretera,2
70121604,SERVICIO DE MANEJO Y SANIDAD PECUARIA,2
70122007,SERVICIO DE ATENCIONES DE MEDICINA VETERINARIA,2
70131701,SERVICIO DE ELABORACION DE ESTUDIO DE DISTRIBUCION DE AREAS DE CULTIVO,2
70141605,SERVICIO DE TRATAMIENTOS ESPECIFICOS,2
70142003,SERVICIO DE PREPARACION DE TERRENO PARA PLANTACION DE ARBOLES,2
70171507,SERVICIO DE EXTRACCION Y USO DE AGUAS SUBTERRANEAS,2
70171704,Servicios de gestión o mantenimiento de estaciones de bombeo,2
70171706,SERVICIO DE DIQUEO DE EMBARCACIONES,2
71101502,SERVICIO DE EXTRACCION DE TESTIGOS DE DIAMANTINA,2
71101710,Servicio de arrendamiento o alquiler de maquinaría de mina,2
71112108,SERVICIO DE CALIBRACION DE ANALIZADOR DE CAMPO ELECTROMAGNETICO DE ALTA FRECUENCIA,2
71121504,SERVICIO DE CALCULO DE CAPACIDAD DE TANQUE DE PETROLEO,2
71121809,SERVICIO DE INSTALACION DE SISTEMA DE AUTOMATIZACION DE TANQUE DE PETROLEO DE CALDERO,2
71122504,SERVICIO DE ANALISIS DE MUESTRAS PARA EL CONTROL DE CALIDAD DE HIDROCARBUROS,2
71122711,REVESTIMIENTO TERMICO Y ACABADO METALICO,2
72101505,SERVICIO DE CERRAJERIA,2
72102106,Control de roedores,2
72111001,SERVICIO DE RESTAURACION DE BIENES INMUEBLES,2
72111101,CONSTRUCCION DE DEPARTAMENTOS,2
72141108,SERVICIO DE MANTENIMIENTO DE TUNELES,2
72141603,"SERVICIO DE CONSULTORIA P/ELAB.MANUAL DE DISEÑO, CONSTRUCCION Y MANTENIMIENTO DE VIAS FERREAS",2
72151205,SERVICIO DE ACONDICIONAMIENTO Y REHABILITACION DE MINI-CAMARAS DE REFRIGERACION,2
72151304,SERVICIO DE PINTADO DE AERONAVE,2
72151401,SERVICIO DE MANTENIMIENTO DE ZOCALOS Y CONTRAZOCALOS DE PORCELANATO,2
72151402,SERVICIO DE INSTALACION DE PORCELANATO EN PARED,2
72151504,SERVICIO DE MANTENIMIENTO PREVENTIVO DE ESTABILIZADORES DE ENERGIA ELECTRICA,2
72151607,SERVICIO DE CANALIZACION PARA LINEAS DE TELECOMUNICACIONES,2
72151609,SERVICIO ESPECIALIZADO DE TOMA DE IMAGENES SATELITAL Y PROCESAMIENTO DIGITAL,2
72151904,SERVICIO DE CONSTRUCCION O MANTENIMIENTO DE CHIMENEAS,2
72151905,SERVICIO DE DISEÑO DE MEZCLA,2
72152104,SERVICIO DE INSTALACION DE LAMINAS DE PROTECCION SOLAR EN EDIFICACIONES,2
72152203,SERVICIO DE INSTALACION DE TERRAZO PULIDO,2
72152402,SERVICIO DE DESMONTAJE E INSTALACION DE VENTANAS,2
72153104,CONSTRUCCION DE BAÑOS TERMALES,2
72153402,SERVICIO DE MANTENIMIENTO DE ANDAMIOS DE METAL,2
72153603,SERVICIO DE INSTALACION DE PROTECTOR DE ACERO INOXIDABLE PARA MESA DE NUTRICION,2
72153608,SERVICIO DE INSTALACION DE PERSIANAS,2
72154021,SERVICIO DE INSTALACION DE LAMINA DE SEGURIDAD EN VIDRIOS DE PUERTAS Y VENTANAS DE EDIFICACIONES,2
72154025,ELABORACION DE EXPEDIENTE TECNICO RELACIONADO CON EL SISTEMA DE BOMBEO DE REFINERIA,2
72154065,SERVICIO DE MANTENIMIENTO PREVENTIVO  DE FOTOCOPIADORA,2
72154105,SERVICIO DE INSTALACION DE VALVULAS REDUCTORAS DE PRESION PARA REDES DE AGUA POTABLE,2
72154604,SERVICIO DE MANTENIMIENTO CORRECTIVO DE ACUARIOS,2
73131507,SERVICIO DE MOLIDO DE CAFE,2
73141704,SERVICIO DE MANTENIMIENTO CORRECTIVO DE ALFOMBRAS Y TAPIZONES,2
73151506,SERVICIO DE ENSAMBLAJE DE GENERADOR,2
73152113,SERVICIO DE MANTENIMIENTO PREVENTIVO DE EQUIPO DE VENTILACION FORZADA,2
73161505,SERVICIO DE FABRICACION DE PIÑONES,2
73171511,SERVICIO DE MANTENIMIENTO CORRECTIVO DE ELECTROVALVULA,2
73171601,SERVICIO DE INSTALACION DE VALVULAS PARA RECIPIENTE VOLUMETRICO,2
73171605,SERVICIO DE FABRICACION E INSTALACION DE EQUIPO DE FERMENTACION,2
73181014,SERVICIO DE REPULIDO DE PISO DE GRANITO BLANCO,2
73999999,SERVICIO DE MOLIENDA DE HOJA DE COCA,2
76111503,SERVICIO DE MANTENIMIENTO CORRECTIVO DEL SISTEMA DE ILUMINACION DE AUDITORIO,2
76121602,"OPERACION RELLENO SANITARIO, INDUST, POZO SEPTICO",2
76122304,SERVICIO ESPECIALIZADO EN GESTION DE RESIDUOS SOLIDOS,2
77101702,SERVICIO DE EVALUACION DE IMPLEMENTACION DE PROYECTOS FINANCIADOS CON EL FONDO MI RIEGO SIERRA AZUL,2
77101803,SERVICIO DE SUPERVISION AMBIENTAL Y SOCIAL DE PROYECTO DE LINEA FERREA,2
77131601,SERVICIO DE MONITOREO DE RUIDO OCUPACIONAL,2
77131604,SERVICIO DE ELABORACION DE ESTUDIOS DE EVALUACION DE NIVELES DE RUIDO AMBIENTAL,2
78121502,SERVICIO DE EMBALAJE DE EQUIPO MEDICO,2
78181503,SERVICIO DE RECTIFICADO DE MOTOR DE VEHICULO,2
80101501,CONSULTORIA PARA ELABORACION DE AGENDA PARA MISION COMERCIAL,2
80101502,SERVICIO DE TEMAS DE ASOCIACION PUBLICO PRIVADA,2
80101704,SERVICIO DE ANALISIS DE CONTROL DE CALIDAD,2
80111608,SERVICIO DE DESARROLLO E IMPLEMENTACION DE SOFTWARE,2
80111613,SERVICIO DE MANO DE OBRA EN GENERAL,2
80111719,SERVICIO DE EXAMEN FISICO Y PSICOLOGICO PARA CONDUCTORES,2
80141612,SERVICIO DE MARKETING PARA PROMOCION Y DESARROLLO DE ACTIVIDADES INSTITUCIONALES,2
80151504,SERVICIO DE PROMOCION SOCIAL EN TEMAS DE INFRAESTRUCTURA,2
80151601,SERVICIO DE ASESORIA EN EXPORTACIONES,2
80161601,SERVICIO DE VERIFICACION DE PREDIOS,2
80171503,SERVICIO DE CONSULTORIA EN ELABORACION DE LINEAMIENTOS DE PROGRAMAS DE RIEGO,2
80171504,SERVICIO DE EVALUACION DE IMAGEN INSTITUCIONAL,2
80171605,SERVICIO DE DESCRIPCION DE NOTICIAS INSTITUCIONALES EN LOS MEDIOS,2
80171701,SERVICIO DE ESTUDIO DE PERCEPCIONES DE IMAGEN INSTITUCIONAL,2
80171702,SERVICIO DE DESARROLLO DE LA IDENTIDAD DE MARCA,2
80171903,SERVICIO DE CONSULTORIA EN COMUNICACIONES Y RELACIONES PUBLICAS,2
81101520,SERVICIO DE EVALUACION Y MONITOREO HIDROLOGICO,2
81101601,SERVICIO DE ASESORIA EN INGENIERIA MECANICA,2
81101606,SERVICIO DE ELABORACION DE EXPEDIENTE TECNICO RELACIONADO CON EMPUJADORES FLUVIALES,2
81101802,SUPERVISION DE OBRA RELACIONADO CON LAGUNAS DE OXIDACION,2
81102202,SERVICIO DE IDENTIFICACION Y DELIMITACION DE ZONA DE ESTUDIO DE SECTORES URBANOS,2
81111503,SERVICIO DE CONSULTORIA ADECUACION SISTEMAS EN ECONOMIA Y FINANZAS,2
81111506,SERVICIO DE MIGRACION DE SISTEMA OPERATIVO,2
81111808,SERVICIO ANALISIS DE SISTEMAS,2
81111820,SERVICIO DE PRUEBA DE USO DE SISTEMA INFORMATICO,2
81112104,SERVICIO DE CERTIFICACION DIGITAL PARA PAGINA WEB,2
81112207,SERVICIO DE MANTENIMIENTO CORRECTIVO DE RADIOENLACE DE DATOS,2
81112209,SERVICIO DE MANTENIMIENTO EVOLUTIVO DE SERVICIOS MOVILES SOBRE UNA APP,2
81112218,Mantenimiento de software de aplicaciones de redes,2
81121505,SERVICIO DE ELABORACION DE INFORME NACIONAL DE TRANSPARENCIA EN LAS INDUSTRIAS EXTRACTIVAS- EITI PERU,2
81141606,SERVICIO DE ELABORACION DE ESTUDIO DE RACIONALIZACION DE RUTAS DE TRANSPORTE PUBLICO,2
81141901,SERVICIO DE COMPILACION INFORMATIVA SOBRE NEGOCIOS PRODUCTIVOS,2
82111501,SERVICIO DE CONSULTORIA  PARA DESARROLLO DEL MARCO CONCEPTUAL E INSTRUMENTOS METODOLOGICOS,2
82111601,SERVICIO DE REDACCION DE DOCUMENTOS,2
82111802,SERVICIO DE VERIFICACION DE ORDENES DE TRABAJO DE CONTRATOS DE MANTENIMIENTO DE INFRAESTRUCTURA,2
82111803,SERVICIO DE REVISION Y CORRECCION DE TEXTOS,2
82121508,SERVICIO DE EMPAQUETADO Y ETIQUETADO DE MATERIAL PROMOCIONAL,2
82121510,SERVICIO DE ESTAMPADO DE POLOS,2
82121511,Impresión de hojas de instrucciones o manuales técnicos,2
82141503,"SERVICIO DE IMPRESION, FOTOCOPIADO Y ESCANEO DE DOCUMENTOS",2
82151505,SERVICIOS DE CERAMICA,2
83101503,SERVICIO DE ANALISIS FISICO QUIMICO DE AGUA,2
83101599,Servicios de abastecimiento de agua y alcantarillado,2
83101604,SERVICIO DE INSTALACION DE RED DE DISTRIBUCION DE GAS LICUADO DE PETROLEO,2
83111605,SERVICIO DE ALQUILER DE SEGMENTO SATELITAL,2
83112402,SERVICIO DE ACCESOS PRIMARIOS RDSI,2
83121605,SERVICIO DE RECUPERACION ANTE DESASTRES PARA LOS SERVICIOS E INFORMACION CRITICA,2
83121701,SERVICIOS TELEVISIVOS - PROGRAMAS OFICIALES,2
84131508,SEGURO CONTRA ROBO,2
84131701,CONSULTORIA DE ELABORACION DE DIAGNOSTICO SITUACIONAL DEL SISTEMA PRIVADO DE PENSIONES,2
85101640,SERVICIO DE ATENCION A PACIENTES EN MEDICINA GENERAL DE FORMA AMBULATORIA,2
85111608,Servicios de control o prevención de enfermedades nutricionales,2
85121501,SERVICIO DE ATENCION AMBULATORIA,2
85121602,SERVICIO DE TRATAMIENTO DE LITOTRIPSIA EXTRACORPOREA E INTRATRACORPOREA,2
85151601,SERVICIOS ESPECIALIZADOS EN NUTRICION,2
86101509,Servicios de capacitación profesional en recursos naturales,2
86101606,CURSO DE MANTENIMIENTO DE GRUPOS ELECTROGENOS,2
86101701,TALLER DE COMUNICACION EFECTIVA,2
86101706,CAPACITACION EN ADMINISTRACION DE SERVICIOS DE SALUD,2
86101712,TALLER DE CARPINTERIA,2
86101713,CURSO EN TEMAS DE DEFENSA NACIONAL,2
86101806,CURSO DE ACTUALIZACION EN SALUD Y MEDIO AMBIENTE,2
86111505,SERVICIO DE SUPERVISION DE EVALUACION VIRTUAL O REMOTA,2
86111602,TALLER DE COCINA Y REPOSTERIA,2
90101603,Servicios de reparto de comidas y bebidas,2
90101802,Servicios de entrega de comidas,2
90141703,SERVICIO DE ENSEÑANZA DE TAI CHI,2
92111801,CONSULTORIA PARA LA ELABORACION DE PLAN DE DEFENSA CIVIL,2
93121503,SERVICIO DE SEGURIDAD Y CUSTODIA A DIGNATARIOS,2
93121704,SERVICIO DE SECRETARIADO BILINGÜE,2
93131607,Servicios de distribución de alimentos,2
93131801,SERVICIO DE INSPECCION Y EVALUACION DE LAS ZONAS Y/O AREAS DE EXPANSION,2
93141501,SERVICIO DE ELABORACION DE LINEA BASE SOCIAL,2
93141507,SERVICIO DE MAPEO DE ACTORES EN COMUNICACION SOCIAL,2
93141601,SERVICIO DE CENSO FORESTAL,2
93141602,SERVICIO DE ANALISIS DE DATOS CUANTITATIVOS DE EVALUACION CENSAL,2
93141712,SERVICIO DE REGISTRO DE PROPIEDAD INTELECTUAL,2
93151504,CONSULTORIA DE PROPUESTA DE MEJORA EN GESTION DOCUMENTARIA Y ARCHIVO,2
93151509,CONSULTORIA EN CONTRATACIONES Y ADQUISICIONES,2
93151510,SERVICIO DE SISTEMATIZACION DEL CALCULO DEL VALOR NUEVO DE REEMPLAZO (VNR) Y COSTO DE OPERACION Y MANTENIMIENTO (COYM) DEL SISTEMA PRINCIPAL DE TRANSMISION (SPT) PARA FIJACION DE TARIFA DE ENERGIA ELECTRICA,2
93151511,SERVICIO DE IMPLEMENTACION DE NORMA TECNICA PERUANA ISO/IEC 27001,2
93151517,INSCRIPCION REGISTRO SANITARIO,2
93151602,"REGISTRO DE LA FASE DEVENGADO MENDIANTE LOS SISTEMAS SIGA, SIAF- SP",2
94101606,Asociaciones de abogados,2
94121514,SERVICIO DE PROMOCION DE CLUB DEPORTIVO,2
94131503,SERVICIO DE TECNICO AGROPECUARIO,2
95111503,Carreteras de acceso,2
10101506,GANADO EQUINO,1
10101508,CAPRINO RAZA BOER,1
10101511,GANADO PORCINO,1
10101602,PATO,1
10101703,PEZ TILAPIA,1
10101906,INSECTO CHRYSOPERLA CARNEA,1
10111305,KETOPROFENO 100 mg/mL INY 100 mL,1
10122199,PESCADO TRUCHA (ALIMENTO PARA ANIMALES),1
10141501,SILLA DE MONTAR DE CUERO LABRADO PARA CABALLO,1
10141605,ACIONES DE NAILON 25 cm PARA CABALLO,1
10141606,CINCHA DE CUERO PARA CABALLO,1
10141608,CHALECO DE LONA PARA PERRO DE RAZA GRANDE,1
10151512,SEMILLA DE LECHUGA - LACTUCA SATIVA,1
10151515,SEMILLA DE CEBOLLA AMARILLA - ALLIUM CEPA L.,1
10151517,SEMILLA DE ESPINACA - SPINACIA OLERACEAE,1
10151520,SEMILLA DE ACELGA - BETA VULGARIS VARIEDAD CICLA,1
10151526,SEMILLA DE REPOLLO - BRASSICA OLERACEA VARIEDAD SABELLICA,1
10151535,SEMILLA DE MANI - ARACHIS HYPOGAEA L. VARIEDAD INIAP 380,1
10151539,SEMILLA DE HABA - VICIA FABA (AL PESO),1
10151601,SEMILLA DE TRIGO - TRITICUM SPP. CULTIVAR ANDINO INIA,1
10151815,SEMILLA DE KUDZU TROPICAL - PUERARIA PHASEOLOIDES (AL PESO),1
10151903,PLANTA BUGANVILLA - BOUGAINVILLEA SPP,1
10151904,SEMILLA DE GIRASOL - HELIANTHUS ANNUUS,1
10151921,SEMILLA DE ALHELI AMARILLO - CHEIRANTHUS CHEIRI X 50 g,1
10152006,SEMILLA DE PINO - PINUS TECUNUMANII (AL PESO),1
10152012,PLANTA ARBOL CEIBO - ERYTHRINA CRISTA GALLI,1
10152033,SEMILLA DE CAOBA - SWIETENIA MACROPHYLLA,1
10152041,SEMILLA DE SHAINA - COLUBRINA GLANDULOSA,1
10152053,SEMILLA DE MOENA - ANIBA SP NECTANDRA SP OCOTEA SP,1
10152054,CASCARA DE CACAO,1
10152302,SEMILLA DE SOYA - GLYCINE MAX L CULTIVAR SFBCR 101,1
10152405,SEMILLA DE RABANITO - RAPHANUS RAPHANISTRUM SUBSP. SATIVUS,1
10161504,ARBOL DE MANZANO - MALUS DOMESTICA BORKH,1
10161507,ARBOL DE BOUGANVILLA - BOUGAINVILLEA GLABRA,1
10161516,ARBOL DE EUCALIPTO COSTEÑO - EUCALYPTUS CAMALDULENSIS,1
10161521,ARBOL DE HUARANHUAY - TECOMA STANS,1
10161524,ARBOL DE FICUS - FICUS AUREA,1
10161536,ARBOL DE SAUCE - SALIX HUMBOLDTIANA,1
10161540,ARBOL MOLLE COSTEÑO - SCHINUS MOLLE,1
10161541,PLANTON DE MOLLE - SCHINUS MOLLE,1
10161542,ARBOL DE MOENA AMARILLA - NECTANDRA SP.,1
10161544,PLANTON DE ACACIA - ACACIA NILOTICA,1
10161568,ARBUSTO CUCARDA - HIBISCUS ROSA SINENSIS,1
10161616,PLANTA DE FLOR BEGONIA - BEGONIA SEMPERFLORENS,1
10161634,PLANTA LANTANA MIX - LANTANA CAMARA,1
10161635,PLANTA DE FLOR LAUREL ENANO - NERIUM OLEANDER,1
10161805,PLANTON DE VID - VITIS VINIFERA (INJERTO),1
10161814,PLANTA CROTON - CODIAEUM VARIEGATUM,1
10161819,PLANTA DE OREJA DE ELEFANTE - ALOCASIA MACRORRHIZA,1
10161825,PLANTA DE STEVIA - STEVIA REBAUDIANA,1
10161899,PLANTA DE CINTA DE NOVIA - CHLOROPHYTUM COMOSUM,1
10171701,HERBICIDA AGRICOLA GLIFOSATO AL 480 g/l CONCENTRADO SOLUBLE (SL),1
10191506,RODENTICIDA QUIMICO EN BLOQUE,1
10191510,ABAMECTINA AL 1.8% CONCENTRADO EMULSIONABLE (EC),1
10201517,PLANTA DE ROSAL - ROSA SPP,1
10217824,PLANTA DE FLOR GERANIO - PELARGONIUM PELTATUM BLANCO,1
10226025,HIJUELOS DE CABUYA - FURCRAEA ANDINA,1
10231607,PLANTA DE FLOR MARGARITA AMARILLA - CRHYSANTEMUN FRUTESCENS,1
10314005,RIZOMA DE GINGER - ALPINIA PURPURATA,1
10315484,PLANTA DE FLOR AZUCENA - LILIUM SPP,1
10325004,PLANTA DE FLOR MARIGOLD - TAGETES ERECTA,1
10342201,RAMO DE FLORES VARIADAS,1
11101512,BORATO DOBLE DE SODIO Y CALCIO (ULEXITA),1
11121606,CORCHO NATURAL PARA BOTELLA DE VINO,1
11121617,"MADERA ROBLE DE 1"" X 8"" X 10""",1
11122002,TABLERO AGLOMERADO DE MADERA DE ALTA DENSIDAD DE 4 mm X 2.14 m X 2.44 m,1
11151601,HILO DE ALGODON DE 150/1 Ne,1
11151603,HILO DE POLIESTER 40/2 X 5000 yd COLOR AMARILLO,1
11151714,LANA DE VIDRIO,1
11151715,TELA CRETONA X 1.60 m DE ANCHO,1
11161503,TELA POLISEDA X 1.50 m DE ANCHO X 60 m,1
11161701,"TELA NIDO DE ABEJA BLANCO DE 1,60 m ANCHO, 100% ALGODON, 260 g/m2",1
11161705,TELA FELPA X 80 cm DE ANCHO,1
11162114,CINTA DE NAILON DE 3.50 cm,1
11162116,TELA BRAMANTE CRUDO X 1.60 m DE ANCHO,1
12131501,"DINAMITA SEMIGELATINOSA 65% 7/8"" X 7"" X 25 KG",1
12131601,Fuegos artificiales,1
12131703,CORDON DETONANTE,1
12131707,ENCENDEDOR ELECTRICO,1
12141707,CADMIO GRANULADO,1
12141908,CARBON ACTIVADO GRAN,1
12141916,YODO EN CRISTALES Q.P.,1
12142104,GAS ANHIDRIDO  CARBONICO,1
12142203,FUENTE DE ALIMENTACION TRIFASICA DE 9.6 KVA,1
12161606,CATALIZADOR EN PASTA ENDURECEDOR PARA SILICONA,1
12161706,SOLUCION TAMPON (BUFFER) TRIS SALINA TBS PH 7.6,1
12161907,ADITIVOS HUMECTANTES,1
12164501,ACIDO CITRICO,1
12164502,ALGARROBINA X 500 mL,1
12171504,COLORANTE AZUL EOSINA METILENO,1
12171613,OCRE COLOR ROJO,1
12181504,VASELINA SOLIDA A GRANEL,1
12191601,ALCOHOL ACIDO P.A.,1
12352101,CLOROFORMO P.A,1
12352111,CICLOHEXIMIDA,1
12352117,CIANURO DE SODIO P.A X 100 g,1
12352132,TRICLOSAN 1 g/100 g JABON 95 g,1
12352205,ACIDO FOLICO P.A. PARA BIOQUIMICA X 5 g,1
12352212,Alcanfor u.s.p. (camphor),1
12352310,SILICONA CON COLOR,1
12352314,SULFATO DE AMONIO,1
12352501,FORMALDEHIDO P.A. 37%,1
13101606,HULE SIMPLE DE 1.40 m X 1.20 m APROX,1
13101905,MELAMINE DE 18 mm X 45 cm X 12 cm COLOR MADERA,1
13102022,POLIPROPILENO DE 4 mm DE 1.0 m X 2.0 m,1
13111211,MANGA DE POLIPROPILENO ABIERTA OPACA DE 1.4 Ám X 3 m X 200 m APROX.,1
13111217,VINIL ADHESIVO EN ROLLO 1.50 m X 20 m APROX.,1
13111309,AISLANTE TERMICO DE POLIURETANO 1/2 in X 1/2 in X 2 m APROX. RANGO 620 C A 1400 C,1
14111504,PAPEL CONTINUO TIPO CONSOLA 60 g DE 8 1/2 in X 11 in X 1 CON LOGOTIPO,1
14111506,PAPEL CONTINUO 9 7/8 X 11 X 4 CON LOGOTIPO,1
14111508,PAPEL TERMICO PARA FACSIMIL DE 210 mm X 30 m,1
14111510,PAPEL BOND DE 90 g DE 61 cm APROX. COLOR BLANCO PARA PLOTTER,1
14111511,PAPELOGRAFO EN BLANCO Y RAYADO,1
14111515,PAPEL CONTOMETRO (ORIGINAL + 2 COPIAS) DE 37 mm X 75 m X 20,1
14111527,PAPEL CONTINUO TIPO CONSOLA DE 150 g DE 9 5/8 in X 12 in X 1,1
14111531,LIBRO REGISTRO GENERAL DE PACIENTES SEGURO ESCOLAR,1
14111533,CUADERNILLO INFORMATIVO T DE COBRE,1
14111606,PAPEL FINO 120 g TAMAÑO A3,1
14111610,CARTULINA DUPLEX 180 g DE 70 cm X 100 cm,1
14111811,BOLETA DE VENTA - VENTA DE MEDICAMENTOS (ORIGINAL Y 2 COPIAS),1
14111814,FORMATO IMPUESTOS A LOS ESPECTACULOS PUBLICOS,1
14111815,TARJETA DE PROGRAMACION DE EVENTO,1
14111818,PAPEL TERMICO DE 210 mm X 20 m,1
14111824,FORMATO RECETA UNICA ESTANDARIZADA,1
14111828,PAPEL BOND MEMBRETADO DE 90 g TAMAÑO A4 COLOR BLANCO,1
14121506,CARTON CORRUGADO DE 80 g PARA EMBALAJE,1
14121812,PAPEL FOTOGRAFICO BRILLANTE DE 230 g DE 10 cm X 15 cm APROX.,1
15101507,BENCINA RECTIFICADA X 1 L,1
15101508,PETROLEO RESIDUAL N° 6 X 55 gal,1
15101512,COQUE DE PETROLEO CALCINADO,1
15101601,CARBON MINERAL X 50 kg,1
15111501,GAS PROPANO,1
15121509,LIQUIDO PARA FRENOS DOT 4,1
15121519,ACEITE FINO PARA LUBRICAR,1
15121524,Aceites de templado,1
15121527,ACEITE INDUSTRIAL PARA TURBINAS,1
15121807,GAS REFRIGERANTE R-134A X 13 kg,1
20101501,PRECONCENTRADOR CON VAPORIZADOR EN GAS NITROGENO,1
20101617,MOTORREDUCTOR DE 2 HP,1
20101706,MUELA FIJA PARA CHANCADORA DE QUIJADA,1
20101805,Accesorios o repuestos de sistemas mecanizados de soporte en tierra,1
20101901,MOTOPERFORADORA A GASOLINA DE 2.6 HP,1
20101902,MAQUINA DE ENSAYO DE IMPACTO CHARPI,1
20101903,Accesorios o repuestos del sistema de chancado secundario,1
20102101,PERFORADORA NEUMATICA,1
20102202,Maquinaria de carga de emulsión,1
20111601,MAQUINA PERFORADORA,1
20111608,ROMPEDORA HIDRAULICA DE CONCRETO,1
20121119,Pistas superficiales de cemento,1
20121123,Equipo de herramientas de la plataforma de cementación,1
20121604,BROCA TRICONO PARA PERFORACION DE 3/4 in X 12 in,1
20121908,Herramientas de resistividad,1
20121921,MEDIDOR DE RADIACION DE ALTA FRECUENCIA,1
20122205,Tubos múltiples de derivación,1
20122331,Otras herramientas Slickline,1
20122504,JUEGO DE MANGUERAS HIDRAULICAS PARA CILINDRO HIDRAULICO DE MAQUINA PERFORADORA KOKEN X 66 PIEZAS,1
20122605,GEOFONO,1
20122616,SISTEMA DE MEDICION DE MICROTREMORES Y VIBRACION AMBIENTAL,1
20122902,Sensores de registro datos de superficie,1
20131302,Cemento de pozo petrolero tipo I clase A,1
21101511,"JUNTA DE PVC DOBLE DE 125 mm X 111 mm X 320 mm CON EMPAQUETADURA 2"" PARA EQUIPO DE RIEGO",1
21101512,Aspersores elevados,1
21101604,SEMBRADORA ABONADORA,1
21101605,MAGNIFICADOR DE SEMILLAS,1
21101608,ITEM 01 - ADQUISICION DE CAMARA,1
21101702,SEGADORA GIRATORIA,1
21102303,BIOFILTRO,1
21111501,ANZUELO N 15,1
22101511,APISONADOR VIBRATORIO - BAILARINA,1
22101529,Minicargadoras,1
22101534,ARANDELA PARA REDUCTOR DE EXCAVADORA,1
22101618,Equipos de preparación de superficies de caminos de rodaderas o sus mecanismos de colocación,1
22101626,CORREA DE ALTERNADOR EN V DE 9.5 mm X 1.42 m PARA PLANTA DE ASFALTO CIFALI,1
22101627,COCINA DE ASFALTO,1
22101702,ADAPTADOR DE PUNTA PARA EXCAVADORA HIDRAULICA,1
22101704,UÑAS PARA PALA DE RETROEXCAVADORA,1
22101902,MEZCLADOR DE MORTERO DE 1200 W,1
22101906,Equipo de apuntalamiento,1
23101509,LIJADORA CALIBRADORA PARA MADERA DE 17 cm X 1.10 m 15000 W,1
23101514,MAQUINA CEPILLADORA DE 20IN,1
23101520,ELECTROEROSIONADORA,1
23121513,CARRETES PARA LA INDUSTRIA TEXTIL,1
23121602,MAQUINA PEGADORA DE BOTONES,1
23121604,MAQUINA CORTADORA DE TELA,1
23121608,MAQUINA PLEGADORA,1
23131501,Compuestos abrasivos,1
23131503,DISCO DESBASTE DE 7 in X 1/8 in X 7/8 in PARA DE ESMERIL PORTATIL,1
23131504,PASTA PARA ASENTAR TOBERAS,1
23131515,RECTIFICADOR DE ASIENTO DE VALVULA EXTERNA,1
23141601,MAQUINA DESCARNADORA,1
23141608,DEPILADORA ESCALDADORA DE CERDOS DE 80 cm X 230 cm,1
23141701,MAQUINA CORTADORA DE CUERO DE 220 VAC 50/60 Hz,1
23151507,MAQUINA TERMOCONFORMADO PARA REPRODUCIR EN BRAILLE,1
23151608,JUEGO DE TAMICES,1
23151803,ENCAPSULADORA AUTOMATICA,1
23151816,COLUMNA DE VIDRIO BOROSILICATO PARA CROMATOGRAFIA DE FILTRACION EN GEL ID: 1.5 cm LONGITUD: 30 cm VOLUMEN MAXIMO: 53,1
23151822,DISPOSITIVO CON FILTROS PARA RECONSTITUCION DE FARMACOS INYECCTABLES,1
23151908,DESINTEGRADOR DE PULPA DE PAPEL,1
23152101,MAQUINA ZARANDA VIBRATORIA DE 100 TN/H,1
23152202,ARMARIO BASTIDOR METALICO - RACK CABINET,1
23153017,ALINEADOR DE LUCES DE VEHICULOS,1
23153026,MORDAZA PARA TUBO,1
23153138,MAQUINA DESBASTADORA,1
23153199,PESA DE SOBRECARGA RANURADA CBR DE ACERO PARA EQUIPO PARA PRUEBA CBR,1
23153401,MAQUINA ENCOLADORA,1
23159999,CORDONEADORA ELECTRICA DE SIMPLE TORSION PARA COSPELES,1
23181514,MOLDE CIRCULAR DE ACERO INOXIDABLE PARA QUESO DE 1/2 Kg,1
23181604,MAQUINA DE CORTE LASER PARA METALES PRECIOSOS Y NO FERROSOS,1
23181605,Maquinaria para rallar,1
23181703,MAQUINA COCINADOR TANQUE A VAPOR,1
23191005,HOMOGENIZADOR PARA PASTA DE CACAO,1
23211001,EQUIPO PARA MONTAJE DE PROTOTIPOS DE PLACAS DE CIRCUITOS DE ÁREA MÁXIMA DE COLOCACIÓN DE COMPONENTES 480 X 540 MM2,1
23211002,Maquinaria suministradora de cola,1
23231301,MAQUINA ALIMENTADOR UNIVERSAL DE 3 RODILLOS,1
23231302,MAQUINA ELECTRICA CANTEADORA ROTADORA DE 3 HP DE 5000 RPM CON ROTACION DEL EJE PORTA CUCHILLAS,1
23241401,ESMERIL ELECTRICO DE BANCO DE 10 in 1.5 HP 1100 W,1
23241614,FRESA DE METAL DURO PARA FIGER JOINT 50 mm X 94 mm TIPO MODELO RC 2246 PARA CENTRO DE TALADRO Y FRES,1
23242104,HERRAMIENTA DE CORTE PARA BANDEJA PORTACABLE TIPO MALLA,1
23242402,CENTRO DE MECANIZADO UNIVERSAL CNC DE 3 EJES DE 250 mm X 250 mm X 100 mm 120 W,1
23242609,MAQUINA RECTIFICADORA CILINDRICA UNIVERSAL CNC PARA INTERIORES Y EXTERIORES,1
23251503,"EQUIPO DE DOBLADO, ENSANCHA Y ENCOGIMIENTO DE ANGULOS PARA FORMAR PLANCHAS",1
23251810,TROQUELADOR,1
23261506,EQUIPO DE LITOGRAFIA OPTICA UVE DE ESCRITURA DIRECTA DE 155 mm X 155 mm X 7 mm 900 W,1
23271408,Máquina de soldadura MIG,1
23271816,PASTA PARA SOLDAR DE 250 g,1
24101504,CARRO ESTIBADOR DE METAL DE 55 cm X 80 cm X 130 cm X 250 Kg PARA TRANSPORTE DE SUMINISTROS DE ALMACEN,1
24101602,TECLE MANUAL DE CADENA DE ACERO CON CAPACIDAD DE 10 TN,1
24101608,WINCHE DE ARRASTRE Y CARRETE DE RED,1
24101613,POLIPASTO ELECTRICO,1
24101638,GUARDACABO DE ACERO GALVANIZADO PARA CABLE 5/16 IN,1
24102011,PANEL DE ESTANTE DE ANGULO RANURADO DE ACERO DE 1 m X 81 cm,1
24111507,"Bolsas, maletines de herramientas",1
24111514,BOLSA PLANA CON CIERRE HERMETICO DE POLIETILENO DE 10 in X 14 in X 25 Ám,1
24111515,BOLSA DE TELA ECOLOGICA DE 35 cm X 35 cm,1
24111808,TANQUE PARA ALMACENAMIENTO DE COMBUSTIBLE,1
24111815,TANQUE DE CONDENSADO CON REVESTIMIENTO TERMICO PARA CALDERO,1
24111818,"JUEGO DE TAPAS PARA TANQUE DE ALUMINIO Y JEBE (PLANCHA DE 20 X 22 cm, PLANCHA DE 16 X 23 cm, PLANCHA DE 11 cm, TAPON DE 1 1/2 in, TAPON DE 2 3/4 in)",1
24111899,REGLETA DE MEDICION,1
24112003,Cajas no metálicas,1
24112108,CILINDRO DE METAL DE 50 gal,1
24112207,GALONERA DE PLASTICO DE 8 L,1
24112501,CAJA DE CARTON CORRUGADO DE 27 cm X 31 cm X 39 cm,1
24113101,BUZON DE METAL,1
24113103,Tapas para cajas,1
24113105,ANFORA DE PLASTICO CORRUGADO DE 30 cm X 35 cm X 13 cm,1
24121503,CAJA DE CARTON PRENSADO 31 cm X 35 cm X 40 cm APROX.,1
24121805,PORONGO DE ACERO INOXIDABLE DE 30 L,1
24121808,TACHO DE METAL (MAYOR A 1/8 UIT),1
24122002,BOTELLA DE POLIETILENO TEREFTALATO (PET) X 680 mL CON TAPA,1
24131513,GAS REFRIGERANTE R-22 X 13 kg,1
24131599,REFRIGERADORA ELECTRICA INDUSTRIAL,1
24131603,CONGELADOR (OTROS),1
24131604,TUNEL DE CONGELACION DE 8.00 m 125 Kg 9.0 KW,1
24141510,PROTECTOR PARA CABLE ELECTRICO TIPO ESPAGUETTI DE 8 mm,1
24141606,PLASTICO PARA EMBALAR CON BURBUJAS DE AIRE DE 50 cm X 100 m,1
25101510,CAMIONETA BLINDADA,1
25101613,EQUIPO DE TRASVASE ELECTRICO DE 300 GPM PARA EVACUACION DE ANIEGOS,1
25101903,Trineos motorizados o motos de nieve,1
25101915,Camión tanque para combustible,1
25101918,Vehiculo eléctrico urbano,1
25101920,Camiones tanque,1
25111502,BOTE DE ALUMINIO DE 6 m A MOTOR,1
25111503,NAVE DE CARGA DE CONTENEDORES,1
25111507,LANCHA,1
25111509,MOTONAVE DE PASAJEROS,1
25111601,BALSA INFLABLE DE LONA PVC DE 8 PASAJEROS 4.25 m SIN MOTOR,1
25111802,BOTE A MOTOR,1
25111922,CABO DE NYLON TRENZADO BLANCO 5 mm,1
25111931,CASCO DE SEGURIDAD TIPO PARACHOQUE PARA EMBARCACION,1
25131505,AVION A REACCION DE CARGA,1
25151502,PERNO DE ACERO HEXAGONAL PARA COHETE SONDA,1
25161503,TRICICLO PARA RECOJO DE BASURA,1
25161507,BICICLETA,1
25161509,BICICLETA DE BALANCE DE ACERO ARO 12,1
25171507,PLUMILLA LIMPIA PARABRISAS DE 20 in,1
25171707,ESPACIADOR DE VALVULA DE FRENO PARA OMNIBUS,1
25171710,BOMBA DE FRENO DE MINIBUS,1
25171712,FORRO DE ZAPATA DE FRENO DELANTERO DE CAMION,1
25171713,PASTILLA DE FRENO DE CAMIONETA,1
25171714,TAMBORA METALICA,1
25171715,SERVO FRENO,1
25171716,MANGUERA DE FRENO PARA AUTOMOVIL,1
25171718,FORRO DE ZAPATA DE FRENO POSTERIOR PARA CAMION VOLQUETE NISSAN,1
25171719,VALVULA DE BLOQUEO DE SISTEMA DE FRENO DE VOLQUETE,1
25172002,BOCAMAZA DE RUEDA DELANTERA PARA MOTONIVELADORA,1
25172003,AMORTIGUADOR DE SUSPENSION POSTERIOR  PARA CAMION,1
25172010,SOPORTE DE BARRA ESTABILIZADORA DE CAMIONETA,1
25172104,CINTURON DE SEGURIDAD DE VEHICULO DE 3 PUNTOS,1
25172110,CLAXON ELECTRICO DE 24 V PARA CARGADOR FRONTAL KOMATSU,1
25172114,SEGURO PARA LLANTA DE CAMIONETA,1
25172305,PARABRISAS MOTOS,1
25172405,CABEZAL DE BOMBA DE INYECCION PARA MOTOR DE CAMIONETA,1
25172408,TAPA DE TANQUE DE COMBUSTIBLE  CON LLAVE,1
25172512,Llanta para motocicleta,1
25172802,JUEGO DE ACC. DE MANTENIMIENTO DE BOMBA HIDRAULICA P/LEVANTE DE TOLVA DE VOLQUETE X 38 PIEZAS,1
25173304,CDI PARA MOTOR FUERA DE BORDA DE 40 HP,1
25173702,PERNOS DE SILENCIADOR PARA MOTOBOMBA,1
25173801,EJE PARA ELECTROBOMBA TIPO TURBINA DE ACERO INOXIDABLE DE 20 mm,1
25173810,CRUZETA DE EJE CARDAM PARA CARGADOR FRONTAL,1
25173818,CRUZETA CARDAN PARA CAMIONETA 4X4,1
25173821,TRANSMISION COMPLETA PARA MOTOR FUERA DE BORDA,1
25174001,VENTILADOR DE METAL 12 CM X 12 CM X 3.8 CM 220 V,1
25174006,MANGUERA SUPERIOR PARA RADIADOR DE AUTOMOVIL,1
25174202,ROTULA DE TRAPECIO INFERIOR IZQUIERDA PARA CAMIONETA,1
25174204,KIT DE SISTEMA DE DIRECCION Y AMORTIGUACION PARA CAMIONETA NISSAN FRONTIER ZD-30,1
25174216,BRAZO AUXILIAR DE DIRECCION PARA CAMIONETA,1
25174410,EQUIPO DE SONIDO PARA VEHICULO,1
25174417,COMANDO DE LUCES PARA MOTOCICLETA,1
25175105,SOPORTE CON RUEDAS PARA PILON DE COLA DE AERONAVE,1
25181601,SUJETADOR DE RUEDA DE REPUESTO,1
25181704,REMOLQUE PARA TRANSPORTE DE AGUA,1
25181708,CABLE PARA REMOLQUE DE AUTOMOVIL,1
25181713,REMOLQUE PARA TRANSPORTE DE AGUA,1
25181799,REMOLQUE PARA TRANSPORTE Y CARGA DE BALIZA SOLAR AGL DE PISTA DE ATERRIZAJE,1
25191504,TUNEL AERODINAMICO,1
25191717,DETECTOR DE HOLGURAS,1
25191719,LLAVE DE RUEDA PARA AUTOMOVIL,1
25191724,SENSOR T.R.,1
25191734,COMPRESOR DE RESORTE DE VALVULAS DE MOTOR,1
25191735,COMPRESOR DE ANILLOS DE PISTON DE MOTOR DE 5 in,1
25191736,SIMULADOR DE MANEJO DE MAQUINARIA AGRICOLA,1
25191814,ANALIZADOR DE BUJIAS,1
25191821,"TRX((22.9-10)/v3)/(0.22/v3)(6-10-12)/5A/TRX((22.9-10)/v3)/(0.22/v3)(2-3.5-5)/5A/TRX,EXT,3F,1-\n2/5A,22.9/v3/0.22/v3kV,3500",1
25191822,BANCO DE PRUEBA Y LIMPIEZA DE INYECTORES,1
25191838,"CONTRATACION PARA LA ADQUISICIÓN DE MAQUINARIAS DE METALMECÁNICA PARA EL PLAN DE NEGOCIO ""MEJORAMIENTO DEL NIVEL DE PRODUCCION EN LA LINEA DE CONSTRUCCIONES METALICAS DEL AEO GRUPO RV MOTOR´S S.R.L DISTRITO DE HUARAZ, PROVINCIA DE HUARAZ, REGION ANCASH""",1
25201512,RETENSOR PARA AERONAVE,1
25201520,Largueros de aeronaves,1
25201606,Sistemas de control de la altitud de aeronaves,1
25201709,SENSOR DE RADAR PARA AERONAVE,1
25201904,KIT DE MATERIAL MISCELANEO PARA LANZAMIENTO DE CARGA EN PARACAIDAS,1
25202101,INDICADOR DE PRESION Y TEMPERATURA DE SISTEMA HIDRAULICO DE AERONAVE,1
25202103,PANTALLA DEL SISTEMA ELECTRONICO DE INSTRUMENTOS DE VUELO PARA AERONAVE,1
25202201,ACOPLE DE DUCTO DE VENTILACION DE AERONAVE,1
25202205,LLANTA PARA AERONAVE,1
25202405,Sistemas de manejo de combustible de aeronaves,1
25202501,PROTECTOR DE BOMBA DE SISTEMA HIDRAULICO DE AERONAVE,1
26101103,MOTOR ELECTRICO TRIFASICO 12 HP 220 V PARA PICADORA DE FORRAJE,1
26101107,MOTOR ELECTRICO TRIFASICO DE 10 HP 220 V PARA CALDERO,1
26101108,MOTOR COMPRESOR DE 1/6 CON SU RESPECTIVO RELAY Y TERMICO,1
26101404,CARBONES PARA EL INVERSOR DE CORRIENTE DEL SISTEMA ELECTRICO DE AERONAVE,1
26101405,BOBINA DE ENCENDIDO PARA GENERADOR DE CORRIENTE,1
26101414,PORTADIODO AUXILIAR DE ALTERNADOR PARA TRACTOR,1
26101501,Motores hidráulicos,1
26101511,RODETE DE EJE VERTICAL DE TURBINA FRANCIS DE 101.356 MW,1
26101512,RODETE TIPO FRANCIS DE ACERO 2700 KW PARA GRUPO HIDRAULICO DE TURBINA DE CENTRAL HIDROELECTRICA,1
26101709,LEVANTADOR DE VALVULAS DEL MOTOR PARA GRUPO ELECTROGENO,1
26101711,BIELA PARA MOTOCICLETA CB 125,1
26101713,Culatas,1
26101718,CONTACTO DE IGNICION PARA MOTOR FUERA DE BORDA,1
26101721,POLEA DE DIRECCION PARA CAMIONETA,1
26101727,ANILLO DE PISTON PARA MOTOR DE TRACTOR,1
26101731,BUJE DE  BALANCIN DE SUSPENSION PARA VOLQUETE,1
26101734,JUEGO DE REPUESTOS PARA MANTENIMIENTO DE CARBURADOR DE MOTOPULVERIZADOR X 8 PIEZAS,1
26101743,VALVULA DE ESCAPE PARA MOTOR DE RODILLO VIBRATORIO,1
26101750,MECANISMO DE ACELERACION DE MOTOCICLETA,1
26101757,ANALIZADOR DE BUJIAS,1
26101769,MODULO FUENTE DE ALTA TENSION,1
26101782,ROTOR DE DISTRIBUIDOR PARA CAMIONETA,1
26101905,MONOBLOCK PARA CAMIONETA,1
26111504,CORREA DE TRANSMISION DEL MOTOR SINCRONO PARA MAQUINA DE OCTANOS,1
26111515,SERVO DE DIRECCION PARA CAMION,1
26111533,JUEGO DE TEMPLADORES DE EJE POSTERIOR PARA CAMION VOLQUETE X 6 PIEZAS,1
26111608,GENERADOR DE VAPOR DE 400 W,1
26111702,PILA ALCALINA TIPO AA DE 1.5 V,1
26111706,BATERIA PARA UPS DE 12 V 100 Ah,1
26111708,BATERIA DE 1850 mAH PARA EQUIPO DE RADIO PORTATIL,1
26111719,PROBADOR DE BATERIAS TIPO MONEDA/BOTON DE 5 V 50 mA CON 8 CONECTORES,1
26111802,FAJA DE DISTRIBUCION PARA TRACTOR ORUGA,1
26111805,TEMPLADOR PARA FAJA DE DISTRIBUCION DE MINIBUS,1
26121541,Conductores de barras de distribución,1
26121604,CABLE DE RED UTP CAT 6,1
26121611,CONDUCTOR DE ALEACION DE ALUMINIO DE 35 mm2,1
26121616,CABLE MULTIPAR DE 10 PARES,1
26121620,CONDUCTOR 12 AWG X 100 m PARA PUESTA A TIERRA,1
26121629,CABLE PARA ENERGIA,1
26121640,"SUMINISTRO DE CONECTIVIDAD Y CABLEADO ESTRUCTURADO PARA LA OBRA: ""ADQUISICION PLATAFORMA DE SOPORTE DE CONECTIVIDAD A LOS SISTEMAS OPERACIONALES; REPARACION DE GABINETE O CERRAMIENTO PARA SISTEMAS DE RED; RENOVACION DE SISTEMA ELECTRICO DATA CENTER (",1
26121662,CONDUCTOR DE ALUMINIO AUTOPORTANTE 1 X 16/25 mm2,1
26121699,CABLE AUTOSOPORTADO DE ALUMINIO CON SOPORTE DE ACERO DE  3 X 70 mm2 + 2 X 35 mm2,1
26131606,ANILLO DE ACERO PARA EL ACOPLAMIENTO DE ESCAPE DE MOTOR DE COMBUSTION DEL GENERADOR,1
26131612,TUBO DE ESCAPE PARA MOTOGUADAÑA,1
26131617,REGULADOR DE PRESION DE ACEITE PARA MOTOR DE CAMION,1
26131812,Tableros de distribución con aislamiento de gas,1
26142312,PROTECTOR DE RADIACION - ANTEOJOS EMPLOMADOS,1
27111505,BOTADOR RECTO GRANDE,1
27111506,CIZALLA DE MANO DE ACERO DE 14 in,1
27111514,CORTADOR DE VIDRIO DE 5 in,1
27111519,"TIJERAS HOJALATERAS (CORTE ZURDO DE 10in, CORTE RECTO DE 10 in, CORTE DIESTRO DE 10 in)",1
27111543,BROCA DIAMANTADA PARA CONCRETO DE 1/8 in X 4 in,1
27111550,SIERRA DE ARCO MANUAL DE 24 in,1
27111611,Martillo para destruir piedra,1
27111728,JUEGO DE DESARMADORES (PLANOS Y ESTRELLAS) X 7 PIEZAS,1
27111763,LLAVE ALLEN DE 1/2 in,1
27111766,LLAVE TIPO CRUZ MULTIFUNCIONAL PARA VALVULAS,1
27111804,PENDULO ELECTRICO,1
27111807,REGLA DE CONSTRUCCION DE ALUMINIO DE 1 1/2 in X 3 in X 5 m,1
27111823,MEDIDOR DE EXCENTRICIDAD,1
27111903,CEPILLO GARLOPA PARA MADERA MANUAL DE 10 in,1
27111905,ESMERIL NEUMATICO RECTO DE MANO DE 4 in 1.5 HP,1
27111907,"ESCOBILLA DE ACERO CIRCULAR PARA ESMERIL DE 6""",1
27111931,LIMA MEDIA LUNA DE ACERO GRANO MEDIO DE 1/2 in X 12 in,1
27111934,LIMA PLANA METALICA PARA EQUINOS,1
27112001,MACHETE TIPO SABLE,1
27112005,HACHA DE 3.5 LB CON MANGO,1
27112030,"CUCHILLA PARA INJERTAR PLANTAS DE 7""",1
27112039,PODADORA DE ALTURA A MOTOR,1
27112101,DOBLADOR DE TUBO DE ACERO MANUAL TIPO RESORTE DE 5/16 in,1
27112114,ALICATE DE CORTE DIAGONAL DE 8 in,1
27112115,JUEGO DE PINZAS PUNTA FINA DE ACERO INOXIDABLE PARA ELECTRONICA X 7 PIEZAS,1
27112155,ENSANCHADOR DE ANILLOS,1
27112215,BISELADORA AUTOMATICA COMPUTARIZADA PARA LENTES OFTALMICOS,1
27112230,Llana de juntas o rellenador de juntas,1
27112603,Herramientas de inserción,1
27112699,SELLADORA DE TAPAS,1
27112705,COMBA DE 16 lb APROX.,1
27112707,CUCHILLA PARA MAQUINA CORTADORA ELECTRICA,1
27112715,Martillos cinceladores mecánicos,1
27112742,LIJADORA ELECTRICA DE BANDA 1200 W,1
27112748,SIERRA INGLETADORA DE 10 in 1600 W,1
27112802,HOJA DE SIERRA 10 in 24 TPI,1
27112808,BOQUILLA DE ACERO 3 in PARA TANQUE DE MADURACION,1
27112823,CADENA PARA MOTOSIERRA DE 36 in,1
27113203,HERRAMIENTAS DE CONEXION,1
27121501,RESORTE DE VIGA Y LAMINA ACCESORIO DE LA MAQUINA UNIVERSAL,1
27121807,EXTRACTOR DE NUCLEOS DE CONCRETO,1
27131517,ENGRAPADOR SEMI INDUSTRIAL,1
27131604,LUBRICADOR METALICO PORTATIL,1
27131605,CORTINA DE AIRE DE 2.00 m 904 ft3/min,1
27141001,Herramientas de recorte o moldeo,1
30101701,Vigas de aleación ferrosa,1
30101803,"TUBO DE FIERRO CUADRADO DE 2 mm X 2"" X 2"" X 6 m",1
30101804,TUBO DE ACERO NEGRO RECTANGULAR DE 80 mm X 40 mm X 2.5 mm X 6 m,1
30101815,SIFÓN DE PVC CON TUBO DE SUCCIÓN DE 13 mm X 75 cm Y MANGUERA DE 1 m PARA ENVASE CON BOMBA DE SUCCIÓN,1
30102004,CARTELA DE TIJERAL CENTRAL INFERIOR DE ACERO DE 50.00 cm X 25.00 cm X 2.00 mm,1
30102015,PLASTICO TRANSPARENTE DOBLE ANCHO COLOR,1
30102205,PLANCHA DE ACERO INOXIDABLE DE 1/20 in X 3.00 m X 1.50 m,1
30102212,"PLANCHA GALVANIZADA LISA DE 1/80"" X 3 pies X 6 pies",1
30102214,PLANCHA PLANA DE PLOMO LISO DE 1.5 mm X 0.32 m X 2.00 m,1
30102312,CANALETA DE METAL GALVANIZADO DE 6 in,1
30102410,BARRA REDONDA DE LATON,1
30102414,BARRA DE PLOMO BLANDO ELECTROLITICO,1
30102906,Postes de fibra de vidrio,1
30103103,"BARANDA DE FIERRO GALVANIZADO DE 2""",1
30103104,BARANDA DE MADERA TORNILLO 1.70 m X 3.10 m BASE DE METAL,1
30103205,REJA DE PROTECCION CON MALLA Y TUBO,1
30103601,VIGA DE MADERA TORNILLO DE 2 in X 4 in X 7.5 m,1
30103604,"CONTRAZOCALO DE CEDRO DE 3"" X 1 m",1
30103612,DURMIENTE DE CONCRETO PRETENSADO TIPO MONOBLOQUE DE 2.52 m  X 21 cm  X 16 cm PARA RIEL,1
30103617,MODULO DE MADERA PREFABRICADO 2.35 m X 4.8 m X 16 m,1
30103621,DURMIENTE DE VIA FERREA ESTANDAR DE MADERA SIN PRESERVAR,1
30121501,ALQUITRAN.,1
30121706,SARDINEL DE CONCRETO ARMADO DE 0.20 m X 0.50 m X 0.80 m,1
30121707,Panel con aislamiento acústico,1
30121801,ALCORQUE CUADRADO CALADO DE FIERRO DE 1.50 m X 1.50 m X 5 cm X 60 cm,1
30131506,CONTRAZOCALO TERRAZO PULIDO 2 cm X 15 cm X 1 m,1
30131510,BLOQUE DE CONCRETO ARMADO DE 40 cm X 40 cm X 20 cm CON AGUJERO,1
30131611,BALDOSA DE ASERRIN PRENSADO 15 mm X 39 cm X 44 cm,1
30141508,FIBRA DE VIDRIO DE 3 mm X 4 in X 8 in,1
30141511,LAMINA DE SEGURIDAD PARA VIDRIOS DE EDIFICACIONES 4 ÁM X 65 CM X 1.28 CM,1
30141516,LANA MINERAL MEDIA CAÑA DE 1 in PARA TUBO DE 2 in,1
30151503,Tejidos para techos,1
30151511,Teja de concreto,1
30151514,CALAMINA DE GRAN ONDA 5 mm X 1.10 m X 1.83 m,1
30151605,"CANALETA DE PLANCHA GALVANIZADA DE 4"" PARA DRENAJE DE LLUVIAS",1
30151701,Canales de bajada,1
30161505,"PANEL DE ACERO 1.00 X 0.40 X 1/27"" ESPESOR",1
30161509,PLACA DE YESO DRYWALL RECTA DE 6 mm X 1.22 m X 2.44 m,1
30161604,ANGULO PERIMETRAL DE FIERRO GALVANIZADO 19.5 mm X 22 mm X 3.50 m,1
30161706,PISO PIEDRA GRANITO BLANCO 20 cm X 20 cm,1
30161718,PISO ANTIDESLIZANTE,1
30161901,PERSIANA DE LONA 1.02 m X 1.80 m,1
30161906,MOLDE DE PVC PARA PROBETAS O TESTIGOS DE CONCRETO,1
30162004,"CANTONERA DE JEBE PERFIL ""L"" DE 25 cm X 4 cm X 1/8""",1
30162403,PANEL PARA DIVISION DE AMBIENTES DE ESTRUCTURA DE ACERO CON TAPIZ DE TELA DE 80 mm X 1.20 m X 1.66 m,1
30171501,PUERTA DE VIDRIO LAMINADO DE 8 mm BATIENTE DE 1 HOJA,1
30171503,PUERTA ENRROLLABLE DE FIERRO,1
30171507,"CONTRAMARCO DE MADERA TORNILLO DE 1"" X 3"" X 7 ft",1
30171513,PROTECTOR PARA VENTANA DE BARRA DE FIERRO DE 0.80 m X 1.95 m,1
30171514,CIERRAPUERTA FRENO HIDRAULICO AEREO PARA PUERTA,1
30171523,PUERTA CORTAFUEGO DE METAL,1
30171527,PUERTA DE MELAMINA,1
30171704,VIDRIO EMPLOMADO DE 13 mm,1
30171710,VIDRIO DOBLE DE 2 mm X 36 cm DE DIAMETRO,1
30171904,CORREDERA DE ALUMINIO DE VENTANA CORREDIZA DE 20 in,1
30181503,DUCHA TIPO BRAZO DE PVC DE 1/2 in CON CANASTILLA,1
30181506,"ADQUISICION DE MATERIALES PARA LAS INSTALACIONES SANITARIAS, PARA EL MEJORAMIENTO Y AMPLIACION DEL SERVICIO DE EDUCACION PRIMARIA Y SECUNDARIA EN LA IEPPSM N 6010227 CLUB DE LEONES DE LEMGO ALEMANIA, C.P.M. INCA ROCA, DIST. BELEN, PROV. MAYNAS",1
30181511,INODORO TIPO PLACA TURCA,1
30181604,BISAGRA PARA TAPA DE INODORO,1
30181611,PORTA CEPILLO DE DIENTES DE ACRILICO PARA EMPOTRAR EN PARED,1
30181614,DISPENSADOR DE JABON LIQUIDO (MATERIAL ACRILICO) DE PARED,1
30181810,CANOPLAS VASTAGO LARGO CROMADO,1
30191601,BARANDA METALICA DE 5/8 in X 2 m PARA CAMA,1
30201606,Cocinas domésticas,1
30201707,Almacenes,1
30201708,Auditorio,1
30222026,Faro,1
30222206,Estaciones de base de telefonía celular,1
30222602,Campo deportivo,1
30222701,Talleres,1
30241508,"MASTIL DE FIERRO GALVANIZADO DE 1/2"" X 3 m PARA ANTENA",1
30241601,ESCALINATA - GRADILLA DE 2 PELDAÑOS,1
30262903,ANODO DE ZINC DE 2.5 kg,1
30264501,BARRA DE ACERO INOXIDABLE AISI 431 DE 50 mm X 5 m,1
30265802,PLANCHA DE POLICARBONATO 8 MM X 2.23 M X 2.96 M,1
30265902,PLASTICO DOBLE DE 2 m ANCHO,1
30266405,CALAMINA DE FIBRA DE VIDRIO DE 1.80 m X 1.10 m,1
31151502,SOGA DE POLIESTER TORCIDO CON ALQUITRAN DE 5/8 in,1
31151503,CABO DE POLIPROPILENO NEGRO TORCIDO DE 5/8 in,1
31151504,SOGA DE NAILON TORCIDO DE 3/4 in,1
31151513,SOGA DE FIBRA VEGETAL DE 3/4 in,1
31151516,RAFIA PLANA,1
31151607,CADENA DE ESLABON CON CONTRETE DE ACERO DE 34 mm,1
31151609,CADENA DE ACERO GRADO 3 SOLDADA A TOPE CON ESLABON REFORZADO DE 1 1/8 in X 90 ft,1
31151613,CADENA DE ACERO GALVANIZADO PARA SISTEMA DE DEFENSA DEL MUELLE DE CARGA LIQUIDA,1
31151615,CADENA DE CAPACHO Nº 160 PARA MAQUINA COSECHADORA,1
31151708,CABLE DE ACERO GALVANIZADO CLASE B GRADO SIEMENS MARTIN PARA RETENIDAS DE 10 mm,1
31152305,CONDUCTOR DE ALEACION DE ALUMINIO DE TIPO AAAC 70 mm2,1
31161507,TORNILLO DE FIERRO AUTOROSCANTE DE 8 in X  3/4 in,1
31161608,PERNO TIRAFONDO DE CABEZA HEXAGONAL DE ACERO DE 3/16 in X 3/4 in,1
31161616,"SUJETADOR DE ACERO TIPO ""U"" PARA TUBERIA DE 1/2""",1
31161629,PERNO GALVANIZADO PARA SISTEMA DE DEFENSA DEL MUELLE DE CARGA LIQUIDA,1
31161633,"PERNO STOVE BOLD DE ACERO DE 5/32"" X 1""",1
31161699,PERNO DE ACERO DE 3/4 in X 4 1/2 in,1
31161711,TUERCA DE FIERRO GALVANIZADO TIPO OJO DE 5/8 in,1
31161727,TUERCA HEXAGONAL PARA BRAZOS DE CARGA,1
31161807,ARANDELA CIRCULAR PLANA DE ACERO DE 3/8 in X 3/4 in X 1/16 in,1
31161812,ARANDELA CUADRADA CURVA DE ACERO GALVANIZADO DE 57 mm X 18 mm X 5 mm,1
31161902,MUELLE POSTERIOR DE PARA CAMION,1
31161999,RESORTE DE ACERO INOXIDABLE DE 2 1/2 in X 1/2 in,1
31162103,ANCLAJES PARA FIJACION DE INODORO DE 8 PIEZAS (PERNO Y UÑAS DE FIJACION),1
31162211,Remache sólido,1
31162305,ABRAZADERA DE 2 OREJAS TIPO U DE FIERRO GALVANIZADO 16 mm X 12 mm X 1.2 mm PARA TUBERIA DE PVC,1
31162402,ALDABA DE FIERRO DE 6 in,1
31162403,BISAGRA DE ALUMINIO CAPUCHINA DE 3 1/2 in X 1/2 in,1
31162404,GRAPA DE ANCLAJE TIPO PISTOLA PARA CONDUCTOR DE ALEACION DE ALUMINIO 35 mm DE 2 PERNOS,1
31162499,PISTOLA DE ACERO MANUAL PARA FIJAR CLAVOS,1
31162507,SOPORTE DE RODILLO COMPLETO,1
31162603,GANCHO EN FORMA DE S,1
31162607,RIOSTRA ANGULAR DE FIERRO GALVANIZADO 2 IN X 3 IN X 1.10 M,1
31162701,"JUEGO DE GARRUCHAS GIRATORIA DE 4"" CON PLATAFORMA X 4",1
31162702,CAMARA PARA CARRETILLA TIPO BUGUI 8.50 - 8,1
31162704,Clavos de rodillo,1
31162803,GRILLETE DE ACERO DE 11/4 in,1
31162810,PLACA DE HIERRO DE UNION DE TABLEROS LATERAL DE 2 mm X 20 cm X 30 cm,1
31162817,GRILLETE TIPO LIRA DE ACERO DE 1/2 in,1
31163005,MANGUITO DE ACERO ASTM A182 GRADO F5 CLASE 6000 PARA SOLDAR DE 3/4 in,1
31163024,ACOPLAMIENTO DE ACERO AL CARBON ANSI-SAE 1045 Y POLIURETANO DE 1/2 in A 1 1/4 in,1
31163225,CHAVETA DE FIERRO DE 9 in X 3/8 in PARA FIJACION,1
31163301,ESPARRAGO DE ROSCA CONTINUA DE ACERO ASTM A193 DE 1 in X 9 in CON TUERCA HEXAGONAL,1
31171510,COJINETE SKE 1213,1
31171515,RODAMIENTO DE ELECTROBOMBA CENTRIFUGA Nº 6411 C3,1
31171554,GUIA CADENA,1
31171605,"BOCINA DE BRONCE DE 3/8, EJE INTERIOR DE VALVULA",1
31171707,ENGRANAJE DE CAJA DE TRANSFERENCIA,1
31171804,ROLDANA DE PLATINA 3/8 in X 1 1/2 in CON POLEA DE HIERRO FUNDIDO Y GANCHOS DE ACERO INOXIDABLE DE 1/2 in,1
31171806,"RUEDA DE FIERRO FUNDIDO REVESTIDO CON POLIURETANO DE 5""",1
31191501,LIJA PARA FIERRO Nº 40,1
31201503,CINTA ADHESIVA DE PAPEL CREPE DE ENMASCARAR DE 3/4 in X 60 yd,1
31201514,CINTA DE TEFLON DE 1 in X 26 yd,1
31201516,LAMINA REFLECTIVA DE ALTA INTENSIDAD,1
31201517,CINTA DE EMBALAJE DE 2 in X 55 yd,1
31201520,CINTA DE SEÑALIZACION DE PLASTICO DE 4 in X 330 m,1
31201531,CINTA DE POLIETILENO PARA RIEGO POR GOTEO DE 16 mm CLASE  5000 X 3810 m,1
31201532,"CINTA FLEXIBLE DE POLICLORURO DE VINILO PARA SELLO DE JUNTAS DE 6""",1
31201610,COLA SINTETICA,1
31201619,PEGAMENTO PVC PARA TUBERIA DE AGUA,1
31201623,PEGAMENTO DE CONTACTO,1
31201625,IMPRIMANTE ASFALTICA,1
31201632,PEGAMENTO SILICONA LIQUIDA X 95 ml APROX.,1
31211503,"KIT PARA PINTURA EPOXICA X 3 gl (ESMALTE, DISOLVENTE Y ENDURECEDOR) COLOR BLANCO",1
31211504,REMOVEDOR DE OXIDO Y MANCHAS,1
31211505,PINTURA AL OLEO,1
31211701,ESMALTE CERAMICO EN POLVO TRANSPARENTE,1
31211904,"BROCHA DE 8""",1
31211906,RODILLO DE 7 in PARA PINTAR,1
31211912,PERTIGA TELESCOPICA DE FIBRA DE VIDRIO DE 1 CUERPO,1
31221601,DESENGRASANTE POLIGLICOL ETER AL 85%,1
31241502,PRISMA CIRCULAR,1
31241601,Cristales de filtro,1
31241706,ESPEJO PLANO DE VIDRIO DE 4 mm,1
31241808,DICROICO CON TRANSFORMADOR DE 12 V,1
31241905,PLANCHA DE POLICARBONATO ALVEOLAR 8 mm X 2.10 m X 5.90 m APROX. GRIS CLARO,1
31251501,ACTUADOR ELECTRICO PARA GRUPO ELECTROGENO,1
31251505,Actuadores de válvulas,1
31261501,JABA DE PLASTICO DE 55 cm X 25 cm X 25 cm,1
31311505,TUBO ESTRUCTURAL REDONDO GALVANIZADO DE 2 in CON ESPESOR DE 2 mm,1
31371107,Ladrillos moldeados,1
31371401,Losetas de sílice,1
31401503,ORING PARA MOTOR ELECTRICO DE ACELERACION PARA EXCAVADORA,1
31401607,EMPAQUETADURA EN PLANCHA DE ASBESTO Y GRAFITO DE 1/8 in,1
31401703,EMPAQUETADURA DE FIBRA ARAMIDA Y CAUCHO NBR TIPO LAMINA DE 1/32 in X 60 in X 60 in PARA UNION DE TUBERIA,1
31411705,SELLO PARA EJE DE LA HELICE PARA AERONAVE,1
32101509,TARJETA DE TRANSMISION Y RECEPCION DE RADIOFRECUENCIA PARA PRUEBA DE CIRCUITO INTEGRADO,1
32101519,DETECTOR (OTROS),1
32101525,EQUIPO MULTIPLEXOR,1
32101528,RESONADOR OSCILADOR DIELECTRICO DE RADIO FRECUENCIA DE 6.8 GHz,1
32101539,EQUIPO PUERTA DE ENLACE - GATEWAY DE VOZ/FAX 8 PUERTOS FXS,1
32101601,MODULO DE MEMORIA,1
32101626,MICROPROCESADOR 2.6 GHZ,1
32101629,TARJETA AMPLIFICADOR RF VHF PARA TRANSMISOR,1
32101636,SISTEMA DIGITAL MULTIFUNCIONAL,1
32101649,CIRCUITO INTEGRADO 337707,1
32101656,Circuito integrado de GPS (Sistema de Posicionamiento Geográfico),1
32111502,DIODO ZENER 1N827A,1
32111503,LAMPARA LED TIPO VELA 3 W 200 V 2700 K,1
32111509,DIODO RECTIFICADOR DE 6 AMP,1
32111604,CHIP ELECTRONICO PARA CONTROL DE ASISTENCIA,1
32121501,CONDENSADOR,1
32121502,CAPACITOR DE ARRANQUE 60 ÁF 220V +/- 10%,1
32121505,CONDENSADOR ELECTROLITICO 47 UF 35 V,1
32121506,CONDENSADOR CERAMICO DE 10 ÁF 10 V +/- 20%,1
32121514,CAPACITOR TEFLON DE 156 pF 220 V +/- 5%,1
32121609,RESISTENCIA TRIFASICA 9 KW,1
32121705,INVERSOR DE VOLTAJE DE 12 V A 220 V 350 W,1
32131001,GUARDAMOTOR S0 DE 5.5-8 A CLASE 10,1
32131006,TARJETA DE DESARROLLO DE ENERGIA SOLAR PARA MICROCONTROLADOR,1
32131007,CONECTOR ELECTRICO HEMBRA 2 PINES DE CABLE A TARJETA ELECTRONICA 10 CM,1
32141007,TIRATRON PARA RADAR,1
32151501,Módulo de control de sonidos,1
32151502,LUMINARIA LED RECTANGULAR TIPO PROYECTOR DE 106 W 13069 lm 2200 K  IP66,1
32151904,Cable de conexión intermediaria para sistema de control,1
32151908,Cableado para sistema de control,1
39101612,FOCO 240 V 15 W CON ROSCA E-27,1
39101613,LAMPARA DE RAYOS INFRARROJOS,1
39101616,LAMPARA ULTRAVIOLETA 100 W 800 V PARA ANALIZADOR DE GASES,1
39101619,LAMPARA FLUORESCENTE COMPACTA INTEGRADA DE 12 W 725 lm 2700 K,1
39101622,FOCO DE 12 V 30 W PARA PERIMETRO Y TOMOGRAFO CON BASE Y TARJETA,1
39101699,LAMPARA LED REFLECTORA 12 W 240 V,1
39101901,REACTOR ELECTROMAGNETICO PARA FLUORESCENTE 18 W,1
39111504,PROYECTOR DE LUZ LED 83 W,1
39111520,LAMPARA DE LUZ HALOGENA,1
39111522,FAROLA COLGANTE,1
39111527,Lámpara solar,1
39111531,ACCESORIO CON PUESTA TIERRA PARA BANDEJA PORTA CABLE TIPO MALLA X 25,1
39111548,EQUIPO DE AIRE ACONDICIONADO TIPO SPLIT DUCTO SOLO CON FUNCION DE REFRIGERACION DE 60000 BTU/h,1
39111608,PASTORAL DE ACERO GALVANIZADO CON 1 BRAZOS 1.2 m,1
39111699,LINTERNA DE LARGO ALCANCE LED RECARGABLE,1
39111706,LUZ DE BALIZAJE LED DE 3 W,1
39111714,BENGALA PARA PISTOLA DE SEÑALES LUMINOSAS COLOR ROJO,1
39111801,BALASTO REACTOR ELECTROMAGNETICO PARA LAMPARA DE SODIO 70 W,1
39111821,Equipo de retroinstalación de iluminación,1
39111904,Accesorios de instalación para lámparas con descarga de alta intensidad en lugares peligrosos,1
39111906,Accesorio tosco de servicio de iluminación,1
39112401,CONTROLADOR DE ILUMINACION - DIMMER PACK,1
39112403,Unidades para control y suministro de electricidad para iluminación,1
39112507,PANEL DE LUCES LED 60 CM X60 CM 120 A 277 V 60 HZ 40 W,1
39121002,TRANSFORMADOR MONOFASICO DE 25 KVA 10/0.23 KV 2F,1
39121003,TRANSFORMADOR HV PARA OSCILOSCOPIO TEKTRONIX,1
39121008,EQUIPO CONVERSOR DE TELEFONIA,1
39121026,TRANSFORMADOR MIXTO DE TENSION Y CORRIENTE TRIFASICO 10/0.23 KV 4-6/5 A,1
39121027,TRANSFORMADOR DE POTENCIA TRIFASICO DE 500 KVA 20-10/0.23 KV,1
39121031,FUENTE DE PODER DE 10 W 24 V PARA IMPRESORA LASER,1
39121104,TABLERO ARRANCADOR ALTERNADOR 10.0 HP CON CONTACTOR DE 25 A PARA ELECTROBOMBA,1
39121109,TRANSFORMADOR DE POTENCIA TRIFASICO DE 25/25/8 - 30/30/10 MVA 60/22.9/13.2 KV,1
39121110,TABLERO DE DISTRIBUCION ELECTRICA MONOFASICA DE FIERRO TIPO ENGRAMPE PARA EMPOTRAR DE 18 POLOS,1
39121302,LAMINA DE PROTECCION SOLAR PARA VIDRIOS DE EDIFICACIONES 2 m X 24 m,1
39121304,TAPA DE FIERRO GALVANIZADO DE 1/32 in X 15 cm X 15 cm PARA CAJA DE PASE,1
39121306,TABLERO DE DISTRIBUCION ELECTRICA DE PVC DE 10 in X 6 in X 4 in PARA EMPOTRAR,1
39121332,CAJA DE PASO DE PVC DE 6 cm X 6 cm X 4 cm,1
39121402,CONECTOR DE CABLE ELECTRICO BIPOLAR AGL TIPO 91R HEMBRA DE 4 A 6 mm2,1
39121405,AMARRE PREFORMADO DE ACERO GALVANIZADO DE 3/8 in,1
39121406,TOMACORRIENTE EMPOTRAR DOBLE TIPO CLAVIJA CON LINEA TIERRA SIN TAPA,1
39121414,VALVULA COAXIAL DE SISTEMA ELECTRONICO PARA AERONAVE,1
39121415,CONECTOR TIPO JUMPER PCB,1
39121420,CONECTOR DE TUBO CORRUGADO A CAJA DE FIERRO GALVANIZADO Y FORRO DE PVC DE 1/2 in,1
39121433,CONECTOR TIPO N MACHO DE 1 in,1
39121440,EXTENSION DE CORRIENTE DE 20 m CON CARRETE,1
39121441,CABLE DE CONEXION ELECTRICA ESTATICA DE MASA PARA AERONAVE,1
39121444,JACK RJ45 CAT 6,1
39121464,CURVA PARA INSTALACIONES ELECTRICAS DE FIERRO GALVANIZADO DE 2 in X 90º CON UNION DE PRESION,1
39121507,Interruptores de palanca,1
39121523,TEMPORIZADOR PARA THERMA ELECTRICA,1
39121528,CELDA FOTOELECTRICA COMPLETA,1
39121534,VARA LUMINOSA TIPO POLICIA,1
39121606,FUSIBLE TIPO CARTUCHO 101-2 DE 600 V 6 A,1
39121610,SUPRESOR DE PICO DE 6 TOMAS 220 V,1
39121612,FUSIBLE TIPO NH00 DE 500 V 160 A,1
39121620,Materiales de protección transitoria,1
39121634,"DESCARGADOR ATMOSFERICO DE SOBRETENSIONES  DE 1500V DC, 10 KA",1
39121705,GRAMPA PARA EMPLAME DE CABLE ELECTRICO,1
39121706,AISLADOR DE PORCELANA TIPO BUSHING DE 25 kV X 630 A X 430 mm X 300 mm,1
39121708,RIEL DIN RANURADO DE ACERO DE 1 m X 35 mm X 7.5 mm,1
39121718,EMPALME PARA CABLE 120 mm2,1
39121731,SEPARADOR DE CABLES DE FIERRO GALVANIZADO DE 2 in X 2 in X 90 cm PARA 5 LINEAS,1
39122108,VARILLA DE ANCLAJE DE FIERRO GALVANIZADO DE 19 mm X 2400 mm CON OJO TUERCA Y CONTRATUERCA,1
39122115,VARILLA DE ARMAR DE ALUMINIO TIPO PREFORMADO PARA CABLE AAAC DE 50 mm2 X 1.20 m,1
39122116,ADAPTADOR CASQUILLO OJO CORTO ACERO GALVANIZADO DE 18000 lb (80 KN) X 0.7 Kg,1
39122210,PRESOSTATO DE CONTROL DE PRESION DE 115 A 150 PSI,1
39122215,LLAVE DE CONMUTACION 300 A,1
39122216,INTERRUPTOR DOBLE PARA EMPOTRAR,1
39122237,INTERRUPTOR ELECTRICO 220/380 V 5 A,1
39122245,INTERRUPTOR DIFERENCIAL DE 2 X 25 A,1
39122324,RELE DE 1.5 A 4 A,1
39122326,RELE DE 24 V  AC/DC/NPN INPUT PARA TABLERO ELECTRICO,1
39122329,RELE DE 100 R 24 295,1
39122399,RELE DE 110 V,1
39131601,TUBO PARA INSTALACIONES ELECTRICAS CORRUGADO DE PVC DE 3 in,1
39131703,BANDEJA PORTACABLE DE FIERRO TIPO ESCALERILLA DE 2 mm X 10 cm X 20 cm,1
39131705,ACCESORIO TIPO CURVA DE FIERRO PARA BANDEJA PORTACABLE 15 cm X 20 cm,1
39131711,CODO INTERNO DE PVC PARA CANALETA DE 110 mm X 50 mm X 20 cm,1
39131712,BASTON J DE TUBO DE PVC DE 3/4 in X 1.80 m PARA ACOMETIDA,1
39131713,CONECTOR RECTO PARA TUBO FLEXIBLE 1.5 in,1
40101505,"ADQUISICIÓN DE DIFUSORES DE BURBUJA para la obra CREACIÓN DE LA PLANTA DE TRATAMIENTO DE AGUAS RESIDUALES DOMESTICAS Y OBRAS COMPLEMENTARIAS PARA EL ASENTAMIENTO URBANO MUNICIPAL HORACIO ZEBALLOS GÁMEZ Y LOCALIDADES DE ZONA SUR DEL DISTRITO DE CHARACATO EN EL A.U.M. HORACIO ZEBALLOS GÁMEZ, DISTRITO DE SOCABAYA, AREQUIPA, AREQUIPA",1
40101506,JUEGO DE VENTILADORES PARA GABINETE DE COMPUTO X 2,1
40101509,Clavos planos,1
40101510,DUCTO DE ACERO GALVANIZADO RECTANGULAR DE 16 in X 20 in X 1/32 in,1
40101512,SOMBRERO DE VENTILACION DE PVC SAL DE 3 in,1
40101602,INYECTOR DE AIRE TIPO CENTRIFUGO DE 3000 ft3/min,1
40101604,VENTILADOR ELECTRICO DE PARED DE 18 in,1
40101708,SERPENTIN PARA UNIDAD CONDENSADORA DE AIRE ACONDICIONADO INDUSTRIAL TIPO CHILLER,1
40101709,CLIMATIZADOR,1
40101715,SISTEMA ENFRIADOR DE AGUA PARA CAMARA CLIMATICA,1
40101801,BUJE GOMA DE TAPON PARA RADIADOR DE EQUIPOS DE REFRIGERACION,1
40101843,HORNO ELECTRICO DIGITAL TIPO MUFLA DE  5.8 LT DE 1200 °C,1
40101899,EQUIPO DE CALEFACCION INDUSTRIAL A GAS,1
40141604,VALVULA DE SEGURIDAD CUERPO DE BRONCE DE 1 in PARA CALDERO,1
40141606,VALVULA PARA FLUXOMETRO,1
40141607,VALVULA DE BOLA DE 1/2,1
40141608,VALVULA HIDRAULICA CON PILOTO REGULADOR CON OPCION ANGULAR Y GLOBO DE 2 in,1
40141610,VALVULA FLOTADOR DE BRONCE DE 1 1/2 in PN 16 SIN BOYA,1
40141611,"VALVULA ESFERICA DE 4""",1
40141618,VALVULA DE RETENCION DE ACERO AL CARBONO FUNDIDO 3 in X 150 lb ASTM A216,1
40141621,FLUXOMETRO PARA INODORO TIPO DIAFRAGMA,1
40141631,LLAVE DE PASO PARA MOTOPULVERIZADORA,1
40141636,JUEGO DE ACCESORIOS INTERNOS COMPLETO PARA TANQUE DE INODORO,1
40141639,"VALVULA DE BRONCE 1"" PARA TANQUE DE AGUA",1
40141648,"ELECTROVALVULA DE 2"" PARA EQUIPO DE RIEGO POR GOTEO",1
40141656,VALVULA MARIPOSA DE HIERRO FUNDIDO DUCTIL DE 50 mm X PN 16 CON BRIDA,1
40141719,BRAZO DE DUCHA,1
40141731,TOBERA 19.50 GPH X 80º B5,1
40141734,"VALVULA DE ACOPLE RAPIDO DE 1""",1
40141742,ATOMIZADOR ROTATORIO DE ACERO INOXIDABLE ELECTRICO CON SISTEMA DE GAS DE PROCESO,1
40141756,SOPORTE DE FIERRO PARA BANCO DE MEDIDORES DE AGUA,1
40141759,SUMIDERO DE BRONCE DE 2 in,1
40141913,CANALETA DE CONCRETO ARMADO DE 40 cm X 40 cm X 4 m,1
40142011,MANGUERA MELLIZA PARA USO OXIACETILENICO,1
40142019,MANGUERA REDONDA DE NITRILO DE 2 1/2 in,1
40142503,TRAMPA TERMODINAMICA DE 1/2 in PARA VAPOR,1
40142508,CANASTILLA DE BRONCE 4 in,1
40142510,TRAMPA TERMOSTATICA DE VAPOR 1/2 in,1
40151501,BOMBA AIREADORA - BLOWER,1
40151505,BOMBA DE DOSIFICACION DE ACERO INOXIDABLE DE 2 HP 100 l/h PASTA PARA DECANTER,1
40151517,PLANTA DE TRATAMIENTO DE AGUAS SERVIDAS PARA BARCO,1
40151519,Bombas para servicios sanitarios,1
40151522,Bombas de osmosis inversa,1
40151562,ELECTROBOMBA DE EJE LIBRE 60 HP,1
40151564,BOMBA PARA TRASIEGO DE 2 HP,1
40151580,BOMBA DE LUBRICACION PARA MOTOR DE LOCOMOTORA,1
40151604,COMPRESOR DE HIDROGENO DE 300 BAR,1
40151718,ASIENTO DE ACERO PARA VALVULA DE BOMBA DE LODOS,1
40151721,SELLO HIDRAULICO CONICO DE 20 mm PARA BOMBA DE AGUA,1
40161501,Filtros al vacío,1
40161511,FILTROS COALESCENTES,1
40161527,ACOPLES COMPLETOS DE FILTRO HIDRAULICO DE ALTA PRESION DE HELICE DE AERONAVE,1
40161704,BANCO DE PRUEBA PARA HIDROCICLON,1
40161806,ADQUISICION DE FILTRO DE DISCO PARA LA PTAR HUASCAR,1
40171507,TUBO RECTANGULAR DE ALUMINIO DE 1 1/2 in X 2 in X 6 m,1
40171508,DUCTO DE CHIMENEA DE LATON Nº 4 DE 4.5 in X 2.5 m CON CAPUCHA,1
40171522,TUBO CUADRADO DE ACERO INOXIDABLE DE 1.5 mm X 30 mm X 60 mm,1
40171605,TUBO DE ACERO CEDULA 80 DE 2 in,1
40171607,"TUBO DE ALUMINIO DE 0.5 mm X 3/4""  X 1 m PARA CUBIERTA DE TUBERIA",1
40171608,TUBO DE BRONCE DE 3/8 in X 40 cm,1
40171610,TUBO DE CONCRETO ARMADO DE 20 in X 1.2 m X 4 in,1
40171612,TUBO DE FIERRO GALVANIZADO DE 3/4 in X 1/8 in X 6 m,1
40171619,TUBO DE POLIETILENO DE ALTA DENSIDAD (HDPE) PARA ALCANTARILLADO PE-100 SDR 33 S16 SN 2 X 250 mm,1
40171701,ADAPTADOR DE TUBERIA DE BRONCE DE 1/4 in EMBONE HEMBRA/ROSCA HEMBRA,1
40171702,ADAPTADOR DE TUBERIA DE ACERO DE 1 1/4 in X 1 1/4 in ROSCA HEMBRA/ROSCA MACHO,1
40171906,BRIDA AJUSTABLE DE ALUMNIO DE 6 in,1
40172204,BRIDA CIEGA DE ACERO FORJADO CARA REALZADA CEDULA 80,1
40172303,REDUCCION TIPO BUSHING DE FIERRO GALVANIZADO CON ROSCA DE 1 1/2 in A 1 in,1
40172308,BOCINA DE CAUCHO TIPO CARRETE 19 mm X 26 mm X 23 mm,1
40172399,REDUCCION DE FIERRO GALVANIZADO TIPO BUSHING CON ROSCA DE 2 in A 1/2 in,1
40172501,CONECTOR DE BRONCE DE 3/32 in,1
40172604,ACOPLE FLEXIBLE DE AMPLIO RANGO DE HIERRO DUCTIL DE 110 mm,1
40172606,"COPLE DE ALUMINIO EN TEE DE 3/4""",1
40172802,"CODO DE ACERO DE 180° PARA SOLDAR DE 4"" SIN COSTURA CEDULA 80 GRADO B RADIO LARGO",1
40172803,CODO CON ROSCA DE FIERRO FUNDIDO 2 in X 45º,1
40172804,CODO DE HIERRO DUCTIL DE 3/32 X 45º PARA SOLDAR O PEGAR,1
40172807,CODO DE ACERO INOXIDABLE DE 1 1/4 in X 90º CON ROSCA,1
40172808,CODO DE PVC-U CLASE 10 DE 1 1/4 in X 90º CON UNION DE PRESION,1
40172809,CODO DE CPVC CON UNION DE PRESION DE 1/2 in X 90º,1
40172811,CODO DE POLIPROPILENO PPR-100 PN 20 DE 110 mm X 45º PARA SOLDAR O PEGAR,1
40173101,BRIDA DE CUELLO DE ACERO ASTM A182 GRADO F9 CEDULA 80 DE 5 in PARA SOLDAR,1
40173202,BRIDA DE CUELLO DE ACERO FORJADO ASTM A182 GRADO F5 CEDULA 80 DE 8 in PARA SOLDAR,1
40173301,NIPLE DE BRONCE DE 1 in X 1 1/2 in,1
40173309,NIPLE DE FIERRO GALVANIZADO DE 1 1/2 in X 10 in,1
40173402,BRIDA ROMPE AGUA DE TUBO SCH-40 ISO 7005-2 DN 200 mm X 65 cm CON BRIDA FORJADA,1
40173508,TAPON MACHO DE PVC UF CLASE 10 DE 110 mm CON UNION DE PRESION,1
40173512,TAPON HEMBRA DE COBRE 1 1/2 in CON ROSCA,1
40173601,REDUCCION CAMPANA DE BRONCE DE 1/2 in A 3/8 in CON ROSCA,1
40173603,REDUCCION DE HIERRO FUNDIDO DUCTIL CON BRIDA ISO 2531 PN 16 DN 300 mm X 200 mm,1
40173608,REDUCCION TIPO CAMPANA DE PVC-U CLASE 10 DE 110 mm A 90 mm CON UNION FLEXIBLE,1
40173615,REDUCCION CON ROSCA DE FIERRO GALVANIZADO DE 2 in X 1/2 in,1
40174603,"TEE CON ROSCA DE FIERRO FUNDIDO DE 2""",1
40174604,TEE DE HIERRO DUCTIL NTP-ISO 2531-2001 CLASE 10 DN 200 mm X 200 mm,1
40174607,TEE DE ACERO INOXIDABLE DE 1/2 in X 1/2 in CON ROSCA,1
40174608,TEE CON ROSCA DE PVC SAP PARA AGUA TIPO UF CLASE 10 160 mm X 160 mm,1
40174610,"TEE PARA PEGAR DE PVC SAL DE 4"" X 4""",1
40174708,BRIDA DE PVC DE 2 in PARA VALVULA MARIPOSA,1
40174904,UNION CON ROSCA DE FIERRO DUCTIL 1 in,1
40174907,"UNION CON ROSCA DE ACERO INOXIDABLE SIMPLE DE 1 1/4""",1
40174908,UNION SIMPLE DE POLIPROPILENO CLASE 16 DE 1 in CON ROSCA,1
40174909,UNION SIMPLE DE CPVC DE 1/2 in CON ROSCA,1
40174911,UNION SIMPLE DE POLIETILENO DE ALTA DENSIDAD (HDPE) DE 1 in CON UNION DE PRESION,1
40175208,YEE PARA PEGAR DE PVC UF DE 90 mm,1
40175304,CONEXION A CAJA PVC SAP DE 1 in PARA INSTALACION ELECTRICA,1
40183006,CAPUCHON TERMOCONTRAIBLE DE 10 mm2,1
40183102,TEE DE BRONCE CROMADO DE 3 in X 3 in CON ROSCA,1
40183105,BOQUILLA DE CAPTACION DE ACERO DE 1/4 in,1
40183107,ACOPLE DE ALUMINIO 1 in PIN,1
41101515,BIDON DE POLIPROPILENO CON ASAS Y ESPITA X 50 L,1
41101702,MORTERO DE VIDRIO X 300 mL CON PILON,1
41102425,SECADORA ELECTRICA DE 25mm X 200mm X 80mm PARA LAMINA PORTAOBJETO,1
41102604,AGUJA HIPODERMICA DE PUNTA BISELADA DE 0.9 mm X 25 mm X 10 UNIDADES PARA DARDO TRANQUILIZANTE DE ANIMALES,1
41102705,EQUIPO DIGITAL PARA DETERMINACION DEL PUNTO DE ESCURRIMIENTO CON SISTEMA DE LIMPIEZA AUTOMATICO,1
41102910,COSECHADOR DE CELULAS ESTERIL CON MANGO DE POLIESTIRENO DE 18 X 1.8 cm X 100,1
41102925,ANALIZADOR DE MARCADORES TUMORALES,1
41103001,PLANCHA DE ENFRIAMIENTO,1
41103019,CONGELADOR DE PLASMA -70ºC,1
41103033,RECIPIENTE DEWAR PARA NITROGENO LIQUIDO CON BOMBA EXTRACTORA,1
41103205,MODULO DE ACERO INOXIDABLE DE 01 POZA SANITARIA DE 88 X 25 X 20 cm PARA LAVADO,1
41103206,REACTIVO SOLUCION SULFOCROMICA,1
41103207,LAVADORA DE MICROPLACAS PARA ELISA,1
41103209,BOTELLA DE VIDRIO CLASE A X 13 L CON TAPON PARA LABORATORIO,1
41103212,ESCOBILLA DE NYLON CON MANGO DE METAL DE  25 cm APROX. PARA LAVAR INSTRUMENTOS DE LABORATORIO,1
41103309,EQUIPO MANUAL DE DEMOSTRACION AERODINAMICA,1
41103310,ESTACION AUTOMATICA DE REGULACION Y MEDICION DE GAS NATURAL,1
41103316,PICNOMETRO DE VIDRIO BOROSILICATO 25 mL APROX. CON TERMOMETRO PARA USO DE LABORATORIO,1
41103705,BAÑO DE ORGANOS AISLADOS RANGO DE 20 C - 40 C X 50 mL APROX.PARA USO DE LABORATORIO,1
41103713,AMILOGRAFO DIGITAL X 500 mL APROX. PARA MEDIR VISCOSIDAD,1
41103716,DESCONGELADOR AUTOMATICO X 4 BOLSAS 500 mL DE 10 A 40 C PARA PLASMA,1
41103801,MEZCLADOR DE MUESTRAS - TERMOMEZCLADOR,1
41103804,APARATO MANUAL DE VIDRIOPARA PRUEBA DE DECANTACION/COAGULACION/FLOCULACION,1
41103813,ROTADOR SEROLOGICO,1
41103901,MICROCENTRIFUGA NO REFRIGERADA DE 4 TUBOS X 2 mL DE 15000 RPM X 10 PROGRAMAS,1
41103913,ADAPTADOR PARA 12 TUBOS DE 15 mL PARA CENTRIFUGA THERMO IEC,1
41104007,ROSETA MUESTREADORA DE AGUA,1
41104021,Colector Drenaje LCR,1
41104105,"BOLSA MICROPOROSA 15"" X 20"" PARA LABORATORIO",1
41104112,FRASCO COLECTOR PARA MUESTRA DE ORINA CON TAPA 90 mL,1
41104202,DESIONIZADOR ELECTRICO - DESMINERALIZADOR,1
41104203,RESINAS CATIONICAS DE ACIDO DEBIL PARA INTERCAMBIO IONICO DE AGUA ULTRAPURA,1
41104206,MODULO DE ULTRAPURIFICACION DE ELIMINACION DE CONTAMINANTES PARA EQUIPO PURIFICADOR DE AGUA,1
41104207,KIT DE REACTIVOS PARA DETERMINACION DE DUREZA DE AGUA (RANGO 0 - 200 PPM) X 300 PRUEBAS,1
41104208,DESHIDRATADOR,1
41104307,CAMARA DIGITAL DE FERMENTACION PARA USO DE LABORATORIO,1
41104399,EQUIPO DE FERMENTACION,1
41104404,INCUBADORA PARA DBO (DEMANDA BIOQUIMICA DE OXIGENO),1
41104504,ESTUFA DE VACIO DIGITAL 10 C A 250 C DE 25 L PARA USO DE LABORATORIO,1
41104601,HORNO DE BARRO DE 500 C DOBLE CAMARA,1
41104701,SECADORA ROTATIVA HORIZONTAL DE 2.0HP MOTOR A GAS PROPANO,1
41104901,FILTRO DE LINEA PARA ANALIZADOR DE GASES,1
41104908,FILTRO DE CARTUCHO DE POLIFLUORURO DE VINILIDENO (PVDF) DE 1.2 ÁM X 20 IN X 3,1
41104909,SOPORTE DE FIERRO DE 1.2 m DE ALTURA PARA 2 JARRAS SEDIMENTALES DE 10 cm DE DIAMETRO,1
41104913,FILTRO DE LEUCORREDUCCION PARA HEMATIES,1
41104929,PAPEL FILTRO DE CELULOSA DE 3 cm X 1 cm,1
41105001,DEPURADOR NEUTRALIZADOR DE VAPORES ACIDOS,1
41105101,CAMARA DE PRESION Y VACIO,1
41105323,KIT DE REACTIVOS PARA ELECTROFORESIS DE PROTEINURIA SDS X 50 DETERMINACIONES,1
41105502,KIT DE EXTRACCION DE ADN A PARTIR DE HECES X 50 DETERMINACIONES,1
41106001,EQUIPO DE FLUORESCENCIA,1
41106103,TARJETA DE TIPIFICACION DE GRUPO SANGUINEO EN GEL ABO - RH,1
41106201,REACTIVO TIOUREA P.A.,1
41106208,CUBETA DE POLICARBONATO 0.2 mm APROX.CON TAPONES DE ELECTROPORACION,1
41106213,MEDIO DE CULTIVO CALDO DE ENSAYO VITAMINA ACIDO NICOTINICO,1
41106217,PLACA DE SILICE  POR 2.5cm X 7.5 cm PARTICULAS DE 5 - 40um PARA RECUENTO DE COLIFORMES,1
41106220,EXTRACTO DE MALTA X 500 g,1
41106303,KIT PARA PURIFICACION DE PRODUCTOS DE PCR X 250 DETERMINACIONES,1
41106313,KIT DE REACTIVOS P/AFLP C/PRIMER MARCADO C/SUSTANCIA FLUORESCENTE IRDYE700 X 100 DETERMINACIONES,1
41106507,ESTUCHE DE ENSAYO PARA VALORACION BIOLOGICA DE INSECTICIDAS EN LA PARED,1
41106513,CEPA DE RATONES ALBINOS CONSANGUINEOS,1
41106609,SISTEMA PARA CITOGENETICA/CARIOTIPO/FISH/MFISH/CGH/SKY,1
41106701,MEDIDOR DIGITAL PORTATIL DE INDICE DE AREA FOLIAR,1
41106707,DENDROMETRO MECANICO TIPO CINTA DE ACERO INOXIDABLE DE 64 mm PARA MEDIDA DE TALLOS,1
41111516,CELDA DE CARGA DE 1 Kg PARA CALIBRACION DE PESAS Y MASAS,1
41111602,PODOSCOPIO ELECTRONICO PARA USO ORTOPEDICO,1
41111604,JUEGO DE REGLAS DE ACRILICO X 8 PIEZAS,1
41111606,TELUROMETRO DIGITAL,1
41111614,TALLIMETRO (MAYOR A 1/8 UIT) DE MELAMINA,1
41111617,JUEGO DE BLOQUES PATRON LONGITUDINAL X 122 PIEZAS,1
41111621,CALIBRADOR DE INYECTORES,1
41111626,MATERIAL DE REFERENCIA DE FILTROS CON CUARZO RESPIRABLE,1
41111633,SENSOR AIRE,1
41111646,MEDIDOR TELESCOPICO DE ALTURA SISTEMA ELECTRONICO PARA ATLETISMO,1
41111652,TARJETA DE ENTRADA Y SALIDA DE DATOS DE PANEL DE CONTROL PARA MAQUINA DE PRUEBA DE COMPRESION,1
41111705,OBJETIVO 50X PARA MICROSCOPIO BINOCULAR,1
41111706,EQUIPO DIGITAL DE FOTOMICROSCOPIA,1
41111714,JUEGO DE LUPAS CON MANGO DE PLASTICO X 3 PIEZAS,1
41111717,BINOCULARES,1
41111729,FILTRO DE POLARIZACION,1
41111738,NEUROFIBROSCOPIO DIGITAL DE  5.8 mm x 450 mm APROX.,1
41111804,EQUIPO ULTRASONIDO PORTATIL PARA ENSAYOS NO DESTRUCTIVOS,1
41111809,EQUIPO MECANICO PARA PROBAR HERMITICIDAD DE CULATAS,1
41111905,EQUIPO DIGITAL MULTIMETRO PARA MEDICION DE PARAMETROS DIELECTRICOS,1
41111935,CAJA LECTORA A CUERDA VIBRANTE PARA INCLINOMETRO,1
41111945,MODULO DE ENSEÑANZA PARA DILATACION TERMICA LINEAL,1
41111950,MEDIDOR DE NIVEL DE PRECISION DIGITAL,1
41111962,ESFERA DE CALIBRACION DE TUNGSTENO CARBIDE DE 38.1 mm DE DIAMETRO PARA ECOSONDA CIENTIFICA,1
41111973,CONTADOR DIGITAL DE PARTICULAS MICROSCOPICO,1
41112104,PARLANTES Y MICROFONO PARA SISTEMA DE COMUNICACION EN CASCO DE BUCEO,1
41112110,TRANSDUCTOR DE PRESION CON MANOMETRO DE 0 - 300 PSI,1
41112207,TERMOGRAFO,1
41112219,CONECTOR DE SENSOR DE VELOCIDAD Y DIRECCION DE VIENTO PARA ESTACION METEOROLGICA,1
41112220,TERMOMETRO DIGITAL RANGO -20.0ºC A 70.0ºC PARA REFRIGERADORA,1
41112239,TERMOMETRO DIGITAL RANGO -50ºC A 70ºC CON SENSOR,1
41112301,TERMOHIGROMETRO DIGITAL DE PARED DE 0 A 50ºC RANGO DE HUMEDAD DE 20 A 99% PARA USO DE LBORATORIO,1
41112403,MEDIDOR DIGITAL DE FUERZA DE DESPRENDIMIENTO DE METALES,1
41112411,MODULO DE PRACTICAS CON PANEL DE TRABAJO PARA LABORATORIO INCLUYE EQUIPOS,1
41112508,GASOMETRO,1
41112701,MAQUINA TRATADORA QUIMICA DE SEMILLAS,1
41112801,VELOCIMETRO DIGITAL 32 V PARA LOCOMOTORA,1
41112802,TACOMETRO ANALOGICO PARA USO AERONAUTICO,1
41112899,MODULO DE CONTROL PARA KOMATSU COD. REF. 7831516100,1
41112901,GIROCOMPAS,1
41112902,MODULO DE TECNOLOGIA DE RADARES,1
41113027,MICROOSMOMETRO,1
41113034,TIRAS DE PAPEL INDICADOR DE PH RANGO 6.8 A 10.0,1
41113037,LECTOR DE MICROPLACAS,1
41113103,TUBO DE GRAFITO CON PLATAFORMA PARA HORNO DE GRAFITO GBC X 10,1
41113108,SENSOR DIGITAL PORTATIL DETECTOR DE NO,1
41113110,ANALIZADOR DE OXIGENO,1
41113113,ANALIZADOR DE GASES - DIOXIDO DE AZUFRE,1
41113333,ANALIZADOR DIGITAL DE POTECIAL ZETA O MOBILIDAD ELECTROFORETICA,1
41113601,AMPERIMETRO DIGITAL DE TABLERO DE 0 A 20 A,1
41113621,IMPEDANCIMETRO,1
41113622,BOBINA DE ACTIVACION PARA MAQUINA DE OCTANOS,1
41113631,"MEDIDOR DIGITAL DE COMPONENTES PASIVOS INDUNTANCIA, CAPACITANCIA Y RESISTENCIA",1
41113639,ACELEROMETRO TRIAXIAL DIGITAL RANGO -20 a +70 C PARA MONITOREO SISMICO,1
41113647,SIMULADOR SOLAR ELECTRONICO PARA CALCULAR LA ENERGIA SOLAR FOTOVOLTAICA,1
41113685,MODULO DE ENSEÑANZA DE FISICA MOVIMIENTO DE ROTACION,1
41113702,MONOCOMPARADOR DIGITAL PARA FOTOGRAMETRIA,1
41113717,MODULO DE ENSEÑANZA PARA FISICA EN DISCO OPTICO CON DIODO LASER,1
41113733,CAMARA ANECOICA DE 95 GHz 240 cm x 90 cm x 60 cm,1
41113807,"RESISTIVIMETRO DE 0,1 Hz A 92 kHz HASTA 1000 m DE PROFUNDIDAD PARA EXPLORACION DE TERRENO",1
41113825,CAMARA DIGITAL TRIAXIAL PARA ANALISIS DE SUELO,1
41113902,KIT DE TUBOS PARA SISTEMA DE VALVULA PARA EQUIPO DE DISOLUCION DISTEK 2100B X 8,1
41113904,PENETROMETRO MANUAL PARA MEDIR DUREZA DE FRUTAS,1
41113905,EQUIPO MANUAL DE PERMEABILIDAD,1
41113906,EQUIPO ELECTRONICO AUTOMATICO PARA MEDIR LA SUPERFICIE,1
41113909,LISIMETRO DE SUCCION CON TUBO DE 30 cm,1
41113910,EQUIPO MULTIFUNCIONAL PARA ENSAYOS DE SUELO,1
41114001,CLINOMETRO,1
41114107,SISMOMETRO,1
41114204,TEOTERMOMETRO,1
41114218,PLANIMETRO,1
41114413,CEILOMETRO LASER DIGITAL PARA MEDICION DE ALTURA DE NUBES,1
41114415,SENSOR DIGITAL METEOROLOGICO DE DETECCION DE RAYOS,1
41114425,PIRANOMETRO,1
41114427,ANEMOSCOPIO DE NILON-MANGA DE VIENTO PARA AEROPUERTO,1
41114501,DINAMOMETRO,1
41114528,MOTOR DE UN CILINDRO DE COMPRESION VARIABLE PARA BANCO DE PRUEBAS,1
41114616,MODULO DE ENSEÑANZA DEMOSTRATIVO PARA LA LEY DE HOOKE,1
41114619,APARATO DE CORTE DIRECTO RESIDUAL,1
41114623,MODULO DE ENSEÑANZA PARA FLEXION TRANSVERSAL Y ABSORCION DE ENERGIA,1
41114627,EQUIPO DE AFINAMIENTO DE ESTRUCTURAS DE METAL,1
41114633,MODULO DE ENSEÑANZA LINEAL UNIVERSAL CON SISTEMA DE GOLPE,1
41114650,MOLDE DE COMPACTACION 6 in PARA MARTILLO COMPACTADOR,1
41115203,SENSOR DE HUMEDAD DE SUELO PARA ESTACION METEOROLOGICA,1
41115317,ESTROBOSCOPIO DE MANO DIGITAL,1
41115510,EQUIPO DIGITAL DE CORRELACION PARA LOCALIZAR FUGAS,1
41115602,TITULADOR AUTOMATICO,1
41115604,"ELECTRODO DE REFERENCIA Ag/AgCl 3,0 M KCl  0,6-12,6 Ph DE 200 mm  X 1 m",1
41115608,ELECTRODO DE ION SELECTIVO PARA CLORURO,1
41115611,SISTEMA DE BOTELLAS DE 492 mL DE 700 mg/L PARA MEDICION DE DEMANDA BIOQUIMICA DE OXIGENO (DBO),1
41115613,SALINOMETRO DIGITAL PORTATIL PARA MEDIR CALIDAD DE AGUA,1
41115710,"COLUMNA PARA HIDROCARBUROS PESADOS 30 M X 0.53 mm, 1.5 um USO EN EQUIPO CROMATOGRAFO DE GASES",1
41115803,TIRA REACTIVA PARA TIPIFICACION DE HLA HUMANO,1
41115808,KIT DE INICIO PARA FUNCIONAMIENTO DE ANALIZADOR BIOQUIMICO X 500 DETERMINACIONES,1
41115809,COAGULOMETRO AUTOMATIZADO 60 TEST/HORA 150 mL PARA USO HOSPITALARIO,1
41115812,TARJETA PARA IMPREGNAR ADN DE MUESTRAS DE FLUIDOS BIOLOGICOS DE 4 CIRCULOS X 100,1
41115819,AUTOANALIZADOR INMUNOLOGICO,1
41115833,EQUIPO ELECTRONICO PARA MEDIR SUPERFICIE DE PIELES DE 1.9 mm x 3.7 mm x 960 mm APROX.,1
41115834,SOLUCION ELECTROLITICA BALANCEADA SIN AZIDA PARA CITOMETRO DE FLUJO,1
41115868,SISTEMA AUTOMATICO DE PULIDO DE PUNTAS PARA ESTAMPAR MATRICES DE MONEDAS,1
41116001,PEPTIDO SINTETICO ESAT-6 LIOFILIZADO 10 mg,1
41116007,PRUEBA RAPIDA MULTIDROGAS DIAZONIO 100 ml + TIOCIANATO DE COBALTO 100 ml,1
41116015,ANTICUERPO MONOCLONAL CD 20 CON CON PACIFIC BLUE/V450 X 0.5 mL,1
41116016,AGUA DE CONDUCTIVIDAD NOMINAL 0 mS/cm (5 FRASCOS DE 100 mL C/U),1
41116111,MEDIO ESENCIAL MINIMO CON SALES EARLE (POLVO) L-GLUTAMINA SIN BICARBONATO DE SODIO X 50 L,1
41116131,"KIT DE DETECCION MOLECULAR RAPIDA DE RESISTENCIA A FLUOROQUINOLONAS, AMINOGLUCOSIDO Y ETAMBUTOL PARA MYCOBACTERIUM TUBERCULOSIS X 96 DET",1
41116136,Kits o suministros para pruebas de análisis de orina,1
41116141,REACTIVO COLORANTE AZUL BRILLANTE DE COOMASIE R-250,1
41116147,PAPEL CONTROL PARA PRUEBA DE SUSCEPTIBILIDAD DE MOSQUITOS ADULTOS A PIRETROIDES X 8,1
41116168,LABORATORIO PORTATIL METODO FILTRACION POR MEMBRANA PARA ANALISIS DE COLIFORMES TOTALES Y FECALES,1
41116222,Medidor o monitor de prueba de bilirrubina en sangre,1
41121503,MICROPIPETA MECANICA DE 12 CANALES VOLUMEN VARIABLE  5 - 100 ÁL,1
41121508,MICROPIPETA MECANICA UN CANAL VOLUMEN VARIABLE 0.1 ÁL - 0.5 ÁL,1
41121509,PIPETA DE TRANSFERENCIA 1 mL,1
41121510,PIPETA DE VIDRIO CLASE A  GRADUADA 10 mL,1
41121511,PIPETA PLASTICO PARA ABSORCION,1
41121515,ASPIRADOR DE PIPETA CON MEDIDOR GRADUABLE HASTA 10 mL,1
41121516,DISPENSADOR DE LIQUIDOS DE PLASTICO GRADUABLE 2.5 mL A 25 mL,1
41121607,TIPS 30º ABS ROUND FLARED 1.1 mm PARA EQUIPO ALCON,1
41121702,TUBO DE POLIPROPILENO X 1.5 mL CON TAPA ROSCA PARA MICROCENTRIFUGA,1
41121704,CRIOVIAL DE POLIPROPILENO ESTERIL 2.0 mL CON TAPA GRADUADO,1
41121707,MICROTUBO DE PLASTICO X 0.8 mL PARA EXTRACCION CON GEL SEPARADOR,1
41121708,MICROTUBO DE PLASTICO X 0.3 mL PARA EXTRACCION CON EDTA,1
41121710,TAPA DE PLASTICO MEDIANO X 100,1
41121805,PROBETA DE VIDRIO CLASE A GRADUADA 100 mL CON TAPA DE POLIETILENO,1
41121806,FRASCO VIAL DE VIDRIO TRANSPARENTE X 20 mL CON TAPA ROSCA,1
41121809,EMBUDO DE VIDRIO DIAMETRO 70 mm VASTAGO CORTO,1
41121810,COPA DE ACERO INOXIDABLE GRADUADA X 500 mL PARA USO DE LABORATORIO,1
41121811,LABORATORIO PORTATIL,1
41121814,CUBIERTA OPTICA PARA PCR EN TIEMPO REAL,1
41121815,CONEXION UNIVERSAL PARA MANGUERA,1
41122107,CAMARA DE CULTIVO CELULAR DE POLIESTIRENO TIPO FALCON 96 POCILLOS,1
41122202,CAPSULA DE PORCELANA DE 45 mm X 115 mm,1
41122401,VARILLA DE ACERO INOXIDABLE NO ROSCABLE DE 12 mm X 45 cm APROX PARA USO DE LABORATORIO,1
41122404,PINZA DE ACERO INOXIDABLE X 30 cm  PARA USO DE LABORATORIO,1
41122411,RELOJ DIGITAL TEMPORIZADOR X 60 MINUTOS CON ALARMA,1
41122502,TAPON DE JEBE CONICO PARA TUBO DE 13 mm X 100 mm,1
41122602,LAMINILLA CUBRE OBJETO 22 mm X 40 mm X 1000,1
41122604,CAMARA DE NEUBAUER DE VIDRIO 4 mm X 30 mm X 70 mm PARA USO DE LABORATORIO,1
41122703,"PRECINTO DE PLASTICO 1"" X 100",1
41122802,PORTA LAMINA DE MADERA PARA 25 LAMINAS PARA USO HISTOLOGICO,1
41123003,DESECADOR DE POLIPROPILENO CON TAPA POLICARBONATO DE 330 mm X 262 mm PARA USO DE LABORATORIO,1
42121511,ESTUCHE DE DISECCION X 20 PIEZAS PARA USO VETERINARIO,1
42121601,Productos veterinarios gastrointestinales,1
42121603,FURALTADONA + VITAMINA K 18 g + 500 mg PLV 100 g PARA USO VETERINARIO,1
42121608,PINZA DE ACERO INOXIDABLE DESCOLMILLADORA PARA USO VETERINARIO,1
42121803,VAGINA ARTIFICIAL PARA OVINO,1
42131501,BABERO DE DRILL DE 270 g/m2 TITULO 20/1 Y 12/1 DE 0.40 m x 0.35 m APROX. CUELLO CON TIRAS COLOR BLANCO PARA PACIENTE,1
42131505,"KIT DE RECIEN NACIDO (01 MANTA, 01 ROPA PARA BEBE, 04 PAÑALES)",1
42131509,BATA DE POLIESTER POLAR DE 250 g/m2 TALLA L PARA PACIENTE,1
42131511,TRUZA DESCARTABLE TALLA L,1
42131611,GORRO DESCARTABLE,1
42131705,PANTALON DESCARTABLE TALLA L,1
42131708,ESPONJA DE ESPUMA DE POLIURETANO IMPREGNADA CON JABON 2.5 cm X 8 cm X 13 cm,1
42141504,APLICADOR DE MADERA CON PUNTA DE ALGODON 3 IN,1
42141606,ESTRUCTURA DE ACERO INOXIDABLE DE PARED PARA PORTA CHATAS Y PAPAGAYOS,1
42141608,FORRO DE DRIL CRUDO 100 % ALGODON 220 g/m2 Y 20/ 1 Ne DE 2.20 m X 1.30 m X 0.20 m PARA COLCHON,1
42141701,BOMBA DE IMPULSION,1
42141705,ALMOHADILLA GEL POLIMERO DE POSICIONAMIENTO CABEZA CUBITO DORSAL PEDIATRICO SEMITUBULAR 15 cm X 7.5 cm PARA USO QUIRURGICO,1
42141803,ADQUISICION DE CABLE N2XSY 26/45 KV PARA CONTINGENCIA EN EL SISTEMA DE TRANSMISION,1
42141805,CATETER BIPOLAR DE ESTIMULACION 110 cm,1
42141809,EQUIPO DIGITAL ELECTROESTIMULADOR MUSCULAR PORTATIL DE USO CLINICO,1
42141904,CASQUILLO DE PERFORACION DOBLE PARA CLAVO DE TITANIO DE 2.5 mm APROX. PARA USO QUIRURGICO,1
42142110,BOLSA DE FIBRA DE VIDRIO PARA HIELO DESCARTABLE X 1 kg APROX.,1
42142112,ESTACION DE INCLUSION INTEGRADA,1
42142119,EQUIPO ELECTRONICO DE HIPOTERMIA PARA USO CLINICO,1
42142201,TANQUE DE HIDROTERAPIA PARA MIEMBROS INFERIORES,1
42142202,TANQUE DE PARAFINA CAPACIDAD 10 kg,1
42142204,ASIENTO DE ACERO QUIRURGICO PARA TANQUE DE HIDROTERAPIA,1
42142304,FORMATO UNICO DE ATENCION AUTOCOPIATIVO PARA REGISTRO DIARIO DE PACIENTES BLOCK X 50 HOJAS,1
42142406,SET DE SUCCION / IRRIGACION,1
42142507,ALITA DESCARTABLE Nº 21 G X 3/4 in,1
42142512,AGUJA FISTULA ARTERIAL VENOSA Nº 16 G X 1 in,1
42142517,EXTENSION PARA VENOCLISIS CON LLAVE DE TRIPLE VIA X 10 cm,1
42142518,PINZA DE BIOPSIA BABY-TISCHLER 25 cm,1
42142530,AGUJA DE ACERO INOXIDABLE TIPO HUBER Nº 20 g X 17 mm PARA USO HOSPITALARIO,1
42142531,RECIPIENTE DE POLIETILENO PARA MATERIAL PUNZO CORTANTE 4 L,1
42142532,PARCHE DE PERICARDIO BOVINO 7 cm X 7 cm,1
42142534,AGUJA PARA CATETER IMPLANTABLE CON PUERTO DE TITANIO 20 G X 25 cm,1
42142536,CATETER DE POLIURETANO DESCARTABLE  TORAXICO RECTO Nº 14 PARA USO QUIRURGICO,1
42142608,JERINGA DESCARTABLE 60 mL SIN AGUJA,1
42142611,JERINGA DE POLIPROPILENO TIPO DESCARTABLE DE TUBERCULINA 1 mL CON AGUJA 25 g X 3/8 in,1
42142708,PUENTE CON DOS ENTRADAS TABULARES PARA CISTOSCOPIO,1
42142711,EQUIPO PARA RESECCION ENDOSCOPICA DE PROSTATA,1
42142902,LENTE DE POLICARBONATO ANTIRREFLEJANTE CON TECNOLOGIA ANTIPOLVO ANTISUCIEDAD ESFERA  DE 0.00 A 10.00  CILINDRO DE -2.25 A -4.00,1
42142914,LIMPIADOR ENZIMATICO DE TRIPLE ACCION PARA LENTE DE CONTACTO TAB,1
42143103,DISPOSITIVO INTRAUTERINO DE COBRE,1
42143105,ELECTRODO DE ASA LEEP DE 10 mm X 20 mm X 12 cm CON ALAMBRE DE TUNGSTENO,1
42143512,HISOPO DE PLASTICO CON TORUNDA DE ALGODON DE 3 in X 100,1
42143605,FAJA ELASTICA TALLA L CON TIRANTES PARA SOPORTE LUMBAR,1
42143802,TRANSDUCTOR TIPO CARTUCHO PARA MEDIDOR DE URODINAMIA,1
42144201,AGUJA DE ACUPUNTURA DESCARTABLE 1 1/2 in,1
42144406,CATETER DE POLIURETANO DESCARTABLE  DE SUCCION CON SONDA DE ASPIRACION 47 cm PARA USO QUIRURGICO,1
42151501,EQUIPO ELECTRONICO DE FOTOPOLIMERIZACION PARA USO CLINICO,1
42151601,ADAPTADOR CON REGULADOR PARA UNIDAD DENTAL,1
42151602,CINTA MATRIZ METALICA X 3 m,1
42151604,MICROBROCHA PARA APLICACION DE ADHESIVO X 100,1
42151614,FRESA DE CARBURO DE TUNGSTENO TIPO CILINDRICA LARGA DE ALTA VELOCIDAD DE 2.1 mm PARA USO QUIRURGICO,1
42151618,BOTADOR ELEVADOR DE ACERO INOXIDABLE ANGULADO IZQUIERDA PUNTA REDONDA DE 3mm PARA USO ODONTOLOGICO,1
42151620,CURETA PARA DENTINA BIACTIVA MEDIANA,1
42151623,FORCEP DE ACERO INOXIDABLE TIPO RECTO DE 28 cm PARA EXTRACCION ODONTOLOGICA,1
42151636,DESTARTARIZADOR MANUAL DE ACERO INOXIDABLE,1
42151641,TALLADOR DE ACERO INOXIDABLE TIPO WHITE BIACTIVO DE 16 cm PARA AMALGAMA,1
42151656,JUEGO DE SEPARADOR DE CARRILLO DE RESINA,1
42151704,BASE Y SOPORTE PARA ESCUPIDERA DE UNIDAD DENTAL,1
42151808,CAUCHO PARA PULIR AMALGAMA TIPO UNIVERSAL,1
42151907,"CUBETA DESCARTABLE PARA FLUORIZACION DOBLE ""M""",1
42151910,HILO DENTAL ESTANDAR 0.40 X 0.40 mm,1
42152007,DUPLICADORA DE RADIOGRAFIAS,1
42152010,PELICULA RADIOGRAFICA PANORAMICA 15 X 30 in,1
42152103,RESINA ACIDO GRABADOR GEL 37.5% JERINGA X 3 g (KIT),1
42152201,LAMINA DE ACETATO POLICARBONATO,1
42152303,PUNTA PARA LAMPARA DE LUZ HALOGENA,1
42152401,LIMADURA DE PLATA X 31 g,1
42152430,CONO DE GUTAPERCHA SET Nº 60 DE 30 mm X 6,1
42152431,PROTESIS SOMATICA DE PALADAR,1
42152434,MERCURIO DENTAL TRIDESTILADO SOL,1
42152443,EUGENOL LIQUIDO X 20 mL,1
42152457,CEMENTO QUIRURGICO DENTAL (POLVO + LIQUIDO) 20 g/10 mL,1
42152508,AGUJA DENTAL TIPO CARPULE DESCARTABLE Nº 27 g X 1 1/5 in,1
42152705,BRACKETS CERAMICO Nº 022/LR3 X 5 PIEZAS,1
42152707,TUBO LINGUAL DE ACERO,1
42152712,BANDA UNIVERSAL DE NIQUEL TITANIO TERMICO EN PRIMERA Y SEGUNDA MOLAR INFERIOR DERECHO/IZQUIERDO DE 33.0 mm PARA USO ORTODONCICO,1
42152713,REMOVEDOR DE BANDAS,1
42152807,PASTA ALVEOLAR X 10 g,1
42152902,CINTA MATRIZ METALICA RECTA X 5 m,1
42161503,CATETER PARA DIALISIS PERITONEAL BLANDO RECTO 2 CUFF X 15 cm X 32.5 cm,1
42161504,PROLONGADOR DE CATETER DE POLIMERO DE GRADO MEDICO PARA DIALISIS PERITONEAL 32 cm,1
42161505,SISTEMA DE DRENAJE VENTRICULAR EXTERNO ESTERIL CON CATETER DE 15 mm X 28 mm X 35 cm,1
42161605,EQUIPO CALIBRADOR PARA MAQUINA DE HEMODIALISIS,1
42161612,FILTRO DE TRIACETATO DE CELULOSA DE 1.9 m2 PARA EQUIPO HEMODIALISIS,1
42161617,SET DE MONITOREO DE PRESION ARTERIAL CON DOMO,1
42161620,BOMBA DE SANGRE,1
42161628,KIT DE REPUESTOS PARA MANTENIMIENTO BASICO DE EQUIPO DE HEMODIALISIS X 20 PIEZAS,1
42161629,TRANSDUCTOR DESCARTABLE PARA HEMODIALISIS,1
42161701,HEMOFILTRO PEDIATRICO,1
42171602,COBERTOR DE DRIL 1.50 m X 90 cm PARA CAMILLA,1
42171804,CANULA DE TRAQUEOTOMIA FENESTRADO Nº 6,1
42171903,PORTA MEDICAMENTOS DE LONA TIPO CANGURO 17 cm X 15 cm X 7 cm,1
42171917,BOTIQUIN DE MADERA,1
42172001,Equipos de primeros auxilios para servicios médicos de urgencia,1
42172002,Equipos de primera respuesta para servicios médicos de urgencia,1
42172016,SET DE VERTEBROPLASTIA PERCUTANEA DESCARTABLE DE 20 mL,1
42172102,SISTEMA CPAP NASAL,1
42172105,SENSOR DE DEDO DE SATURACION DE O2 PARA DESFRIBILADOR CIRCULAR CON 12 PINES NEONATAL,1
42181606,BRAZALETE CONTROL DE PRESION ARTERIAL DOS VIAS ADULTO PARA TENSIOMETRO,1
42181607,MONITOR DE PRESION ARTERIAL Y FRECUENCIA CARDIACA,1
42181705,REGISTRADOR DE HOLTER DIGITAL,1
42181706,CARDIO MONITOR-MONITOR CARDIACO,1
42181707,ELECTRODO CARDIACO PEDIATRICO,1
42181713,SET DE HOLTER,1
42181805,CABLE EXTENSOR PARA SENSOR DE PULSIOXIMETRIA,1
42182001,ESPECULO RECTAL DE ACERO INOXIDABLE TIPO KILLIAN PEDIATRICO 14.5 cm PARA USO QUIRURGICO,1
42182020,ANGIOGRAFO,1
42182304,TEST DE DESARROLLO PSICOMOTOR BATERIA DE TANNER PARA NIÑOS DE 0 A 2 AÑOS,1
42182312,AGUJA MONOPOLAR PARA ELECTROMIOGRAFIA (EMG) Nº 27 G X 37 mm,1
42182603,FRONTO LUZ,1
42182604,LINTERNA PARA EXAMEN MEDICO TIPO LAPICERO,1
42182703,TALLIMETRO DE METAL PARA ADULTO 2 m (MENOR A 1/8 DE LA UIT),1
42182901,MESA (DIVAN) UNIVERSAL PARA EXAMEN DE GINECOLOGIA Y UROLOGIA,1
42183010,LENSOMETRO DIGITAL CON UVEOMETRO,1
42183014,RETINOGRAFO,1
42183017,ESPECULO OCULAR DE ACERO INOXIDABLE TIPO BARRAQUER DE 11 mm PARA USO QUIRURGICO,1
42183022,KIT DE REPUESTOS PARA MANTENIMIENTO CORRECTIVO DE CAMPIMETRO COMPUTARIZADO X 10 PIEZAS,1
42183040,OPTICA DE ARTROSCOPIA 4 mm ANGULO 30º,1
42183301,JUEGO DE ESPEJOS BUCALES CON MANGO SIN AUMENTO X 12 PIEZAS,1
42191603,PANEL FRONTAL ELECTRONICO PARA ILUMINADOR DE XENON DE EQUIPOS BIOMEDICOS,1
42191607,BIOMBO DE METAL DE 1 CUERPO,1
42191810,COLCHON ANTIESCARA 10 cm X 80 cm X 2.00 m APROX. (SOPORTE 120 kg),1
42191811,CUNA DE MADERA,1
42191814,FILTRO DE OXIGENO PARA INCUBADORA,1
42192402,COCHE METALICO PARA EQUIPO DE PARO CARDIO RESPIRATORIO,1
42192602,PASTILLERO DE PLASTICO 3 TOMAS CON TEMPORIZADOR,1
42201510,TARJETA MHR-BP BOARD PX74-06047 PARA TOMOGRAFO ESPIRAL MULTICORTE TOSHIBA AQUILION 16,1
42201604,CONECTOR DE BAJA PRESION EN T PARA JERINGA DE INYECTOR DE EQUIPO DE RESONANCIA MAGNETICA,1
42201706,VAINA QUIRURGICA DE 5.4 mm PARA HISTEROSCOPIO,1
42201806,FANTOMA DE AGUA,1
42201820,PARRILLA ANTIDIFUSORA PORTATIL 10 in X 12 in APROX. PARA RAYOS X,1
42201830,PANTALLA PARA PLACA RADIOGRAFICA SENSIBLE AL VERDE 14 in X 14 in,1
42201845,SOBRE MANILA MEMBRETADO DE CARTULINA 180 g PARA RADIOGRAFIAS 36 cm X 46 cm,1
42202005,EQUIPO DIGITAL PARA TERAPIA SUBDERMICA NO INVASIVA - VACUUMTERAPIA DE USO CLINICO,1
42202704,EQUIPO DE RAYOS X DENTAL RODABLE,1
42203407,Sets de suministro de medio de contraste para angiografía,1
42203412,PROTESIS BILIAR LINEAL 7 F X 10 cm,1
42203414,FILTRO DE VENA CAVA 8.5 FR X 65 cm,1
42203415,CATETER DIAGNOSTICO 6 FR CURVA FIJA ESPACIO 2 5 2 CUADRIPOLAR,1
42203417,INJERTO PARA DURA MADRE 4 X 10 cm,1
42203419,ENDOPROTESIS PARA VIA BILIAR 10 FR X 8 cm,1
42203423,PARTICULA DE PVA PARA EMBOLIZACION TERAPEUTICA VASCULAR 500 Ám X 2 mL,1
42203604,TARJETA ELECTRONICA DE CPU PARA EQUIPO DE RAYOS X PORTATIL,1
42203605,SOFTWARE (INC. LICENCIA) PARA INTEGRACION DE EQUIPOS RADIOLOGICOS,1
42203705,IMPRESORA LASER PARA PELICULA RADIOGRAFICA,1
42203902,Placas o películas de radiación médica,1
42204005,GUANTE DE LATEX PARA ATENUACION DE RADIACION Nº 7,1
42204007,PANEL SENSIBLE AL TACTO PARA CINEANGIOGRAFO,1
42211502,BASTON GRADUABLE DE ALUMINIO,1
42211702,MAQUINA INTELIGENTE DE LECTURA,1
42212301,SUJETADOR DE DRIL 3 cm X 30 cm PARA PACIENTE,1
42221506,"CATETER ARTERIAL UMBILICAL, DOBLE LUMEN 3.5 FR",1
42221509,CATETER DE POLIURETANO DESCARTABLE  PARA ADMINISTRACION DE SURFACTANTE NEONATAL EN CIRCUITO CERRADO DE 5 FR X 30.5 cm PARA USO QUIRURGICO,1
42221514,CATETER BALON PARA VALVULOPLASTIA PULMONAR 18 MM X 4 CM X 100 CM,1
42221604,CONECTOR SIN AGUJA,1
42221607,FILTRO ARTERIAL NEONATAL,1
42221616,EXTENSION PARA CATETER VENOSO,1
42222301,EQUIPO DE TRANSFUSION DE SANGRE,1
42222307,UNIDAD DE CALENTAMIENTO CORPORAL,1
42231501,MICROBOMBA ASPIRADORA DE 1 L,1
42231601,TUBO DE GASTROSTOMIA DE SILICONA TIPO BOTON DE BAJO PERFIL Y DE REEMPLAZO Nº 16 X 1.5 mm PARA USO HOSPITALARIO,1
42231604,BOTON DE SILICONA 24 FR X 2.7 cm DE LONGITUD PARA GASTROSTOMIA,1
42231609,TUBO DE GASTROSTOMIA DE BOTON DE BAJO PERFIL Y DE REEMPLAZO Nº 20 X 1.5 mm,1
42241602,HOJA DE DERMOCARRIER 1 in - 3 in,1
42241701,PIE SACH DE POLIURETANO DERECHO PARA CABALLERO Nº 23,1
42241705,PROTECTOR DE PIERNA CON PEGA PEGA,1
42241801,PRENDA ELASTICA PARA BRAZO Y ANTEBRAZO DERECHO,1
42241803,COLLARIN CERVICAL ORTOPEDICO RIGIDO TALLA L,1
42241805,ABRAZADERA ELASTICA DE CODO,1
42241806,MUÑEQUERA ELASTICA CON FIJACION A DEDO PULGAR TALLA N 8,1
42242002,ARTICULACION DE MUÑECA PARA PROTESIS SUPERIOR DE POLIPROPILENO PARA ADULTO COLOR PIEL,1
42242107,EQUIPO DE TRACCION CUTANEA PARA USO CLINICO,1
42251502,EQUIPO DE REHABILITACION COGNITIVA,1
42251610,PELOTA DE GOMA DE 10 cm,1
42251611,PARACAIDAS PARA ESTIMULACION VESTIBULAR,1
42251617,ASIENTO TERAPEUTICO DE RELAJACION,1
42251619,EQUIPO DIGITAL DE MAGNETOTERAPIA PARA USO CLINICO,1
42251620,Planchas de orthoplast de 18 x 24 x 3 sobre 32 de espesor,1
42261506,OSTEOTOMO DE ACERO TIPO PUNTA AGUDA 12 mm X 16 cm APROX. PARA USO QUIRURGICO,1
42261602,MANGA DE PLASTICO Nº 40 PARA CADAVER X 60 kg,1
42261607,BOLSA COLECTORA DE MEDULA OSEA X 250 mL,1
42261904,JUEGO DE LINTERNAS Y LENTES CON FILTRO DE USO FORENSE,1
42271501,MONITOR DE APNEA,1
42271503,MONITOR DE DIOXIDO DE CARBONO (CO2),1
42271609,VIDEO POLISOMNOGRAFIA,1
42271705,OCLUSOR DE ACRILICO TIPO PERCUTANEO DE PERSISTENCIA DE DUCTUS ARTERIOSO DE 6 mm X 7 mm,1
42271713,CAMARA HIPERBARICAS 1.45 ATM X 160 L/m CABINA DE 900 mm,1
42271714,INCUBADORA CON CUPULA ESTANDAR,1
42271715,"TUBO EN ""T"" DE PLASTICO PARA OXIGENO",1
42271721,FILTRO DE TEFLON 44 mm PARA EQUIPO MUESTREADOR DE CALIDAD DE AIRE MINI VOL PM2.5,1
42271803,SET COMPLETO DESCARTABLE DE TUBOS CORRUGADOS Y ACCESORIOS ADULTO PARA EQUIPO DE ANESTESIA,1
42271902,SONDA ESOFAGICA DE SILICONA TIPO HURST 20 FR USO ESOFAGICO,1
42271905,COLECTOR DE SILICONA DE 40 mL CON TAPA GIRATORIA CON DOS SALIDAS PARA SECRECION BRONQUIAL,1
42272018,MALETIN DE ACERO INOXIDABLE PARA LARINGOSCOPIO DE FIBRA OPTICA FLEXIBLE PEDIATRICO,1
42272214,CONECTOR DE ALTA PRESION DESCARTABLE 8.8 FR X 120 CM,1
42272219,FILTRO DE EXHALACION PARA VENTILADOR VOLUMETRICO,1
42272303,MASCARA LARINGEA SET ADULTO,1
42272502,"MONITOR DE ANESTESIA PROGRAMABLE ADULTO, PEDIATRICO Y NEONATAL CON 5 PARAMETROS  FIJO  USO INTRAHOSPITALARIO",1
42272503,BOLSA VENTILATORIA DE JEBE X 3 L PARA EQUIPO DE ANESTESIA,1
42272506,SET DE FILTRO BACTERIAL PARA EQUIPO DE ANESTESIA,1
42281528,KIT DE ACCES.Y RPTOS PARA MANTENIMIENTO PREVENTIVO Y CORRECTIVO DE ESTERILIZADOR ETO GAS MODELO 4 XL,1
42281530,FILTRO DE AIRE PARA ESTERILIZADOR A VAPOR,1
42281705,LAVADORA DESINFECTADORA,1
42281808,PAPEL TERMOSENSIBLE DE REGISTRO 57 mm X 30 m PARA ESTERILIZADOR,1
42281912,MANTA ABSORBENTE DE FLUIDOS DE SUPERFICIE DE POLIPROPILENO 46 in X 40 in,1
42282010,LAVATORIO DE ACERO QUIRURGICO DE 6 L,1
42291602,PERNO DE BLOQUEO DE ACERO CROMADO PARA CLAVO UNIVERSAL DE FEMUR DIAMETRO 36 mm APROX. DE USO QUIRURGICO,1
42291606,GUBIA DE ACERO INOXIDABLE TIPO LEKSELL CURVA X 5 mm  DE 23 cm APROX.,1
42291611,RASPA FEMORAL DE ACERO INOXIDABLE PARA PROTESIS DE CADERA PUNTA RECTA DE Nº 01 APROX.,1
42291708,COTON DE GASA CON CINTA RADIOPACA 12.5 mm X 12.5 mm X 10,1
42291901,SOPORTE DE PLASTICO 10 cm X 10 cm X 10 mm PARA INSTRUMENTAL QUIRURGICO,1
42292305,ALICATE DE ACERO QUIRURGICO PARA CORTAR ALAMBRE   X 12 cm,1
42292701,DISECTOR DE GANCHO (HOOK) CON CONECTOR PARA ELECTROCAUTERIO 33 cm,1
42292903,PORTA AGUJA DE ACERO INOXIDABLE BARRAQUER RECTO 13 cm APROX.PARA USO QUIRURGICO,1
42292908,ASA DE POLIPECTOMIA MONOFILAMENTO ACERO TRENZADO DESCARTABLE FORMA OVALADA DE 25 mm X 180 cm USO ELECTROQUIRURGICO,1
42293002,PAQUIMETRO ULTRASONICO PARA USO OFTALMOLOGICO,1
42293111,RETRACTOR HELVESTON BARBIE,1
42293120,RETRACTOR AUTOESTATICO DE COLUMNA TIPO SCOVILLE,1
42293302,SEPARADOR DE ACERO QUIRURGICO AUTOSTATICO TRANSESFENOIDAL PARA HIPOFISIS TIPO ROTHON 11 cm PARA CIRUGIA,1
42293405,MICROMANIPULADOR,1
42293503,CURETA DE ACERO QUIRURGICO TIPO RAY MANGO BAYONETA PUNTA HORIZONTAL 45º X 4 mm PARA HIPOFISIS,1
42293507,FRASCO DE VIDRIO DE ASPIRACION COMPLETO PARA ASPIRADORA DE SECRECIONES X 2.2 L,1
42293508,Tubo by pass de derivacion salival Nº 08,1
42293603,SONDA DE LATEX TIPO KEHR DESCARTABLE Nº 16,1
42294201,VALVULA MITRAL BIOLOGICA Nº 27,1
42294206,SET INSTRUMENTAL QUIRURGICO PARA CIRUGIA DE CATARATA X 11 PIEZAS,1
42294216,CAMARA ANGIOGRAFICA RETINAL,1
42294217,SET INSTRUMENTAL QUIRURGICO DE VIAS BILIARES X 45 PIEZAS,1
42294305,MAMOGRAFO DIGITAL,1
42294508,CANULA DE INFUSION DE SILICONA DESCARTABLE DE 4 mm PARA VITRECTOMIA,1
42294512,PROTECTOR OCULAR DESCARTABLE PARA FOTOTERAPIA RECIEN NACIDO,1
42294602,ULTRACENTRIFUGA,1
42294702,BOMBA DE CONTRAPULSACION AORTICA,1
42294707,CANULA DE CARDIOPLEJIA ANTEROGRADA AORTICA 16 FR,1
42294710,SENSOR DE DEDO DE SATURACION DE O2 PARA CAPNOGRAFO CIRCULAR CON 5 PINES ADULTO,1
42294712,MONITOR DE SATURACION DE OXIGENO PROGRAMABLE ADULTO Y PEDIATRICO TIPO SOBREMESA DE 09 PARAMETROS PARA USO INTRAHOSPITALARIO,1
42294802,ENDOSCOPIO,1
42294804,ASA DE CORTE RECTA PARA RESECTOSCOPIO DE 24 CHARR,1
42294901,PINZA DE BIOPSIA PARA ENDOSCOPIA BAJA X 230 cm DE LONGITUD,1
42294902,ELEVADOR DE ACERO INOXIDABLE TIPO UTERINO DE METAL DE 30 cm PARA USO QUIRURGICO,1
42294903,AGUJA DE BIOPSIA DE MAMA REPOSICIONABLE Nº 20 G X 10 cm,1
42294905,ESCOBILLA DE CERDAS DE NAILON DE 3.2 mm X 45.72 cm PARA LAVADO DE INSTRUMENTAL,1
42294909,BALON DILATADOR DE COLON DE 10 mm X 8 cm Y CATETER DE 240 cm,1
42294928,SONDA ESTERIL DE PVC TIPO MICRO CLAW DE 2.5 mm PARA GASTRONOMIA ENDOSCOPICA,1
42294935,CAMISETA 22 FR CON OBTURADOR PARA CISTOSCOPIO,1
42294952,EQUIPO RECUPERADOR INTRAVASCULAR,1
42294979,TROCAR DE PVC SIN BALON PEDIATRICA X 3.5 mm DE 50 mm APROX. PARA CIRUGIA LAPAROSCOPICA,1
42295009,FUENTE DE LUZ HALOGENA,1
42295015,OPTICA HOPKINS 30º 4 mm X 31 cm PARA RESECTOSCOPIO KARL STORZ,1
42295120,SONDA PARA LITROTICIA ULTRASONICA DE 3.5 mm X 40 cm,1
42295126,EQUIPO VITREOFAGO,1
42295127,SET INSTRUMENTAL PARA PEQUEÑAS INTERVENCIONES QUIRURGICAS X 35 PIEZAS,1
42295129,EQUIPO DOSIFICADOR DE PRODUCTOS QUIMICOS,1
42295132,MALETIN DE MARROQUIN PARA INSTRUMENTAL/EQUIPO MEDICO QUIRURGICO,1
42295140,CONTENEDOR DE ALUMINIO 28.5 cm X 28 cm X 13.5 cm,1
42295205,HOJA DE ACERO INOXIDABLE TIPO SHAVER 3.88 mm,1
42295303,JERINGA DESCARTABLE PERFUSORA 50 mL,1
42295313,TORNIQUETE ELASTICO MECANICO PARA MIEMBRO INFERIOR ADULTO,1
42295405,MICRO GUIA 0.14 in,1
42295406,ESPONJA NEUROQUIRURGICA DE ALGODON PRENSADO 1 in X 6 in  X 10 PARA USO QUIRURGICO,1
42295409,APLICADOR DE CLIP DE TITANIO 20 cm,1
42295410,PORTA BALDE RODABLE CON BALDE DE ACERO INOXIDABLE 16 L,1
42295422,PORTA LAVATORIO METALICO RODABLE,1
42295426,SET BASICO DESCARTABLE PARA TOMA DE MUESTRAS,1
42295456,PARCHE DE TEFLON 120 X 150 MM,1
42295459,DISPENSADOR DIGITAL DE LIQUIDOS O SOLUCIONES,1
42295463,CATETER URETERAL DOBLE J 4.7 FR X 26 cm,1
42295509,PROTESIS TOTAL DE CADERA CEMENTADA,1
42295511,SUSTITUTO OSEO FOSFATO CALCICO PARA COLUMNA VERTEBRAL X 10 mL,1
42295525,SUSTITUTO DE DURAMADRE 10 cm  X 15 cm,1
42295905,PROTESIS VASCULAR DE ANEURISMA DE AORTA 46 mm X 185 mm,1
42296219,SISTEMA DE CIRUGIA ROBOTICA CON 4 BRAZOS ENDOSCOPICOS DE 3 ENTRADAS Y 6 POSICIONES,1
42296401,PINZA DE ACERO INOXIDABLE TIPO MARYLAND 5 mm X 40 cm PARA USO ENDOSCOPICO,1
42296613,Set de Estereotaxia Quirúrgica,1
42301502,MANIQUI DE ENTRENAMIENTO PARA ENTUBACION DE NEONATO,1
42301504,Equipos para la capacitación y estudios de medicina,1
42311514,APOSITO DE ALCOHOL POLIVINILICO BLANCO CON SUCCION AL VACIO 10 cm X 7.5 cm X 1 cm,1
42311518,APOSITO OCULAR ADHESIVO (PARCHE) ADULTO,1
42311541,APOSITO DE MEMBRANA AMNIOTICA ESTERIL 10 cm X 14 cm APROX. PARA QUEMADURAS,1
42311603,HEMOSTATICO TOPICO ABSORBIBLE DE CELULOSA OXIGENADA Y REGENERADA 10 X 20 cm,1
42311702,CLAMP UMBILICAL DESCARTABLE,1
42311902,BOLSA RECOLECTORA Y DESCARTE DE FLUIDO BIOCONTAMINADO X 1.5 L,1
42312012,GRAPA PARA PIEL,1
42312018,DISPOSITIVO REMOVEDOR DE GRAPAS QUIRURGICO DESCARTABLE,1
42312108,BOLSA DE ETILVINILACETATO DESCARTABLE DE 57 mm UROSTOMIA,1
42312109,ANILLO CONVEXO DESCARTABLE 38 mm DE DIAMETRO INTERNO PARA BOLSA DE OSTOMIA,1
42312202,SET INSTRUMENTAL PARA SUTURA X 12 PIEZAS,1
42312206,AGUJA DE SUTURA DE ACERO INOXIDABLE 1/2 CIRCULO REDONDA 18 mm,1
42312602,PROTECTOR Y RETRACTOR DE HERIDA DE POLIURETANO TERMOPLASTICO Y POLIETILENO DESCARTABLE 7 cm X 6 cm X 6 cm X 15 cm,1
42321501,ALAMBRE DE ACERO INOXIDABLE DIAMETRO 0.8 mm X 1 m PARA CERCLAJE,1
42321508,ARANDELA PARA TORNILLO ESPONJOSO 6.5 mm,1
42321512,TUBO DE ACERO INOXIDABLE PARA FIJACION EXTERNA DE 11 mm X 250 mm USO ORTOPEDICO,1
42321601,SUSTITUTO DE CUERPO VERTEBRAL LUMBAR CON MECANISMO DE BLOQUEO,1
42321611,BARRA DE ACERO INOXIDABLE TIPO HARRINGTON 15 cm APROX.PARA USO QUIRURGICO,1
42321801,CABEZA FEMORAL MODULAR 28 mm DE DIAMETRO CON CONO,1
42322001,IMPLANTE DE TENDON SEMITENDINOSO,1
42322201,TORNILLO DE INTERFERENCIA DE TITANIO 10 mm X 25 mm PARA ORTOPEDIA,1
43191606,AURICULAR DE DIADEMA ALAMBRICO CON MICROFONO PARA CENTRAL TELEFONICA,1
43191609,AURICULAR CON MICROFONO PARA UNIDAD MOVIL DE INTERCOMUNICACION,1
43191621,SERVICIO DE ADAPTADOR DE OIDO PARA CABLE DE AURICULAR,1
43191632,ANTENA BASE OMNIDIRECCIONAL MOVIL MFT120 1/4 ONDA VHF/UHF,1
43201401,TARJETA GENERADORA DE CARACTERES EN TIEMPO REAL CON ENTRADA Y SALIDA DE VIDEO HD-SD,1
43201404,MODULO TARJETA DE EXPANSION DE CAPACIDAD DE ROUTER,1
43201406,ROUTER MULTIPLEXOR POR SATELITE DE 16 CANALES DIGITALES,1
43201416,TARJETA ANALIZADOR DE ESPECTRO OPTICO OPTICAL DOCTOR,1
43201509,MODULO DE COMUNICACION MODBUS TCP/IP,1
43201513,MAINBOARD PARA CPU,1
43201537,SERVIDOR DE IMPRESION PARA RED,1
43201538,MODULO DE ENFRIAMIENTO DE VENTILACION PARA EQUIPO DE ALMACENAMIENTO DE DATOS,1
43201541,UNIDAD MULTICANAL,1
43201549,MODULO DE CONMUTADOR PARA SWITCHER CON DOS ENTRADAS,1
43201552,ADAPTADOR USB A PUERTO PARALELO DE IMPRESORA,1
43201610,"GABINETE DE METAL PARA EQUIPOS DE COMUNICACION DE 19"" X 30 U",1
43201611,RACK PARA EQUIPOS DE COMPUTO,1
43201810,CINTA DE VIDEO FORMATO DVD PARA ENSEÑANZA DE IDIOMAS,1
43201815,LECTOR DE TARJETA DE MEMORIA USB (MEMORY CARD READER USB 8 IN 1),1
43201905,CARTUCHO DE LIMPIEZA ULTRIUM  LTO6 DE 2.5 TB A 5 TB,1
43202003,CDS-DVD-R 14 X DATA VIDEO,1
43202005,TARJETA DE MEMORIA EXTRAIBLE MICRO SDXC DE 2 TB,1
43202008,DISCO BD-R GRABABLE DE 50 GB,1
43202103,Gabinete de almacenamiento de multimedia,1
43202106,FUNDA DE CUERO PARA TABLETA PAD,1
43202201,CAJA MODULAR DOBLE PARA RED RJ-45,1
43202216,CABLE SERIAL MANUFACTURE MOD AUC5 CABLE 9 PIN SERIAL,1
43211511,Dispositivos de computadoras vestibles,1
43211608,CODIFICADOR DE SEÑAL DE VIDEO VIGILANCIA,1
43211613,BASE PARA COMPUTADORA PORTATIL CON PAD RETRACTIL,1
43211617,CABLE USB 2.0 GB EXTENSION 1 m CON MEMORIA DE 10 MB PARA PIZARRA INTERACTIVA,1
43211706,TECLADO ESTANDAR ALAMBRICO RETROILUMINADO,1
43211707,LAPIZ OPTICO,1
43211721,LECTORA DE TARJETA INTELIGENTE,1
43211802,PAD PARA MOUSE ANATOMICO DE PLASTICO CON GEL,1
43211912,LAMINA TACTIL PARA PANTALLA 426 mm x 276 mm,1
43221502,DISTRIBUIDOR DE LINEA TELEFONICA,1
43221521,UNIDAD TERMINAL REMOTA (RTU),1
43221703,ANTENA PORTATIL TIPO YAGI DE 824 - 896 MHz,1
43221709,MASTIL DE FIERRO DE MICROONDAS DE 4 in X 3 m,1
43221710,Equipo básico satelital,1
43221715,ANTENA OMNIDIRECCIONAL ULTRA ANCHA DE 20 MHz - 21GHZ,1
43221718,TORRE RETRACTIL PORTATIL DE 11 m,1
43221720,ANTENA DE RADIO PARA VEHICULO,1
43221725,UNIDAD SEPARADORA DE AUDIO Y VIDEO,1
43221803,ADAPTADOR DE FIBRA OPTICA,1
43222606,KIT PARA INSTALACION DE REDES,1
43222609,RUTEADOR DE RED - ROUTER,1
43222610,CONCENTRADOR (OTROS),1
43222620,SWITCH DE RED CON CONEXION NATIVA TIPO DAC VELOCIDAD MINIMA DE 40GBPS,1
43222623,Equipo de interconexión digital (DCX),1
43222628,MODEM SATELITAL MF-TDMA DE 2 RU,1
43222632,Agregadores de banda ancha,1
43222639,Hardware para subsistema multimedia que emplea protocolo de Internet (IP),1
43222815,TERMINAL DE DATOS,1
43222823,MULTIPLEXOR DE 18 SLOTS DE 140 Gb/s,1
43223106,Equipos y componentes de red de acceso inalámbrico UMTS 3G,1
43223108,MODEM INALAMBRICO PARA INTERNET,1
43223207,TRANSMISOR DE VIDEO EN VIVO (STREAMING),1
43223209,Plataformas de servicio de mensajes basado en la localización,1
43223303,CABLE PATCH CORD CAT 5 DE 2.00 m,1
43223307,TOMADATOS (CAJA),1
43223308,RACK PARA CONCENTRADORES,1
43223309,PATCH PANEL DE 24 PUERTOS CAT 5,1
43223310,CONECTOR TIPO ST MULTIMODO UPC 900 Ám,1
43223320,MEDIDOR DE DISPERSIÓN CROMÁTICA Y PMD,1
43223325,HISOPOS DE PUNTA POLIESTER X 2.5 mm LIMPIADOR DE FIBRA OPTICA,1
43223328,TRANSPONDEDOR PARA FIBRA OPTICA,1
43223339,UNIDAD DE DISTRIBUCION DE FIBRA OPTICA,1
43223340,EMPALMADOR DE FIBRA OPTICA POR ARCO FUSION,1
43231503,SOFTWARE (INC. LICENCIA) PARA GESTION DE ADQUISICIONES,1
43231505,SOFTWARE SISTEMA DE PROCESAMIENTO DE  CONSTANCIA DE PAGOS DE HABERES Y LIQUIDACIONES,1
43231516,SOFTWARE ( INC. LICENCIA) PARA AUDITORIA DE BASE DE DATOS,1
43231599,SOFTWARE (INC. LICENCIA) DE ENCUESTA EN LINEA,1
43231603,SOFTWARE DE TRAMITES FISCALES,1
43232104,SOFTWARE ( INC. LICENCIA) PARA CREACION DE ARCHIVOS PDF,1
43232107,SOFTWARE (INC. LICENCIA) DE FILTRO DE CONTENIDO WEB,1
43232108,SOFTWARE (INC. LICENCIA) PARA PRESUPUESTO Y CONTROL DE OBRAS,1
43232111,SOFTWARE ( INC. LICENCIA) PARA DIGITALIZACION DE DOCUMENTOS,1
43232112,LICENCIA DE SOFTWARE ADOBE ACROBAT PROFESIONAL,1
43232199,SOFTWARE (INC. LICENCIA) PARA DISEÑO DE CURSOS VIRTUALES,1
43232301,SOFTWARE DE CLASIFICACION O CATEGORIZACION,1
43232303,SOFTWARE (INC. LICENCIA) DE CLIENTE,1
43232306,SOFTWARE DE CONSULTAS E INTERFAZ DE USUARIO DE BASES DE DATOS,1
43232307,SOFTWARE ( INC. LICENCIA) PARA HERRAMIENTA DE EXPLOTACION MASIVA DE DATOS,1
43232310,SOFTWARE (INC. LICENCIA) PARA ADMINISTRACION DE METADATOS,1
43232313,SOFTWARE (INC. LICENCIA) DE SISTEMA AVANZADO DE TRANSACCIONES SERVIDOR/CLIENTE,1
43232403,EQUIPO COMPUTARIZADO SIMULADOR DE CONTROL DE PROCESOS,1
43232405,SOFTWARE DE ANALISIS Y CALCULO ESTRUCTURAL,1
43232503,SOFTWARE (INC. LICENCIA) PARA CORRECCION ORTOGRAFICA,1
43232504,SOFTWARE (INC. LICENCIA) PARA PROGRAMACION ESTANDAR NAVEGACION POR SATELITE,1
43232509,"SOFTWARE ( INC. LICENCIA ) DE LOCALIZACION, GRABACION Y MENSAJERIA PARA SISTEMA RADIAL",1
43232608,SOFTWARE (INC. LICENCIA) PARA CONTROL INDUSTRIAL,1
43232705,SOFTWARE (INC. LICENCIA) PARA EXPLORACION DE INTERNET,1
43232802,SOFTWARE (INC. LICENCIA) PARA MEJORA DE SISTEMAS OPERATIVOS DE REDES,1
43232910,SOFTWARE (INC. LICENCIA) PARA DISPOSITIVOS INALAMBRICOS,1
43233001,SOFTWARE (INC. LICENCIA) PARA SISTEMAS DE ARCHIVOS,1
43233002,SOFTWARE (INC. LICENCIA) PARA SISTEMA OPERATIVO DE REDES,1
43233402,SOFTWARE (INC. LICENCIA) CONVERTIDOR DE PDF A TEXTO,1
43233405,ADQUISICIÓN DE LICENCIAS SAP,1
43233418,Drivers de memoria,1
43233421,PATCH DE AUDIO Y VIDEO,1
43233499,SOFTWARE ( INC. LICENCIA) PARA SIMULACION DE TRANSITO VEHICULAR,1
43233502,SOFTWARE (INC. LICENCIA) PARA VIDEO CONFERENCIA,1
44101505,KIT DE REPUESTOS PARA MAQUINA COPY PRINTER 5323,1
44101603,TRITURADORA DE PAPEL,1
44101719,MASTER PARA DUPLICADORA DUPLO,1
44101902,LECTORA DE CHEQUES,1
44102001,PELICULA DE LAMINACION TERMICA,1
44102202,ALIMENTADOR AUTOMATICO DE DOCUMENTO PARA ESCANER,1
44102306,MAQUINA ENZUNCHADORA,1
44102307,MAQUINA INTERCALADORA DE PAPEL,1
44102405,MAQUINA ETIQUETADORA,1
44102407,HORNO FUSER PARA LAMINAS EN RELIEVE,1
44102411,DISPENSADOR DE METAL PARA TICKET DE TURNO,1
44102414,SELLO PORTATIL DE BOLSILLO,1
44102503,FAJA DE SISTEMA DE ARRASTRE DE MONEDAS PARA MAQUINA ENCARTUCHADORA DE MONEDAS,1
44102906,HERRAMIENTAS DE LIMPIEZA X 12 PIEZAS,1
44103104,RODILLO DE TRANSFERENCIA PARA IMPRESORA LASER,1
44103116,KIT DE MANTENIMIENTO PARA EQUIPO LASER LEXMARK,1
44103121,ENGRANAJE DE RODILLO,1
44111501,PORTA NOTAS TIPO CLIP DE METAL CON BASE DE PLASTICO,1
44111516,CUADERNO ORGANIZADOR MENSUAL (TIPO AGENDA) TAMAÑO 18 cm X 20.5 cm,1
44111517,ATRIL DE METAL,1
44111518,PORTA TARJETAS DE METAL Y BIOCUERO,1
44111520,PROTECTOR ANTIDESLIZANTE PARA PISOS,1
44111609,DETECTOR DE BILLETES FALSOS,1
44111615,BOLSAS PARA TRASLADO DE FEBLE,1
44111802,LAMINA PARA ROTAFOLIO ATENCION INTEGRAL DE NIÑOS DE 0 A 11 AÑOS 50 cm X 35 cm X 20 LAMINAS,1
44111812,"JUEGO DE UTILES PARA DIBUJO (3 ESTILOGRAFOS, TINTA, 1 PORTAMINA, MINAS Y 1 REGLA)",1
44112005,AGENDA BIDIARIA DE CUERO,1
44121504,SOBRE DE PAPEL BOND DE 90 g TAMAÑO A4 CON VENTANA,1
44121506,SOBRE BLANCO TAMAÑO A4 CON IMPRESION,1
44121509,BOLSAS PARA TRASLADO DE CORRESPONDENCIA,1
44121604,SELLO NUMERADOR,1
44121612,GUILLOTINA PARA 100 HOJAS,1
44121619,TAJADOR DE PLASTICO DOBLE,1
44121628,PORTA CLIPS DE CUERO,1
44121711,PLUMON INDELEBLE DE TRAZO 2 - 4 mm COLOR AZUL X UNIDAD,1
44121804,BORRADOR BLANCO PARA LAPIZ TAMAÑO GRANDE,1
44122003,ARCHIVADOR DE CARTON CON PALANCA LOMO ANCHO TAMAÑO A4,1
44122010,SEPARADOR DE DOCUMENTOS DE CARTULINA FOLCOTE DE 22 cm X 12 cm - LICENCIAS,1
44122012,TABLERO DE PLASTICO TAMAÑO OFICIO PARA 50 HOJAS APROX. CON SUJETADOR DE PLASTICO,1
44122016,PORTA DIPLOMA DE CARTON CON LOGOTIPO IMPRESO DE 22.5 cm X 16.5 cm,1
44122107,GRAPA DE ACERO DE 26/6 in X 500,1
45101510,IMPRESORA DE TARJETAS,1
45101599,RODILLO DE LA FUENTE DE AGUA,1
45101603,GOMA PROTECTORA PARA USO EN IMPRENTA,1
45101613,PLACA CTP POLIESTER PARA IMPRESION 400 mm X 510 mm,1
45101615,BARRA INFERIOR DE SUJECION DE MANTILLA,1
45111501,MODULO DE MELAMINA 60 CM X 1.20 M X 2.40 M,1
45111713,AMPLIFICADOR DE AUDIO DE 300 W,1
45111719,MONITOR DE ESCENARIO DE 2 VIAS AUTOAMPLIFICADO,1
45111819,MEZCLADOR DE VIDEO,1
45111821,SINCRONIZADOR DE VIDEO,1
45111823,ADAPTADOR DE VIDEO DE 1 CANAL PARA CABLEADO DE CAMARAS ANALOGAS,1
45111828,TELEAPUNTADOR - TELEPROMPTER,1
45112002,IMPRESORA LASER DE MICROFILM,1
45121506,CAMARA DE BUSQUEDA CON SISTEMA DE COMUNICACION INTEGRADO,1
45121511,Cámaras de alta velocidad,1
45121514,Cámaras fotocopiadoras,1
45121518,JUEGO DE MATERIALES DE LIMPIEZA PARA CAMARA FILMADORA,1
45121601,LAMPARA DE 20 W PARA LA CAMARA DE VIDEO,1
45121603,LENTE PARA CAMARA PROFESIONAL DIGITAL,1
45121607,"SUMINISTRO DE CAMARAS PTZ Y PANORAMICA DE 360º,5 LENTES",1
45121610,CABLE HDMI MACHO - MACHO DE 10 m,1
45121612,BRAZO DE ALUMINIO PARA TRIPODE DE CAMARA FOTOGRAFICA,1
45121620,FUENTE DE PODER 12 V 2 A PARA CAMARA DE VIDEO VIGILANCIA,1
45121623,MANDO DE CONTROL DE CAMARAS DOMO,1
45121624,REBOTADOR DE LUZ PORTATIL DE 42 in DE 1.06 m,1
45121801,FILMADORA DE MICROFILM,1
45121804,PROCESADOR (OTROS),1
45131604,CINTA DE MAGNETOFONICA DE LARGA DURACION LP 18,1
45141601,CAJA PORTATIL PARA REVELADO DE PLACAS RADIOGRAFICAS,1
46101502,ESCOPETA,1
46101505,CARABINA DE AIRE COMPRIMIDO ¿ PCP CALIBRE 5.5 mm PARA EL CONTROL DE FAUNA SILVESTRE EN AEROPUERTOS,1
46111503,MORTERO CONVENCIONAL CALIBRE 60 mm,1
46111703,DESIGNADOR LASER,1
46151506,PORTA VARA ANTIMOTIN DE CUERO,1
46151507,Sistema de control de colas,1
46151601,FUNDA DE LONA PARA GRILLETE,1
46151608,PORTA EXPLOSIVOS LIGERO DE NAILON,1
46151609,TARJETAS DE POLIESTER DE ALTA RESISTENCIA TIPO BRADY PARA BLOQUEO Y ETIQUETADO,1
46151703,TINTA DE SEGURIDAD INDELEBLE PARA TAMPON DE SELLO DE CONTROL MIGRATORIO,1
46151706,KIT PARA TOMA DE HUELLAS DIGITALES EN CADAVER RIGIDO X 24 DETERMINACIONES,1
46151707,NINHIDRINA CRISTALES X 25 g,1
46161509,TOPE DE CAUCHO PARA ESTACIONAMIENTO DE 10 cm X 15 cm X 183 cm,1
46161510,TORNIQUETE DE TRIPODE CON MONEDERO,1
46161513,BARRA DE PVC EXTENDIBLE PARA CONO DE SEGURIDAD,1
46161707,ARIETE DE INGRESO RESISTENTE A 90000 VAC,1
46161712,PANEL DE SEÑAL DE NYLON PARA BUSQUEDA Y RESCATE,1
46161715,CANASTA PLEGABLE DE ACERO INOXIDABLE DE 44 1/2 in X 25 in X 41 in PARA RESCATE,1
46171501,CANDADO DE LLAVE DE ACERO DE 70 mm,1
46171503,CERRADURA DE CAJON MECANICA CENTRAL,1
46171506,CAJA FUERTE DE SEGURIDAD CON LLAVE DE 60 cm X 60 cm X 1.00 m,1
46171507,JAULA DE SEGURIDAD ANTIVUELCOS PARA INTERIOR DE CAMIONETA,1
46171523,CERRADURA DE VENTANA CORREDIZA TIPO PERNO,1
46181505,RODILLERA DE POLIURETANO PARA TRABAJO INDUSTRIAL,1
46181514,CODERA TACTICA DE POLIESTER,1
46181520,ESCARPIN DE CUERO,1
46181526,CAMISA DE TELA RIPSTOP POLACA TIPO CAMUFLAJE,1
46181533,GUARDAPOLVO DE DRILL 65% POLIESTER Y 35% ALGODON 18/1 Ne 210 g/m2 MANGA LARGA CUELLO SPORT PARA DAMA,1
46181535,Medias o ropa interior de protección,1
46181542,MITONES DE NEOPRENO,1
46181602,Calzado protector contra materiales peligrosos,1
46181611,BOTA DE JEBE CAÑA ALTA UNISEX,1
46181703,VISOR PARA MASCARA DE SOLDAR Nº 10,1
46181804,ANTEOJOS DE PROTECCION PARA TIROS,1
46181810,LAVADOR DE OJOS PORTATIL DE PLASTICO DE 60.5 L,1
46181902,PROTECTOR AUDITIVO TIPO TAPON,1
46182009,PROBADOR DIGITAL DE AJUSTE DE RESPIRADORES PARA PARTICULAS 1 u DE 12 cm X 27 cm X 24 cm,1
46182212,HOMBRERA DE ESPUMA FORRADA CON CUERO SINTETICO DE 45 cm X 22 cm x 1 cm PARA PROTECCION PERSONAL,1
46182303,ARNES DE NAILON CON SUJECION A LAS PIERNAS Y EL PECHO,1
46182312,DESCENSOR DE BARRAS CON FRENADO VARIABLE,1
46182313,MOSQUETON DE ACERO DE 1/2 in TIPO D CON SEGURO DE ROSCA,1
46191501,SENSOR DETECTOR DE HUMO FOTOELECTRICO DE 4 HACES,1
46191604,MANTA ANTIFUEGO DE 1.50 m X 1.50 m,1
46191606,ESPUMA CONTRA INCENDIO 3% AR-AFFF X 4 L,1
46191613,GAS HALON PARA RECARGA DE EXTINTOR,1
47101507,CAMARA DE SEDIMENTACION DE ACRILICO PARA CONTEO DE FITOPLANCTON,1
47101511,RESINA CATIONICA GRADO NUCLEAR,1
47101532,TANQUE DECANTADOR,1
47101534,VERTEDERO DE ACERO INOXIDABLE PARA PLANTA DE TRATAMIENTO DE AGUAS RESIDUALES,1
47101603,DESINCRUSTANTE LIQUIDO BIODEGRADABLE,1
47101604,REFRIGERANTE LIQUIDO ANTIOXIDANTE PARA CALDERO,1
47101610,ACIDIFICANTE CON INDICADOR DE pH PARA AGUA - USO AGRICOLA,1
47101613,CO-POLIMERO ACRILICO CATIONICO,1
47111501,Lavadoras o secadoras para lavandería combinadas,1
47111510,ESTRUCTURA DE ACERO INOXIDABLE RODABLE PORTA LAVATORIO USO HOSPITALARIO,1
47111701,Máquinas de limpieza en seco,1
47121501,CARRO TRANSPORTADOR (OTROS),1
47121709,TACHO DE PLASTICO PARA RESIDUOS PELIGROSOS (ECOLOGICO) 58 cm X 45 cm DE DIAMETRO,1
47121714,TACHOS CILINDRICOS DE ACERO INOXIDABLE SIN TAPA DE 25 cm DIAMETRO X 80 cm ALTO DE 39 L APROX.,1
47121799,MALLA DE ALAMBRE FORMA DE BOTELLA TEJIDA DE ACERO DE 1.60 m X 20 cm X 300 L PARA RECICLAR,1
47121803,JALADOR DE AGUA DE JEBE DE 60 cm APROX.,1
47121805,COMPRESORA TERMINA DE LAVADO DE ALTA PRESION,1
47121807,SET BASICO PARA DESATORO DE DESAGUES,1
47121808,MAQUINA DESATORADORA,1
47121813,CUCHILLA PARA MAQUINA DEBASTADORA,1
47131501,TRAPO INDUSTRIAL COSIDO COLOR BLANCO,1
47131603,ESPONJA DE FIBRA SINTETICA PARA LAVAR VAJILLAS,1
47131605,ESCOBILLON DE NYLON PARA PISO X 30 cm,1
47131611,Recogedor,1
47131617,TRAPEADOR COMPLETO DE MOPA MANGO DE MADERA DE 1.55 m X 30 cm,1
47131618,TRAPEADOR COMPLETO DE MOPA MANGO DE METAL ENROSCABLE 1.20 m X 30 cm,1
47131701,DISPENSADOR DE PAPEL TOALLA INTERDOBLADO DE PLASTICO DE 30.50 cm X 30.50 cm X 12.cm APROX.,1
47131706,DISPENSADOR DE AMBIENTADOR AEREO DE 240 ml,1
47131710,DISPENSADOR DE ACERO INOXIDABLE PARA PAPEL HIGIENICO,1
47131809,BETUN EN PASTA X 88 mL APROX.,1
47131810,DETERGENTE EN PASTA LAVA VAJILLA X 360 g,1
47131812,AMBIENTADOR LIQUIDO X 1 L,1
47131815,REMOVEDOR DE SARRO X 5 gal,1
47131816,BOLSITA CON LIQUIDO AROMATIZADOR PARA DOSIFICADOR DE BAÑO,1
47131821,DESENGRASANTE LIQUIDO BIODEGRADABLE X 55 gal,1
47131825,TARJETA DE LIMPIEZA PARA IMPRESORA DE TARJETAS DE PVC,1
47131828,CHAMPU PARA LIMPIEZA DE VEHICULOS,1
47131831,ACIDO MURIATICO X 4 L,1
47131909,PAPEL ABSORBENTE PLASTIFICADO USO LABORATORIO 50 cm X 50 m,1
48101502,HORNO ELECTRICO PASTELERO,1
48101510,BUFETERA DE ACERO INOXIDABLE DE CINCO BANDEJAS PARA ALIMENTOS,1
48101543,OLLA DE ACERO INOXIDABLE DE 20 L,1
48101607,LICUADORA INDUSTRIAL DE 16 l APROX.,1
48101612,PROCESADOR DE ALIMENTOS,1
48101701,GRIFO DISPENSADOR DE ACERO INOXIDABLE PARA CERVEZA CON BOQUILLAS INTERCAMBIABLES,1
48101805,TINA QUESERA,1
48101808,SARTEN INDUSTRIAL VOLCABLE A GAS PARA ALIMENTOS,1
48101810,PEROL INDUSTRIAL DE ACERO QUIRURGICO DE 29 l APROX.,1
48101903,VASO DE PLASTICO 250 mL APROX.,1
48101905,TAZA DE CERAMICA 10 oz PROMOCIONAL,1
48102001,Sillas para restaurantes,1
49101601,ADORNO DE PIEDRA DE HIROSHIMA - BIEN CULTURAL,1
49101702,TROFEO DE 25 cm,1
49101705,CERTIFICADO DE PARTICIPACION EN EVENTOS PROMOCIONALES,1
49121506,Kit de herramientas para reparar carpas,1
49121508,MOSQUITERO PARA CABEZA DE TUL,1
49121603,CAMA PLEGABLE DE METAL Y LONA PARA CAMPAÑA,1
49141505,"ADQUISICIÓN DE KIT DE EQUIPO DE BUCEO PARA EL COMPONENTE N° 02: EQUIPAMIENTO DEL P.I.P ¿MEJORAMIENTO, AMPLIACIÓN DEL SERVICIO ACADÉMICO DE LA E.A.P. DE INGENIERÍA PESQUERA DE LA FACULTAD DE CIENCIAS AGROPECUARIAS DE LA UNJBG DE TACNA¿.",1
49161515,PELOTA DE CUERO PARA BALONMANO Nº 2,1
49161525,GUANTES DE CUERO PARA ARQUERO DE FUTBOL TALLA M,1
49161603,PELOTA DE BASQUETBOL Nº 5,1
49161705,VARILLA DE 100 lb/45 kg PARA SALTO ALTO,1
49161706,VALLA DE ENTRENAMIENTO CURVADO A 90 GRADOS AJUSTABLE DE 0.52 m A 1.067 m APROX. PARA ATLETISMO,1
49161799,MEDIDOR DE DISTANCIA ELECTRONICO PARA ATLETISMO,1
49181510,MESA DE FULBITO,1
49181607,BLANCO PARA PISTOLAS TIPO INTERNACIONAL,1
49201513,CAMA ELASTICA PARA SALTAR,1
49201515,PLATAFORMA DE PLASTICO 10 cm X 30 cm X 80 cm APROX. PARA AEROBICO (STEP),1
49201603,ESCALERA PARA ENTRENAMIENTO PSICOMOTRIZ DE 10 PELDAÑOS X 6 m,1
49201604,RACK METALICO PARA MANCUERNAS DE 64 PIEZAS,1
49201609,(CINTA DE CORRER  MOTORIZADA - TROTADORA),1
49201699,MAQUINA DE GIMNASIO CURL DE BICEPS,1
49211801,SISTEMA DE APERTURA AUTOMATICA DIGITAL PARA SALTO EN PARACAIDAS,1
49211803,"JUEGO DE IMPLEMENTOS PARA EDUCACION FISICA X5 PIEZAS (PELOTA, CUERDA, CONO, ARO, ALMOHADILLA)",1
49211805,CINTA SIN IMPRESION CON DOBLE MOSQUETON PARA FOTOCHECK,1
49211810,PISTOLA RADAR,1
49211817,ERGOESPIROMETRO,1
49221504,CABECERA DE CUERO PARA BOX,1
49221508,ARO DE METAL PARA BASQUETBOL,1
49221525,CINTA ADHESIVA MARCADORA PARA PISTA DE ATLETISMO,1
49221533,ESPUMA DE MICROPOROSO ERGONOMICO (PULL BOUY) PARA NATACION,1
49241502,JUEGO RECREATIVO CABAÑA DE PLASTICO PARA NIÑOS,1
49241511,PERGOLA DE METAL PARA PARQUES,1
49241699,MODULO INFANTIL DE 02 COLUMNAS,1
49241701,TRAMPOLIN FLEXIBLE DE MADERA DE 5 RESORTES,1
49241705,LIMPIAFONDO AUTOMATICO DE PISCINA,1
50111534,PATO EVISCERADO,1
50112008,HAMBURGUESA DE CARNE DE CERDO,1
50121802,Plantas acuáticas frescas,1
50131613,HUEVOS DE PATO,1
50161813,CHOCOLATES Y BOMBONES,1
50171552,Mezcla de condimentos o aderezos,1
50171831,PASTA DE TOMATE,1
50171901,PEPINILLO ENCURTIDO,1
50181903,GALLETA DE AGUA,1
50181909,GALLETAS DE KIWICHA,1
50192110,GRANOLA,1
50192501,EMPANADA DE POLLO,1
50192503,SALCHICHA SECA TIPO CABANOSSI,1
50193001,ALIMENTACION COMPLEMENTARIA PARA NIÑO MENOR DE 1 AÑO - COMIDA,1
50193101,BOCADITOS DULCES,1
50193102,FLAN INSTANTANEO,1
50193103,MOSTAZA X 400 g,1
50202205,VINO ESPUMOSO BLANCO,1
50202304,NECTAR DE FRUTAS,1
50202409,JUGO DE NARANJA,1
50301501,MANZANA,1
50301537,MANZANA VERDE (AL PESO),1
50301707,PLATANO GROS MICHEL AAA (BANANO) CATEGORIA I,1
50303301,TORONJA,1
50303472,UVA RED GLOBE,1
50303701,GUAYABA (AL PESO),1
50303901,KIWI (AL PESO),1
50304301,NISPERO,1
50304440,TANGELO CATEGORIA EXTRA,1
50304504,MANGO EDWARDS CATEGORIA I,1
50304511,MANGO PAPAYA (AL PESO),1
50304605,MELON CALIDAD EXTRA,1
50304610,SANDIA CATEGORIA PRIMERA,1
50304637,PEPINO DULCE (AL PESO),1
50305102,PAPAYA,1
50305201,TUMBO (AL PESO),1
50305433,PERA CHILENA (AL PESO),1
50305459,PERA CATEGORIA PRIMERA,1
50305802,CIRUELA CHILENA (AL PESO),1
50305902,GRANADA,1
50306101,MEMBRILLO (AL PESO),1
50306201,FRAMBUESA,1
50307201,ACEITUNA NEGRA A GRANEL,1
50327201,ACEITUNA NEGRA ENTERA DESHIDRATADA,1
50401501,ALCACHOFA PELADA,1
50401504,ALCACHOFA CATEGORIA I,1
50403401,PEPINO CALIDAD PRIMERA,1
50403801,AJO PELADO A GRANEL,1
50403802,AJO CHINO,1
50404101,ALBAHACA (AL PESO),1
50404102,LAUREL,1
50404401,PORO,1
50405631,PIMIENTO MORRON,1
50406601,NABO,1
50406707,CALABAZA,1
50407012,BETERRAGA,1
50407205,MASHUA,1
50414501,LECHUGA ORGANICA,1
50424115,OREGANO SECO,1
50425501,AJI AMARILLO ENTERO SECO,1
50426801,Alfalfa seca,1
50501501,RETINOL PALMITATO 5000 UI TAB,1
50501509,CIANOCOBALAMINA + PIRIDOXINA + TIAMINA 1 mg + 250 mg + 250 mg TABLETA,1
51101596,CEFOPERAZONA + SULBACTAM  1 g + 500 mg INY,1
51101604,ANTIMONIATO DE MEGLUMINA 1.5 g INY 5 mL,1
51101668,MILTEFOSINA 50 mg TAB,1
51101826,ESTREPTOMICINA SULFATO 1 g INY,1
51101832,VORICONAZOLE 200  mg INY,1
51101835,CASPOFUNGINA 50 mg INY,1
51101902,MEFLOQUINA 250 mg TAB,1
51101903,PRIMAQUINA FOSFATO 15 mg TAB,1
51101999,ESTIBOGLUCONATO DE SODIO Equivalente 100 mg  ANTIMONIO PENTAVALENTE/mL INY,1
51102301,ACICLOVIR 400 mg TAB,1
51102302,AMANTADINA 100 mg TAB,1
51102322,ABACAVIR 300 mg TAB,1
51102342,VALGANCICLOVIR 450 mg TAB,1
51102403,SULFACETAMIDA SODICA 100 mg/mL (10 %) SOL OFT 15 mL,1
51102820,BACITRACINA + NEOMICINA + POLIMIXINA B 50 g + 500 mg + 500000 UI/100 g CRM 20 g,1
51102844,DEXAMETASONA + NEOMICINA + POLIMIXINA B 1 mg + 3.5 mg + 10000 UI/mL SOL OFT 5 mL.,1
51102847,ACETONIDO DE FLUOCINOLONA + NEOMICINA 25 mg + 1 mg/100 g CRM 40 g,1
51102857,HIDROCORTISONA + OXITETRACICLINA + POLIMIXINA B 1 g + 500 mg + 1000000 UI/100 g  UNG OFT 3.5 g,1
51111561,TIOGUANINA 40 mg TAB,1
51111626,BEXAROTENO 75 mg TAB,1
51111659,TOPOTECAN 4 mg/4 mL,1
51111720,INFLIXIMAB 100 mg INY 10 mL,1
51111747,IXABEPILONA 15 mg INY,1
51111784,ATEZOLIZUMAB 60 mg/mL INY 20 mL,1
51111804,FLUTAMIDA 250 mg TAB,1
51112004,GEFITINIB 250 mg TAB,1
51112519,MELFALAN (COMO CLORHIDRATO) 50 mg INY,1
51112601,CARMUSTINA CON SOLVENTE 100 mg INY,1
51113206,TIOTEPA 15 mg INY,1
51121511,AMIODARONA CLORHIDRATO 200 mg TAB,1
51121806,PRAVASTATINA SODICA 20 mg TAB,1
51121910,DESLANOSIDO 200 mcg/mL INY 2 mL,1
51122603,EZETIMIBA + SIMVASTATINA 10 mg + 20 mg TAB,1
51124404,DIGOXINA 250 mcg (0.25 mg) TAB,1
51141531,ACIDO VALPROICO 250 mg/5ml JBE 120 mL,1
51141533,DIVALPROATO SODICO 500 mg TAB,1
51141709,FLUFENAZINA DECANOATO O ENANTATO 25 mg/mL INY 1 mL,1
51141729,TIORIDAZINA CLORHIDRATO 100 mg TAB,1
51141919,ALPRAZOLAM 500 ug (0.5 mg) TAB,1
51142009,METAMIZOL SODICO 1 g INY 2 mL,1
51142145,ADALIMUMAB 40 mg INY 0.8 mL,1
51142232,REMIFENTANILO 2 mg INY,1
51142518,APOMORFINA CLORHIDRATO 2 mg TAB,1
51142608,CAFEINA 100 mg TAB,1
51143101,ACIDO ACETICO + SALICILICO ACIDO + TIMOL 850 mg + 200 mg + 300 mg/100 mL SOL 300 mL,1
51143201,DISULFIRAM 500 mg TAB,1
51143406,ERGOTAMINA TARTRATO + CAFEINA C/S ANALGESICO 1 mg + 100 mg TAB,1
51151504,"PILOCARPINA CLORHIDRATO(SOLUCION OFTALMICA), 20 mg/mL - SOLUCION - 10 mL",1
51151737,"DOPAMINA CLORHIDRATO, 40 mg/mL - INYECTABLE - 5 mL",1
51151824,DOXAZOSINA 4 mg TAB,1
51151912,TIOCOLCHICOSIDO 8 mg TAB,1
51152022,CICLOBENZAPRINA + CLONIXINATO DE LISINA 15 mg + 100 mg TAB,1
51161505,TEOFILINA 27 mg/5mL JBE 120 mL,1
51161824,AMBROXOL + CLENBUTEROL 7.5 mg + 5 ug/5 mL JBE 100 mL,1
51161831,CLOPERASTINA 10 mg/5 mL JBE 120 mL,1
51162101,ISONIAZIDA + PIRAZINAMIDA + RIFAMPICINA 150 mg + 500 mg + 300 mg TAB,1
51162103,ISONIAZIDA + RIFAMPICINA 400 mg + 300 mg TAB,1
51162106,ISONIAZIDA + PIRAZINAMIDA + RIFAMPICINA + ETAMBUTOL 75 mg + 400 mg + 150 mg + 275 mg TABLETA,1
51162728,NAFAZOLINA 300 mcg/mL SOL OFT 15 mL,1
51171522,CALCIO LACTATO 650 mg TAB,1
51171621,METOCLOPRAMIDA CLORHIDRATO 10 mg TAB,1
51171702,LOPERAMIDA 2 mg TAB,1
51171712,LACTOBACILLUS ACIDOPHILUS + MEDIO DE CULTIVO FERMENTADO 5000000000 UFC + 80 mg TAB,1
51171821,APREPITANT + APREPITANT 125 mg + 80 mg TAB,1
51171840,ESCOPOLAMINA N-BUTILBROMURO 20 mg TAB,1
51172310,FOLINATO CALCICO 30 mg/3 mL INY 3 mL,1
51172312,SODIO CALCIO EDETATO 200 mg/mL INY 5 mL,1
51172456,ALGINATO SODICO + SODIO BICARBONATO 250 mg + 133 mg/5 mL SUS 120 mL,1
51181575,VILDAGLIPTINA 50 mg TAB,1
51181604,TIROTROPINA ALFA 0.9 mg INY,1
51181607,IODURO DE POTASIO 60 mg TAB,1
51181722,FLUTICASONA 50 mcg/dosis AER PARA INHALACION 120 Dosis,1
51181731,TRIAMCINOLONA ACETONIDO 10 mg INY 5 mL,1
51181803,ESTROGENOS CONJUGADOS NATURALES 625 ug (0.625 mg) TAB,1
51181825,"DIETILESTILBESTROL, 1 MG - TABLETA",1
51181827,MEDROXIPROGESTERONA 5 mg TAB,1
51181901,GONADOTROFINA CORIONICA 10000 UI INY,1
51181911,CLOMIFENO CITRATO 50 mg TAB,1
51182102,VASOPRESINA 20 UI INY 1mL,1
51182106,TERLIPRESINA 1 mg INY,1
51182204,"ERGOMETRINA 0,2 mg/mL (200 mcg/mL) INY 1 mL",1
51182207,CARBETOCINA 100 ug/mL INY 1 mL,1
51182214,MISOPROSTOL 200 mcg TAB,1
51192204,HIDROCLOROTIAZIDA + TRIAMTERENO 25 mg + 50 mg TAB,1
51192423,RETINOL ACETATO 50000 UI TAB,1
51201502,CICLOSPORINA 25 mg TAB,1
51201504,TACROLIMUS 1 mg CAP,1
51201508,BASILIXIMAB 20 mg INY 6 mL,1
51201513,PEGINTERFERON ALFA 2A 180 ug/mL INY 1 mL,1
51201520,ABATACEPT 250 mg .,1
51201571,BLINATUMOMAB 35 mcg (38.5 mcg) INYECTABLE,1
51201607,INMUNOGLOBULINA ANTIHEPATITIS B 100 UI/mL INY 2 mL,1
51201610,VACUNA ANTIMENINGOCOCICA 100 mcg/0.5 mL INY 1 DOSIS,1
51201621,"Contratación del Suministro de Productos Farmacéuticos para los establecimientos de Salud de las Redes Asistenciales de EsSalud, por un período de doce (12) meses -  VACUNA ANTITETANICA Dosis Única AM",1
51201623,Vacuna contra la tifoidea,1
51201626,VACUNA CONTRA LA HEPATITIS A 500 UI/0.5 mL INY 1 DOSIS,1
51201631,"VACUNA CONTRA DIFTERIA, TETANOS Y TOS FERINA (DPT, TRIPLE)  INY 20 DOSIS",1
51201649,"VACUNA RECOMB. TETRAVALENTE CONTRA VIRUS PAPILOMA HUMANO TIPO 6, 11, 16 Y 18 (VPH) INY 0.5 mL",1
51201809,INTERFERON BETA 1A 132 Ág INY 1.5 mL,1
51201810,GASULFASA 5 mg/5 mL AMP,1
51202402,BASILIXIMAB 20 mg INY 6 mL,1
51202412,OMALIZUMAB 150 mg INY,1
51211501,ALOPURINOL 300 mg TAB,1
51211608,PENICILAMINA 250 mg TAB,1
51212303,FLUORESCEINA SODICA 100 mg/mL (10 %) INY 5 mL,1
51241002,OLEATO DE MONOETANOLAMINA 50 mg/mL (5 %) INY 2 mL,1
51241114,PILOCARPINA CLORHIDRATO 20 mg/mL SOL OFT 10 mL,1
51241220,"TRETINOINA 0,05% CRM 30 g",1
51241225,ACEITE DE GAULTHERIA + ALCANFOR + MENTOL 334 mg + 9 g + 1.35 g/100 g UNG 60 g,1
51241929,ALFA TOCOFEROL + ERGOCALCIFEROL + RETINOL 5 g + 250 mcg + 100 mg/100 g CRM 50 g,1
51263401,YOHIMBINA CLORHIDRATO 5.4 mg TAB,1
51271603,BUPIVACAINA 7.5 mg/5 mL INY 10 mL,1
51273006,MEPIVACAINA + EPINEFRINA 20 mg + 18 ug/mL INY 1.8 mL,1
51273802,GEL DE ARNICA (ARNICA MONTANA L),1
51273827,ACIDO SALICILICO + SALICILATO DE METILO + EUCALIPTO + MENTOL + ALCANFOR 3 g + 4 g + 14 g SPRAY 90 mL,1
51281507,ETIONAMIDA 250 mg TAB,1
51281607,GENTAMICINA SULFATO 280 mg/2mL INY 2 mL,1
51282523,CEFALEXINA 500 mg/5 mL SUS 90 mL,1
51282801,TINIDAZOL 500 mg TAB,1
51282808,METRONIDAZOL 250 mg TAB,1
51282916,ENROFLOXACINA 20 g/100 mL INY 100 mL,1
51283505,OXACILINA 500 mg INY,1
51283602,RIFAMICINA 1 g/100 mL  SOL 20 mL,1
51283701,CEFACLOR 250 mg/5 mL SUS 100 mL,1
51283901,SULFACETAMIDA 150 mg/mL SOL OFT 12 mL,1
51283904,SULFADIAZINA DE PLATA 1 g/100 g CRM 45 g,1
51283908,SULFADIAZINA 500 mg TAB,1
51284012,MINOCICLINA 100 mg TAB,1
51284014,OXITETRACICLINA 1 g/100 g UNG OFT  6 g,1
51284247,FOSFOMICINA 3 g GRANU 3 g,1
51284502,AZTREONAM 1 g INY,1
51291701,VENLAFAXINA 75 mg  TAB DE LIB PRO,1
51293402,BUPROPION 300 mg TAB,1
51302328,BUTOCONAZOL 100 mg OVU,1
51303402,FLUCONAZOL 2 mg/mL INY 100 mL,1
51312102,EPINASTINA 20 mg TAB,1
51312204,LORATADINA 5 mg/5 mL JBE 100 mL,1
51313704,KETOTIFENO  0.25 mg/mL SOL OFT 5 mL,1
51314328,CARBETAPENTANO + CLORFENAMINA 30 mg + 4 mg/5 mL SUS 100 mL,1
51322203,ROSUVASTATINA 10 mg TAB,1
51332830,TIORIDAZINA 100 mg TAB,1
51333502,DOMPERIDONA 10 mg/mL SUS 15 mL,1
51341503,FOSCARNET 24 mg/mL INY 250 mL,1
51342702,ENFUVIRTIDA 90 mcg/mL INY CON SOLVENTE,1
51342705,INTERFERON ALFA 2A 9'000 000 UI INY,1
51342706,INTERFERON ALFA 2b 3000 000 UI INY,1
51342712,PEGINTERFERON ALFA 2A 180 ug/mL INY 1 mL,1
51343116,ZIDOVUDINA 200 mg INY 20 mL,1
51351514,PROGESTERONA 200 mg TAB,1
51351605,ESTRADIOL 60 mg/100 g GEL 100 g,1
51352005,ETONOGESTREL 68 mg IMPLANTE,1
51352412,ETINILESTRADIOL + HIERRO + LEVONORGESTREL 30 mcg + 75 mg + 150 mcg TAB,1
51373427,CLORFENAMINA + CODEINA + PSEUDOEFEDRINA 2 mg + 10 mg + 30 mg/5 mL JBE 120 mL,1
51382901,GLUCOSAMINA 1.5 g PLV 1.5 g,1
51383302,ACECLOFENACO + PARACETAMOL  100 mg + 500 mg TAB,1
51384509,IBUPROFENO 5 mg/mL INY 2 mL,1
51385804,MELOXICAM 15 mg TAB,1
51385805,PIROXICAM 10 mg TAB,1
51386609,HIDROCORTISONA + LIDOCAINA 250 mg + 5 g/100 g CRM 10 g,1
51391734,FENILEFRINA 1 mg/100 mL SOL OFT 5 mL,1
51392203,CLONIDINA 150 mcg TAB,1
51401501,BROMAZEPAM 3 mg TAB,1
51413203,TRIMETAZIDINA 35 mg TAB,1
51421601,CLOBETASOL + NEOMICINA + NISTATINA 50 mg + 350 mg + 100 UI/100 g CRM 15 g,1
51422306,DEXAMETASONA 1 mg TAB,1
51431609,"VERAPAMILO CLORHIDRATO, 2.5 mg/mL - INYECTABLE - 2 mL",1
51432505,TRANDOLAPRIL 2 mg TAB,1
51432805,LISINOPRIL 10 mg TAB,1
51433802,CILAZAPRIL 2.5 mg TAB,1
51434302,DIAZOXIDO 50 mg/mL SUS ORAL 30 mL,1
51435001,AMLODIPINO 5 mg + ATORVASTATINA 10 mg,1
51441519,IOBITRIDOL equivalente 350 mg I/mL INY 50 mL,1
51441562,TECNECIO 99 m X mCi,1
51441577,BARIO SULFATO ADMINISTRACION RECTAL PLV 240 g,1
51441616,IODURO SODICO I - 131 129.5 a 5550 (3.5 a 150) MBq (mCi) SOL 5 mL,1
51441711,ACIDO METILENDIFOSFONICO (AMD) 20 mCi INY,1
51442001,FLUDARABINA FOSFATO 50 mg INY,1
51442405,ACEITE IODADO DE AMAPOLA 35.2 - 39 % IODO EN COMBINACION AMPOLLA,1
51442427,IOPROMIDA 300 mg/mL INY 100 mL,1
51442438,1-131 YODURO DE SODIO EN SOL 8 mCi,1
51442442,IOVERSOL 320 mg/mL INY 100 mL,1
51442717,PERTECNETATO DE SODIO (Tc 99m) 225 mCi INY,1
51451604,CLOSANTEL 10% SOL INY 20 mL,1
51452701,PRAZICUANTEL 150 mg TAB,1
51472901,TINTURA DE YODO TIN 250 mL,1
51473001,CLORURO DE BENZALCONIO 130 mg/100 mL SOL 1 L,1
51473401,ACIDO CITRICO + CLORURO DE CETILPIRIDINIO 100 mg + 100 mg/100 mL SOL 120 mL,1
52101501,ALFOMBRA DE PELO ALTO,1
52101502,ALFOMBRA DE FIGURAS 2 X 2 DE 04 PIEZAS,1
52101508,FELPUDO DE ALTO TRANSITO (POR LARGO).,1
52121506,FUNDA DE TOCUYO DE 95.00 cm x 2.05 m APROX. PARA COLCHON,1
52121513,JUEGO DE CUBRECAMA Y SABANAS DE 2 PLAZAS,1
52121601,SECADOR DE NIDO DE ABEJA DE 40 cm X 60 cm APROX.,1
52121603,FUNDA DESCARTABLE PARA MESA DE MAYO 1.50 m X 80 cm,1
52121606,INDIVIDUAL DE CORROSPUN DE 33 cm X 22 cm,1
52121703,PAÑO FACIAL DE ALGODON,1
52131601,PERSIANA HORIZONTAL DE ALUMINIO,1
52131604,PERSIANA VERTICAL DE PVC DE 90 mm DE 1.80 m X 1.70 m APROX. CON RIEL DE ALUMINIO,1
52131704,OJALILLO DE ALUMINIO PARA CORTINAS - ARGOLLA,1
52141511,EXTRACTOR DE JUGOS,1
52141523,TERMO HERVIDOR ELECTRICO DE 4 l PARA USO DOMESTICO,1
52141532,SARTEN ELECTRICA,1
52141538,CALENTADOR ELECTRICO DE 2 l PARA USO DOMESTICO,1
52141709,SECADORA DE MANOS,1
52141801,MAQUINA DOMESTICA DE COSER,1
52151602,TAZON DE PLASTICO TIPO ORNAMIN DE 10 fl oz,1
52151605,ABRELATAS DE ACERO INOXIDABLE,1
52151624,PIEDRA PARA AFILAR CUCHILLOS,1
52151630,MAQUINA RALLADORA DE QUESO,1
52151645,BROCHA DE SILICONA DE 23 cm PARA REPOSTERIA,1
52151654,PRENSADOR DE ACERO INOXIDABLE PARA PAPAS,1
52151658,LAMINADORA DE MASA PARA PANADERIA,1
52151666,CUCHARON DE ACERO INOXIDABLE DE 0.06 l APROX.,1
52151668,JUEGO DE UTENSILIOS DE COCINA DE ACERO X 5 PIEZAS,1
52151803,OLLA DE ALUMINIO Nº 26,1
52151806,"JUEGO DE OLLAS DE ALUMINIO N° 16,18,20,22,24,26",1
52151807,OLLA DE ALUMINIO DE 38 l APROX.,1
52151813,COBERTOR CIRCULAR DE TASLAN IMPERMEABLE DE 45 cm APROX. PARA RECIPIENTE DE AGUA,1
52152004,PLATO BASE DE LOZA 34 cm,1
52152006,GAMELA DE ACERO INOXIDABLE DE 5 DIVISIONES,1
52152013,ALCUZA DE VIDRIO X 4 PIEZAS,1
52152101,JUEGO DE TE ( TAZA Y PLATO ) DE LOZA,1
52152202,ESCURRIDOR DE PLASTICO PARA VAJILLAS CON TAPA,1
52161502,REPRODUCTOR DE VIDEO,1
52161521,RECEPTOR DE VIDEO INALAMBRICO,1
52161525,CONTROL REMOTO PARA TELEVISOR/VCR,1
52161529,CAPTURADOR DE VIDEO,1
52161535,GRABADORA DIGITAL DE VOZ,1
52161539,REPRODUCTOR DE DVD/CD/VCD/SVCD/MP3,1
52161546,RECEPTOR USB DE TELEVISION DIGITAL TERRESTRE,1
52161547,AMPLIFICADOR DE AUDIO - AMPLIFICADOR DE VOCES,1
52161556,DISTRIBUIDOR DE VIDEO,1
52161601,CASSETTE COMPARTMENT ASSY A8267589J,1
52161602,LIMPIADOR DE CABEZAL DE VIDEO,1
53101501,PANTALON CORTO DE POLIESTER SARGA DE 295 g/m2 APROX. CON ELASTICO EN LA CINTURA PARA NIÑO,1
53101801,CASACA DE POLIESTER POLAR DE 20 g/m2 APROX. ANTIPILLING SIN FORRO MANGA LARGA CON CAPUCHA PARA NIÑO,1
53101803,CASACA DE NAILON SARGA DE 220 g/m2 APROX. IMPERMEABLE CON FORRO MANGA LARGA PARA NIÑA,1
53101806,MANTA DE POLIESTER POLAR DE 210 g/m2 ACOLCHADO DE 100 X 120 cm CON PROTECTOR DE CABEZA PARA NIÑOS DE 0 A 24 MESES,1
53102105,"OVEROL DE POLIESTER POLAR DE 210 - 220 g/m2 APROX. ANTIPILLING CON CAPUCHA, CHALINA, MANOPLA Y BOTAS PARA BEBE",1
53102202,VESTIDO DE ALGODON TEJIDO EN TELAR TIPO CUSHMA SHIPIBO PARA CABALLERO,1
53102303,TRUSA DE ALGODON PARA DAMA,1
53102304,SOSTEN DE ALGODON,1
53102404,Mallas,1
53102511,PAÑOLETA DE POPELINA,1
53102602,BATA DE ALGODON TAFETAN 20/1 Ne 16/1 Ne DE 180 g/m2 MANGA LARGA PARA CABALLERO,1
53102604,BATA DE POLIESTER POLAR DE 250 g/m2 MANGA LARGA PARA DAMA,1
53102705,UNIFORME ESCOLAR SECUNDARIA PARA CABALLERO,1
53102712,UNIFORME DE INVIERNO PARA MEDICO - CABALLERO,1
53102801,ROPA DE BAÑO DE LATEX TIPO CALZONCILLO PARA CABALLERO,1
53102903,BUZO DE POLIESTER POLAR DE 210 g/m2 INCLUYE CASACA CON CAPUCHA FORRO CIERRE Y PANTALON CON ELASTICO EN LA PRETINA PARA NINOS DE 2 A 3 AÑOS,1
53103102,CHALECO DE 100% POLIESTER 1/1 Nm 140 g/m2 CON CIERRE FORRO DE MALLA SIN CAPUCHA Y CORDON DE AJUSTE AL COSTADO PARA DAMA,1
53111802,SANDALIA DE JEBE TIPO SAYONARA,1
53111902,ZAPATILLA DE CUERO PARA DAMA,1
53121501,PORTA TERNO DE POLIESTER 242 g/m2 DE 100 cm X 60 cm APROX.CON UNA CARA PLASTIFICADA,1
53121804,NECESER DE TELA TIPO OXFORD CON LOGOTIPO,1
53131606,TALCO DE TOCADOR X 140 g,1
53131607,CREMA HIDRATANTE CORPORAL,1
53131611,ESPUMA DE AFEITAR DE 414 g,1
53131612,GEL LIMPIADOR CORPORAL,1
53131614,TALCO ANTITRANSPIRANTE PARA PIES,1
53131615,TOALLA HIGIENICA AUTOADHESIVA CON ALAS PARA FLUJO ABUNDANTE,1
53131618,PIEDRA POMEZ,1
53131622,PRESERVATIVOS SIN NONOXINOL,1
53131626,GEL ANTIBACTERIAL PARA MANOS DE 1 L APROX.,1
53131628,CHAMPU PARA CABELLO DE 60 ml APROX.,1
53131633,SUJETADOR DE CABELLO DE TELA SINTETICA PARA DAMA,1
53131647,"JUEGO DE ASEO PERSONAL (PAPEL HIGIENICO, PAPEL TOALLA, SERVILLETA, PAÑAL) X 4 PIEZAS",1
53141504,HEBILLA DE ACERO INOXIDABLE PARA FLEJE DE 3/4 in,1
53141605,AGUJA CURVA DE TAPICERIA,1
53141611,LAPIZ MARCADOR DE TELA,1
53141621,GUIA DE HILO PARA MAQUINA DE COSER,1
54101601,PULSERA DE PLASTISCO,1
54101706,Materiales o accesorios de plástico fácilmente maleables a baja temperatura,1
55101501,ATLAS DE ANATOMIA EL CUERPO Y LA SALUD,1
55101506,SUSCRIPCION A REVISTA DE DISPOSITIVOS LEGALES,1
55101517,"CARTA NACIONAL DE ESCALA 1:100,000",1
55101523,CUADERNO DE TRABAJO TUTORIA Y ORIENTACION EDUCATIVA,1
55101525,LIBRO MASTER LIBROS ENCICLOPEDIA,1
55101526,DICCIONARIO DE USO DEL MEDIO AMBIENTE,1
55111503,SOFWARE DE INFORMACION JURIDICA,1
55111507,SERVICIO DE SUSCRIPCION ANUAL EN LINEA A DIARIO WALL STREET JOURNAL,1
55111508,CARTA DE NAVEGACION EN MEDIO MAGNETICO,1
55111512,DISCO COMPACTO DE MUSICA INFANTIL,1
55111513,CD CURSO VIRTUAL ORGANIZACION DE SERVICIOS Y CALIDAD EN SALUD,1
55121702,MARBETE DE IDENTIFICACION DE ACRILICO COLOR AZUL,1
55121703,LETRERO LUMINOSO DE METAL Y LONA DE 2 m X 80 cm,1
55121706,GIGANTOGRAFIA BANNER FLEX DE 1.50 m X 2.00 m APROX.,1
55121714,BANDERIN ESCRITORIO CON BASE ONIX,1
55121715,ESTANDARTE,1
55121720,ESCUDO INSTITUCIONAL DE BRONCE,1
55121725,TACHON REFLECTIVO DE CONCRETO RESINADO DE 11.5 X 19.5 cm PARA DELINEADO VIAL,1
55121729,FICHA OPTICA DE INCRIPCION DE POSTULANTE,1
55121806,SUJETADOR RETRACTIL TIPO YOYO PARA FOTOCHECK,1
55121807,CINTA SUJETADOR PARA CREDENCIAL,1
55121902,TOTEM DE MDF 18 mm X 50 cm X 1.80 m,1
56101501,RACK (OTROS),1
56101502,SOFA DE MADERA DE UN CUERPO TAPIZADO EN TELA,1
56101529,PORTA FOLLETOS DE ACRILICO,1
56101531,ZAPATERA DE PLASTICO CON BASE DE METAL DE 12 PARES,1
56101536,TRIPODE DE METAL DE PARA CAMARA HIPERESPECTRAL,1
56101601,SOMBRILLA DE METAL,1
56101610,SOPORTE DE FIERRO PARA MACETA,1
56101701,CREDENZA DE MELAMINA CON 3 PUERTAS SIN CAJONES,1
56101708,ARCHIVADOR MOVIL DE METAL CON 4 MODULOS,1
56101714,ESTANTE ARCHIVADOR DE MELAMINA,1
56101810,TINA DE PLASTICO PARA BEBE,1
56101901,TABLERO DE MELAMINA DE 18 mm X 40 cm X 50 cm PARA MOBILIARIO,1
56101903,RIEL DE PLASTICO DE 1 in PARA CLOSET,1
56101907,FUNDA DE LINO PLASTIFICADO PARA ESTANTE,1
56111501,MESA DE MELAMINA EN FORMA DE L DE 2 m X 1.57 m X 78 cm X 50 cm,1
56111506,ESCRITORIO DE MELAMINA SIN GAVETAS CON PORTA MONITOR,1
56111702,MODULO FIJO DE MELAMINA PARA PANTALLA,1
56111804,CARRITO ORGANIZADOR DE FIERRO DE 3 CAJONES DE PLASTICO DE 23 cm X 39 cm X 65 cm,1
56111904,PARANTE ORDENADOR DE FILAS,1
56112103,Silla para visitas,1
56112104,SILLON GIRATORIO RECLINABLE DE METAL CON BRAZOS Y ESPALDAR,1
56121501,Mesas de actividades,1
56121703,Unidades de compartimientos de estanterías,1
56121902,PANEL DE METAL,1
56122002,CAJONERA RODABLE DE METAL DE 0.50 cm X 0.79 cm X 0.90 cm APROX. CON CAJON Y PUERTA ABATIBLE PARA LABORATORIO,1
56141504,ADORNO DE CERAMICA,1
56149999,ARBOL DE ESTRUCTURA METALICA X 15 m CON ADORNOS Y ACCESORIOS NAVIDEÑOS,1
60101004,MODULO DE MATERIAL EDUCATIVO PARA EL AREA DE MATEMATICA NIVEL INICIAL,1
60101008,MODULO DE MATERIAL EDUCATIVO PARA EL AREA DE MATEMATICA NIVEL PRIMARIA,1
60101104,MODULO DE ENSEÑANZA DE FISICA - MODULO DE OSCILACIONES ARMONICAS,1
60101708,lista de telas,1
60101720,JUEGO DIDACTICO DE TARJETAS DE ESTIMULACION VISUAL DE CARTON X 12 PIEZAS,1
60101724,Carpetas o formularios para el profesor suplente,1
60101725,KIT DE MATERIALES DE FUERZA Y DINAMICA X 5 PIEZAS,1
60101730,Manuales de laboratorio,1
60101732,PUNTERO LASER,1
60101811,ESTOLA DE FIBRA DE VICUÑA 70 cm X 2 m,1
60102304,LIBRO PIZARRAS MAGICAS LETRAS,1
60102307,POESÍA REUNIDA DE BLANCA VARELA,1
60102406,BANDEJA DIDACTICA DE OPERACIONES MATEMATICAS,1
60102513,JUEGO DE DOMINO,1
60102603,JUEGO DIDACTICO DE DADOS NUMERICOS,1
60102605,LIBRO 105 ACTIVIDADES LOGICO-MATEMATICAS PARA NIÑOS,1
60102612,JUEGO DIDACTICO TABLERO DE MADERA CON FIGURAS GEOMETRICAS X 76 PIEZAS,1
60102701,JUEGO DIDACTICO DE PASADO DE ESPUMA EVA (ACETATO VINILO ETILENO) X 6 PIEZAS,1
60102704,CUBO DE DESTREZAS,1
60103301,JUEGO DIDACTICO RUEDA METRICA DE ALUMINIO CON CONTADOR DE DECIMETROS DE 5 DIGITOS,1
60103401,ARCHIVO DIGITAL DE IMAGEN SATELITAL PERU COMPLETO,1
60103924,KIT DE ACCESORIOS (OTROS) P/ENSEÑANZA EN LABORATORIO DE BIOLOGIA X 236 PIEZAS,1
60104003,LIBRO GENETICA HUMANA Y SOCIEDAD,1
60104101,MAQUETA DE OJO HUMANO,1
60104620,MODULO DIDACTICO DE ENERGIA MECANICA,1
60104812,FUENTE DE LUZ PARA DETENCION,1
60104901,GENERADOR DE VAN DE GRAAFF,1
60104912,Cables o cables de plomo eléctricos,1
60105308,KIT DE IMPLEMENTOS PARA SESIONES DEMOSTRATIVAS EDUCATIVAS A ESCUELAS SALUDABLES,1
60105603,KIT DE IMPLEMENTOS PARA SESIONES DEMOSTRATIVAS EDUCATIVAS SOBRE ALIMENTACION Y NUTRICION,1
60105904,BATERIA PARA EVALUACION DE DESARROLLO DEL NIÑO DE 0 A 30 MESES,1
60105910,VASO DIDACTICO DE PLASTICO,1
60106101,MODULO DIDACTICO DE AUTOMOTRIZ DIESEL,1
60106201,Materiales o material didáctico sobre agricultura,1
60106203,MODULO DE ENSEÑANZA DE TELEFONIA IP (VoIP),1
60106204,MODULO BASICO DE ENSEÑANZA DE NETWORKING X 27 PIEZAS,1
60106205,MODULO DE ENSEÑANZA EN GENERAL - NEUMATICA BASICA,1
60106207,BANCO OPTICO CON GUIA DE EXPERIENCIAS PARA EL DOCENTE PARA ESTUDIO DE LEYES DE LUZ - FISICA,1
60106212,SIMULADOR DE NAVEGACION,1
60106301,MODULO DE ENSEÑANZA DE CIENCIAS FISIOLOGICAS,1
60111002,TABLERO DE PLANTADOS,1
60111103,TABLERO DE MADERA CON ORIFICIOS Y PALOS PARA INSERTAR,1
60111409,FORNITURA DE CHAROL PARA FUSIL COLOR NEGRO,1
60121001,LIENZO DE ALGODON 40 cm X 50 cm,1
60121006,FOTOGRAFIA SATELITAL,1
60121012,Stickers decorativos,1
60121138,GIGANTOGRAFIA,1
60121151,MAQUETA DE PROYECTOS DE INFRAESTRUCTURA,1
60121228,PINCEL PLANO DE CERDA BLANCA Nº 10,1
60121247,CABALLETE DE MADERA 85 cm X 1.20 m,1
60121402,MARCO DE MADERA,1
60121404,MARCO DE PLATA,1
60121411,Paneles acrílicos para el marco de los cuadros,1
60121413,PORTA RETRATO,1
60121501,Plumones a base de agua,1
60121509,LAPIZ DE CERA CRAYON GRUESO JUEGO X 10,1
60121602,ESPEJO TRAZADOR DE CONTEO AUTOMATICO,1
60121804,TINTE PARA TEXTILERIA 250 g APROX. COLOR VERDE,1
60122006,TELAR DE MADERA,1
60122603,Herramientas de mosaicos,1
60123202,CINTA DE TELA SATINADA DE 4 cm,1
60123701,COLA DE RATA DE 10 m,1
60124101,Productos de pinturas multiculturales,1
60124201,Esculturas con Mylar,1
60124303,Mobiliario para horno,1
60124322,PLASTILINA SELLADORA,1
60124514,PIANO MUSICAL DE JUGUETE,1
60131003,ORGANO ELECTROMECANICO,1
60131105,SILBATO SIN BOLA,1
60131108,CORNO FRANCES,1
60131203,FLAUTA,1
60131306,BAJO BARITONO,1
60131402,CAMPANA DE METAL,1
60131403,PANDERETA DE PLASTICO PARA NIÑO,1
60131461,CAJON DE MADERA MUSICA DE CAOBA,1
60131507,BAQUETA DE MADERA,1
60131517,FUNDA DE LONA TETRON PARA TIMBAL GRAVE 65 cm X 95 cm X 1 m,1
60131601,GUITARRA DE JUGUETE,1
60141001,JUEGO DE PELOTAS DE JEBE CHICAS X 10,1
60141004,JUEGO DE TITERES DE TELA PARA EL DEDO X 15 PIEZAS,1
60141009,LENTE PARA VISION NOCTURNA,1
60141011,JUGUETE TREN DE PLASTICO,1
60141012,CASTILLO DE RECREACION,1
60141024,SONAJAS PLASTIFICADAS X 5 UND.,1
60141107,BINGO DE JUGUETE DE PLASTICO,1
60141108,TELEFONO DE JUGUETE DE PLASTICO,1
60141202,PISCINA DE PELOTAS ESQUINERA DE ESPUMA DE ALTA DENSIDAD Y LINO PLASTIFICADO CON 300 PELOTAS,1
60141203,CASA DE JUEGOS DESARMABLES DE VINIL CON ARMAZON,1
60141302,BLOQUES ESTRUCTURALES DE MADERA X 100 PIEZAS,1
60141303,ALFOMBRA EN MICROPOROSO DE 15 mm X 60 cm X 60 cm X 6,1
60141307,JUEGO DE ANIMALES DOMESTICOS DE JEBE X 15 PIEZAS,1
60141404,JUEGO DE TE DE JUGUETE DE PLASTICO X 22 PIEZAS,1
60141405,JUGUETE DE MUEBLES DE MADERA,1
70101601,SERVICIO DE BUSQUEDA Y CLASIFICACION DE INFORMACION DE PESCA ARTESANAL,1
70111501,CONSULTORIA EN RECUPERACION DE POBLACIONES DE ESPECIES MADERABLES,1
70121901,Mejoramiento de pastos,1
70122005,SERVICIO DE MEDICACION PREVENTIVA DE SALUD ANIMAL,1
70131502,Servicios de conservación o protección del suelo,1
70131704,SERVICIO DE LIMITES MAXIMOS PERMISIBLES DE EFLUENTES DE ACTIVIDADES AGROINDUSTRIALES,1
70141509,ELABORACION DE EXPEDIENTE TECNICO RELACIONADO CON LA CADENA PRODUCTIVA DE LA PALMA ACEITERA,1
70141601,SERVICIO DE FUMIGACION DE PARCELAS AGROFORESTALES,1
70141803,ELABORACION DE EXPEDIENTE TECNICO RELACIONADO CON MEJORAMIENTO DEL CULTIVO DE CAFE,1
70151502,Control de plagas forestales,1
70151506,CONSULTORIA P/ELABORACION DE PLAN DE NEGOCIOS PARA CONSERVACION DE BOSQUES,1
70151802,CONSULTORIA PARA CONTROL Y VIGILANCIA FORESTAL DE FAUNA SILVESTRE,1
70151901,SERVICIO DE RECUPERACION DE POBLACIONES DE ESPECIES MADERABLES,1
70161701,SERVICIO DE ELABORACION MAPA DE EXISTENCIA DE ESPECIES,1
70171708,CONSULTORIA EN PERFIL DE RIESGO POR INUNDACIONES EN CUENCA DE RIO,1
71101701,SERVICIO DE ALQUILER DE EQUIPO DE BOMBEO EN POZO DE AGUAS SUBTERRANEAS,1
71112022,INSTALACION DE UNIDAD DE PRESION HIDRAULICA,1
71112023,Otros Servicios de registro de producción,1
71112325,"SERVICIO DE INSTALACION, MANTENIMIENTO Y MONITOREO DE RED ACELEROGRAFICA",1
71121025,Otros servicios de cementación,1
71121612,Servicios de perforación del pozo para captación de agua,1
71123001,"REPARACION, RETIRO Y REEMPLAZO DE VALVULAS Y PLATOS CIEGOS",1
71123003,CONSULTORIA PARA ELABORACION DE PROPUESTA DE PROYECTO DE SUPERVISION DE MEDICION DE HIDROCARBUROS,1
71123004,Servicios de construcción y gestión del pozo,1
71131410,SERVICIO DE TRASIEGO DE EFLUENTES TOXICOS DE SEPARADOR DE CRUDO,1
71151007,Servicios del programa de capacitación de simulación en computadora,1
71161405,SERVICIO DE MANTENIMIENTO DE GEOMEMBRANAS,1
72101506,SERVICIO DE INSTALACION DE CASETA PARA SALA DE MAQUINA DE ASCENSORES,1
72101508,Servicios de limpieza de pisos,1
72101519,SERVICIO DE INSTALACION DE SISTEMA DE ALMACENAMIENTO Y DISTRIBUCION DE GAS PARA COCINAS INDUSTRIALES,1
72103103,Servicio de transportador sobre tierra,1
72111004,SERVICIO DE MANTENIMIENTO Y REPARACION DE PERGOLA,1
72111006,Servicios de construcción de viviendas unifamiliares nuevas,1
72111111,Servicios de contratista de construcciones residenciales generales,1
72121517,SERVICIO DE INSTALACION DE TANQUES CONTENEDORES DE GAS LICUADO DE PETROLEO,1
72141110,CONSTRUCCION DE REDES DE DISTRIBUCION DE GAS NATURAL PARA USO INDUSTRIAL,1
72141117,SERVICIO DE REUBICACION DE PUNTOS DE RED,1
72141130,SERVICIO DE INSTALACION DE SISTEMA DE AGUA E ILUMINACION PARA FUENTE ORNAMENTAL,1
72141131,AMBIENTE PARA TRATAMIENTO DE AGUA POTABLE,1
72141206,SERVICIO DE DRAGADO,1
72141211,SERVICIO DE MANTENIMIENTO DE DESEMBARCADERO,1
72141509,EXCAVACIONES DE ZANJAS,1
72151005,SERVICIO DE INSTALACION DE SISTEMA DE DOSIFICACION DE CALDEROS,1
72151204,SERVICIO DE ADORNOS FLORALES,1
72151303,SERVICIO DE PINTADO DE MAQUINARIA Y EQUIPO,1
72151505,SERVICIO DE INSTALACION DE ACUMULADOR DE ENERGIA - UPS,1
72151510,SERVICIO DE REVISION Y EVALUACION EXPEDIENTES PARA PROGRAMAS DE INCENTIVOS TEMAS AMBIENTALES,1
72152302,SERVICIO DE ENCHAPADO DE MADERA,1
72152503,SERVICIO DE INSTALACION DE ALFOMBRA EN EDIFICACIONES,1
72152506,Servicios de instalación de pisos resilientes,1
72152604,SERVICIO DE INSTALACION DE TAPAJUNTAS EN EDIFICACIONES,1
72152607,SERVICIO DE INSTALACION DE CANALETAS,1
72152701,SERVICIO DE HORMIGON O ESTUCO PARA EXTERIORES,1
72152702,SERVICIO DE LECHADA DE CEMENTO,1
72152704,SERVICIO DE CONSTRUCCION DE ACERAS O BORDILLOS,1
72152904,Servicios de instalación de sistemas de muros metálicos externos,1
72153105,Servicios de construcción de piscinas,1
72153902,SERVICIO DE INSTALACION Y TRASLADO DE CASA CONTENEDOR - CONTENEDOR VIVIENDA/MULTIPROPOSITO,1
72154031,Servicios de soldadura en sitio,1
72154042,SERVICIO DE CONFECCION E INSTALACION DE MASTIL DE METAL CON BASE DE CONCRETO,1
72154049,SERVICIO DE MANTENIMIENTO PREVENTIVO  DE PANEL SOLAR,1
72154064,SERVICIO DE ALQUILER DE LUMINARIAS,1
72154066,SERVICIO DE MANTENIMIENTO PREVENTIVO DE RELOJES ANTIGUOS,1
72154107,SERVICIO DE ALQUILER DE BOMBA HIDRAULICA,1
72154603,SERVICIO DE INSTALACION DE MODULOS DE CRIANZA DE CONEJOS,1
73101505,SERVICIO DE PROTECCION ULTRA VIOLETA DE RESINA,1
73111503,SERVICIO DE ELABORACION DE PANELES DE MADERA,1
73111504,Servicios de fabricación de contenedores de madera,1
73111602,SERVICIO DE MANTENIMIENTO PREVENTIVO DE PARABALAS DEL POLIGONO DE TIRO,1
73121507,REPARACION DE TROFEOS,1
73121508,SERVICIO DE TRANSFORMACION DE MATERIALES DE LATON A FLEJES LAMINADOS,1
73131606,Servicios de camales,1
73141502,Servicios de fabricación de fibra de vidrio,1
73141601,SERVICIO DE CONFECCION DE CORREAS DE CUERO RESISTENTE PARA ARMAMENTO MILITAR,1
73141710,SERVICIO DE CONFECCION DE CALZADO DE CUERO,1
73151905,Servicios de impresión industrial digital,1
73161504,Servicios de fabricación de maquinarias o plantas industriales especiales,1
73161514,SERVICIO DE DESINSTALACION DE AUTOCLAVE,1
73171510,Servicios de fabricación de accesorios o suministros eléctricos,1
73171604,SERVICIO DE MANTENIMIENTO Y REPARACION DE RELOJES DE PARED,1
73181006,SERVICIO DE RECARGA DE MAQUINA FRANQUEADORA,1
73181024,SERVICIO DE MECANIZADO DE PUNTA DE OJIVA DE ACERO INOXIDABLE PARA COHETE SONDA,1
73181104,Servicios de pintura,1
73181901,SERVICIO DE INSPECCION DE SOLDADURA CON RAYOS X,1
76121603,Eliminación de lodos,1
76131701,Servicios de eliminación o control de residuos oleosos,1
76131702,Servicios de tratamiento de derrames de aceites,1
77101706,SERVICIO DE DERECHO AMBIENTAL,1
77121707,SERVICIO DE CONSULTORIA  PARA ELABORACION DE ESTANDAR DE CALIDAD AMBIENTAL EN  AGUA SUBTERRANEA,1
78101810,SERVICIO DE TRANSPORTE TERRESTRE DE CABALLOS,1
78121599,SERVICIO DE EMBALAJE PARA DISTRIBUCION A NIVEL NACIONAL,1
78131602,"SERVICIO DE ORDENAMIENTO, RECLASIFICACION, TRASLADO Y ALMACENAMIENTO DE DOCUMENTOS",1
78141701,SERVICIO DE OPERACION Y MANTENIMIENTO DE REMOLCADORES,1
78141802,"SERVICIO DE DIQUEO, MANTENIMIENTO Y REPARACIÓN DEL BIC LUIS FLORES PORTUGAL",1
78141803,SERVICIO DE OPERACION DE EMBARCACIONES FLUVIALES,1
78141902,ALQUILER DE DEPOSITO PARA RESGUARDO DE BIENES MUEBLES Y ENSERES,1
78181816,SERVICIO DE CERTIFICACION DE FUNCIONAMIENTO DE SISTEMAS DE VUELO DE AERONAVE,1
80101512,"CONSULTORIA DE ELABORACION DE ESTUDIO ACTUARIAL PARA SEGURO SUBSIDIADO, SEMISUBSIDIADO Y SEMICONTRIBUTIVO",1
80101602,"SERVICIO DE INVESTIGACION, RECOPILACION Y SISTEMATIZACION DE INFORMACION DEL DESARROLLO HISTORICO DE PROYECTO",1
80101605,SERVICIO DE CONSULTORIA EN DISEÑO VIAL,1
80101607,CONSULTORIA PARA IDENTIFICACION Y ANALISIS DE RIESGOS DE SUPERVISION DE PROYECTOS DEL SECTOR ENERGIA,1
80101708,SERVICIO DE ANALISIS QUIMICO,1
80111510,CONSULTORIA DE ELABORACION DE PERFIL DE DOCENTE DE EDUCACION TECNICA,1
80111607,SERVICIO DE REGISTROS Y TRAMITES NOTARIALES VARIOS,1
80111610,Especialistas temporales de redes informáticas,1
80111612,SERVICIO DE APOYO DE CHOFER,1
80111614,Servicios de ingeniería temporales,1
80111623,CONTRATACION DE EXPERTO INDEPENDIENTE PARA INTEGRAR COMITES,1
80111702,SERVICIO DE VERIFICACION DE INFORMACION CON VISITAS DOMICILIARIAS,1
80121705,CONSULTORIA LEGAL DE ELABORACION DE ANALISIS DE PLAN DE SEGURO FAMILIAR,1
80121706,SERVICIO DE ASISTENCIA LEGAL EN RECURSOS HUMANOS,1
80122101,Servicio de consultoría sobre derecho administrativo,1
80141511,SERVICIO DE TOMA Y PROCESAMIENTO DE ENCUESTAS,1
80141512,SERVICIO DE NEGOCIACION ELECTRONICA E INFORMACION DE MERCADO FINANCIERO LOCAL,1
80141603,SERVICIO DE TELEMARKETING,1
80141803,SERVICIO DE ROTULADO DE DIPLOMAS,1
80151605,SERVICIO DE ASESORIA EN TEMAS RELACIONADOS CON LA GESTION ADUANERA,1
81101502,SERVICIO ESPECIALIZADO EN DIBUJO TECNICO,1
81101525,SERVICIO DE SUPERVISION DE DRAGADO,1
81101699,CONTRATACION DE INGENIERO MECANICO,1
81101707,SERVICIO DE MANTENIMIENTO PREVENTIVO DE EQUIPO MULTIFUNCIONAL,1
81111507,SERVICIO DE ASISTENCIA EN PROGRAMACION DE BASE DE DATOS,1
81111514,SERVICIO DE RESPALDO Y RESTAURACION DE OFFICE 365 EN NUBE,1
81111705,SERVICIO DE ARQUITECTURA DE PROCESOS,1
81111810,SERVICIO DE MANTENIMIENTO DE SISTEMA DE PLANIFICACION DE RECURSO EMPRESARIAL(ERP),1
81111818,SERVICIO DE EXTENSION DE GARANTIA DE EQUIPOS DE COMPUTO,1
81112003,Servicios del centro de datos,1
81112005,SERVICIO DE ESCANEO,1
81112009,SERVICIO DE ISS ESG,1
81112201,SERVICIO DE REVISIÓN  Y ANALISIS DE NORMA DE TARIFAS DE CONSECIONES ELECTRICAS,1
81112206,Mantenimiento del software de búsqueda o recuperación de información,1
81112212,SERVICIO DE MANTENIMIENTO DE PLATAFORMA VIRTUAL,1
81112222,SERVICIO DE INSTALACION DE PROGRAMA SOFTWARE,1
81112502,SERVICIO DE ALQUILER DE SIST. MOVIL DETECCION DE RAYOS X - VEHICULO DE INSPECCION NO INTRUSIVA,1
81121503,"SERVICIO DE CONSULTORIA EN ELABORACION DE ESTUDIOS MACROECONOMICOS, DESARROLLO DE MODELOS ECONOMETRICOS Y PAUTAS PARA LA PREDICCION DE VARIABLES",1
81131501,SERVICIO DE MONITOREO DE ESTADISTICAS DE USO DE RECURSOS,1
81141505,SERVICIO DE APOYO AL SEGUIMIENTO DE PROPUESTAS PRODUCTIVAS,1
81141506,SERVICIO DE ANALISIS DE CALIDAD DE GAS LICUADO DE PETROLEO,1
81141510,SERVICIO DE MONITOREO REMOTO DE PARAMETROS DE CALIDAD,1
82111604,SERVICIO DE TRANSCRIPCION,1
82111704,SERVICIO DE REDACCION Y EDICION DE TEXTOS,1
82121502,SERVICIO DE CAMBIO DE ALMOHADILLA Y MEMBRANA DE SELLOS AUTOENTINTABLES,1
82121905,SERVICIO DE CONSERVACION Y RESTAURACION DE LIBROS,1
82151507,SERVICIOS DE HILADO Y TEJIDO,1
82151509,SERVICIO DE MANTENIMIENTO CORRECTIVO DE BASES DE ESCULTURAS,1
82151602,SERVICIO DE OPERATIVIDAD DE EQUIPOS DE ARNES PARA ACTOS ACROBATICOS,1
82151701,SERVICIO DE JEFE DE ESCENA TEATRAL,1
82151703,SERVICIOS DE BAILARINES,1
83101502,SERVICIO DE REAPERTURA DE CONEXION DE ALCANTARILLADO,1
83101605,SERVICIO DE REGULACION DE TARIFA DE DISTRIBUCION DE GAS NATURAL,1
83101802,SERVICIO DE INSTALACION DE ACOMETIDAS DOMICILIARIAS DE REDES DE ELECTRICAS,1
83101803,Suministro de energía eléctrica trifásica,1
83111504,SERVICIO DE TELEFONIA MOVIL CON TARJETA,1
83111602,SERVICIO DE SEÑAL SATELITAL DE CORRECCION DIFERENCIAL PARA GPS DIFERENCIAL,1
83112203,Servicios de redes administradas por redes virtuales privadas (VPN),1
83112606,Servicio de radio direccional para acceso del cliente,1
84111701,SERVICIO DE APOYO TECNICO EN TESORERIA,1
84111702,SERVICIO ESPECIALIZADO EN EVALUACION DE PROGRAMAS DE INVERSION PUBLICA,1
84111802,Servicios de asesoramiento fiscal,1
84131608,SERVICIO ESPECIALIZADO DE PROCURACION POLICIAL Y AUDITORIA MEDICA,1
85101701,SERVICIO DE ACREDITACION DE SERVICIOS MEDICOS PARA RESIDENTADO MEDICO,1
85101702,SERVICIO DE CONSULTORIA EN CAPACITACION DE CALIDAD EN SALUD,1
85101706,SERVICIO DE ASESORIA Y CONSULTORIA EN DIAGNOSTICO FISICO SITUACIONAL DE LOS ESTABLECIMIENTOS DE SALUD,1
85111508,SERVICIO VIGILANCIA PREVENCION CONTROL DE INFECCIONES INTRAHOSPITALARIAS LIMA  CALLAO,1
85111510,SERVICIO DE ADMINISTRACION DE VACUNA,1
85121604,SERVICIO DE ATENCIONES MEDICAS ESPECIALIZADAS EN NEUMOLOGIA,1
85121605,SERVICIO DE ATENCIONES MEDICAS ESPECIALIZADAS EN GASTROENTEROLOGIA,1
85121607,SERVICIO DE ATENCIONES MEDICAS ESPECIALIZADAS  EN PSIQUIATRIA,1
85121610,SERVICIO DE CONSULTAS OFTALMOLOGIA INTEGRAL,1
85121615,SERVICIO ESPECIALIZADO DE MEDICO ONCOLOGO,1
85121807,SERVICIO DE ATENCIONES ESPECIALIZADAS EN ECOCARDIOGRAFIA DOPLER,1
85122102,SERVICIO DE TERAPIA OCUPACIONAL,1
85122108,SERVICIO DE TERAPIA DE LENGUAJE,1
85151503,SERVICIO DE DISPOSICION FINAL Y DESTRUCCION DE ALIMENTOS NO APTOS CONSUMO HUMANO,1
85151509,SERVICIO DISPOSICION FINAL DE CONSERVAS DE PESCADO NO APTOS PARA CONSUMO HUMANO,1
85171501,SERVICIO DE ALQUILER DE ATAUDES,1
86101505,CAPACITACION EN INNOVACION DE NUEVAS TECNICAS DE SEMBRIO,1
86101507,CURSO EN TEMAS DE VIRUS PARA PECES,1
86101605,CURSO INTERNACIONAL DE BUENAS PRACTICAS CLINICAS,1
86101703,CURSO EN TEMAS DE GESTION DE ARCHIVOS,1
86101714,CURSO DE ECONOMIA Y DERECHO DE CONSUMO,1
86101716,SERVICIO DE ANALISIS CARTOGRAFICO,1
86101717,SERVICIO DE CAPACITACION EN MARKETING Y VENTAS,1
86111502,Servicios de enseñanza a distancia,1
86111701,SERVICIO DE LA CERTIFICACION DE LA CALIDAD EDUCATIVA EN EL IDIOMA INGLES,1
86131501,TALLER DE TEATRO,1
86131502,TALLER DE PINTURA Y DIBUJO,1
86131503,SERVICIO DE DISEÑO DE ESCULTURAS EN PAISAJES,1
90111602,SERVICIO DE PRESENTACION MULTIMEDIA,1
90111603,Salas de reuniones o banquetes,1
90111604,SERVICIO DE CONFECCION DE TOLDOS,1
90131501,SERVICIO ARTISTICO CULTURAL,1
90141502,SERVICIO DE ARBITRAJE DE DEPORTES,1
91101903,SERVICIO DE VESTUARIO,1
91111502,Servicios de lavandería,1
92101503,SERVICIO DE ELABORACION DE PLANES DE EVACUACION,1
92111612,SERVICIO DE DIAGNOSTICO DE RESTOS DE MATERIALES DE TIPO EXPLOSIVOS,1
92111901,SERVICIO EN COORDINACION Y SUPERVISION DE SEGURIDAD OPERACIONAL,1
92121501,Servicios de autos blindados,1
92121601,SERVICIO DE BARRIDO ELECTRONICO PARA DETECTAR DISPOSITIVOS ELECTRONICOS EN UN AREA,1
92121701,Vigilancia o mantenimiento o control de alarmas,1
93101504,SERVICIO DE FORMULACION DE POLITICAS NACIONALES,1
93101703,SERVICIO DE ELABORACION DE NORMA DE OPCIONES TARIFARIAS,1
93131702,SERVICIO ESPECIALIZADO EN ELABORACION DE PROPUESTA DE GESTION DE PROGRAMA DE AGUAS RESIDUALES,1
93141502,CONSULTORIA EN SEGURIDAD VIAL Y SEGURIDAD CIUDADANA,1
93141513,SERVICIO DE ELABORACION DE INDICE TERRITORIAL DE SERVICIOS DEL ESTADO,1
93141610,CONSULTORIA PARA ELABORACION DE ESTUDIO DE DINAMICA DE POBLACION,1
93141707,CONSULTORIA PARA ELABORACION DE EXPEDIENTE DE POSTULACION PARA PATRIMONIO CULTURAL,1
93141801,CONSULTORIA PARA  DISEÑO CONCEPTUAL DEL SERVICIO NACIONAL DEL EMPLEO,1
93141909,SERVICIO DE EJECUCION DE GASTO PARA ACTIVIDADES AGRICOLAS,1
93142101,CONSULTORIA EN ELABORACION DE ESCENARIOS PROSPECTIVOS EN EL MARCO DE LA ACTUALIZACION DEL PLAN DE DESARROLLO REGIONAL,1
93142102,SERVICIO ESPECIALIZADO EN COOPERACION INTERNACIONAL,1
93151512,SERVICIO SOBRE OFICINAS PUBLICAS Y ENTIDADES PRIVADAS QUE GENEREN CONOCIMIENTO PARA POLITICAS PUBLICAS Y PROSPECTIVA,1
93151513,Servicios de empresas públicas multinacionales,1
93151518,SERVICIO DE ACCESO PARA VISUALIZACION Y FOTOCOPIADO DE FICHAS INMUEBLES DE SUNARP,1
93151601,CONSULTORIA PARA ELABORACION DE ESTRATEGIA PRESUPUESTAL,1
93171702,SERVICIO DE IMPORTACION DEFINITIVA Y/O NACIONALIZACION DE BIENES,1
94111901,SERVICIO DE CEREMONIAS RELIGIOSAS,1
95101903,VIVERO,1
95111601,PLAZUELA,1
95111608,CONSTRUCCION DE CICLOVIA,1
95111611,Carretera principal,1
95111614,Carretera única,1
95121517,CEMENTERIO,1
95121613,HANGAR FLOTANTE DE METAL,1
95121627,SERVICIO DE CONFECCION E INSTALACION DE ESTRUCTURA DE METAL PARA PUENTE PASARELA,1
95122302,LOSA DEPORTIVA,1
95122304,COMPLEJO DEPORTIVO,1
95122306,CONSTRUCCION DE GIMNASIO CON ESTRUCTURA METALICA Y COBERTURA DE LONA VINILICA,1
95122501,SERVICIO DE ACONDICIONAMIENTO DE AMBIENTES PARA CRIANZA DE ANIMALES,1
